Year,Embryonic Structures[majr],Digestive System[majr],Bacterial Structures[majr],Information Science[majr],Human Activities[majr],Support of Research[majr],Stomatognathic System[majr],Biological Factors[majr],Heterocyclic Compounds[majr],Cardiovascular Diseases[majr],Disorders of Environmental Origin[majr],Parasitic Diseases[majr],Archaea[majr],Pathological Conditions, Signs and Symptoms[majr],Environment and Public Health[majr],Hemic and Immune Systems[majr],Viruses[majr],Immune System Phenomena[majr],Sense Organs[majr],Male Urogenital Diseases[majr],Otorhinolaryngologic Diseases[majr],Respiratory Tract Diseases[majr],Ocular Physiological Phenomena[majr],Health Care Economics and Organizations[majr],Animal Diseases[majr],Complex Mixtures[majr],Animal Structures[majr],Neoplasms[majr],Respiratory System[majr],Biological Phenomena[majr],Investigative Techniques[majr],Digestive System and Oral Physiological Phenomena[majr],Body Regions[majr],Immune System Diseases[majr],Physiological Phenomena[majr],Bacteria[majr],Circulatory and Respiratory Physiological Phenomena[majr],Female Urogenital Diseases and Pregnancy Complications[majr],Nucleic Acids, Nucleotides, and Nucleosides[majr],Hemic and Lymphatic Diseases[majr],Hormones, Hormone Substitutes, and Hormone Antagonists[majr],Inorganic Chemicals[majr],Carbohydrates[majr],Organism Forms[majr],Fluids and Secretions[majr],Amino Acids, Peptides, and Proteins[majr],Integumentary System Physiological Phenomena[majr],Macromolecular Substances[majr],Microbiological Phenomena[majr],Stomatognathic Diseases[majr],Behavior and Behavior Mechanisms[majr],Integumentary System[majr],Education[majr],Food and Beverages[majr],Urogenital System[majr],Diagnosis[majr],Musculoskeletal and Neural Physiological Phenomena[majr],Enzymes and Coenzymes[majr]
1945,443.6211183152148,3982.8401501486865,4.874957344123239,823.8677911568274,589.8698386389119,4.874957344123239,1579.4861794959293,2296.1049090820457,4445.961097840393,2846.9750889679713,0,2900.599619753327,14.624872032369717,11685.272753863404,5445.327353385658,2486.2282455028517,550.8701798859261,935.9918100716619,1730.6098571637497,1842.7338760785842,1018.866084921757,3812.216643104373,277.8725686150246,1101.7403597718521,443.6211183152148,2130.3563593818553,263.2476965826549,4348.461950957929,2003.607468434651,2003.607468434651,5503.826841515137,277.8725686150246,3934.0905767074537,1964.6078096816652,4519.085458002242,2242.48037829669,1715.9849851313802,3095.597913518257,141.3737629795739,1959.732852337542,1091.9904450836054,4153.463657193,1559.9863501194363,224.248037829669,2754.35089942963,2588.60234972944,92.62418953834154,516.7454784770633,112.1240189148345,1072.4906157071127,2193.730804855458,779.9931750597182,692.2439428654999,2125.481402037732,3046.8483400770247,4850.582557402622,1613.610880904792,1135.8650611807145
1946,684.1949121115479,4867.240228435809,1.8541867536898318,1412.8903063116518,780.6126233034191,7.416747014759327,2516.1314247571017,2677.445672328117,6200.400504338797,3923.459170807684,0,2480.901876436995,0,14855.744270562931,6825.26144033227,2716.383594155603,812.1337981161462,1014.240154268338,2193.502929615071,2161.981754802344,1195.9504561299414,3940.1468515908923,467.25506192983755,2017.3551880145367,598.9023214418156,2250.9827189794555,343.02454943261887,6102.128606393236,2174.9610620781723,2590.298894904695,6610.17577690425,443.1506341318697,5404.95438700586,2495.7353704665134,6482.2368908996505,2671.8831120670475,2226.878291181488,3671.289772305867,187.272862122673,2269.5245865163542,1359.1188904546466,5297.411555291849,2149.002447526515,344.8787361863087,2970.40717941111,3291.1814877994516,109.39701846770005,591.4855744270562,94.56352443818142,1655.7887710450195,3207.743083883409,865.9052139731514,1364.681450715716,2773.863383519988,3656.4562782763483,5835.1257138619,2469.7767559148556,1290.5139805681229
1947,694.8501152959262,4928.516525749424,0,1165.2574942352037,699.4619523443505,4.611837048424289,2332.0522674865488,2395.0807071483473,5913.91237509608,4061.4911606456567,0,1904.6887009992315,3.0745580322828596,13918.524212144504,5626.4411990776325,2648.7317448116833,700.999231360492,822.4442736356649,1913.9123750960798,2215.2190622598005,1246.7332820906995,4039.9692544196773,392.0061491160646,1515.7571099154497,737.8939277478862,2422.751729438893,310.5303612605688,6933.128362797848,2207.532667179093,2282.859338970023,6115.295926210607,425.826287471176,4853.189853958494,2295.1575710991547,6010.76095311299,2654.8808608762492,2113.7586471944655,3764.796310530361,182.93620292083014,2324.365872405842,1431.206764027671,5766.3335895465025,2490.392006149116,327.4404304381245,2856.2644119907764,3529.5926210607226,78.40122982321292,711.760184473482,99.92313604919292,1541.890853189854,2756.3412759415833,744.043043812452,1057.6479631053037,2536.510376633359,3595.695618754804,5566.487317448117,2116.8332052267488,1432.7440430438126
1948,583.6878330059217,5141.540766284608,0,1018.9804542306767,586.51440846842,0,2151.0239269612903,2361.603798917422,5549.980920615629,4426.41717427251,0,1653.54664556157,0,13738.570035473522,5159.913506790847,2464.7738032986135,715.1235920120978,730.669757055839,2117.1050214113093,2283.872973698715,1147.5896377743545,4087.2281187727012,414.0933052560171,1067.03223709315,323.64289045606796,2258.4337945362295,234.60576338736806,7532.823607558263,2365.843662111169,2139.7176251112965,5843.944768715463,459.3185126559917,5165.5666577158445,2580.6633972610484,5401.585708834462,2167.9833797362808,2262.673657729977,4022.216883135238,213.40644741862997,2596.2095623047894,1673.332673799059,5607.925717596846,2768.630665517193,227.53932473112204,2529.785038936077,3540.2857667792587,76.31753748745707,652.9389318371327,104.58329211244119,1557.443079836624,2652.7410715547576,686.8578373871137,741.9760589058327,2095.905705442571,3673.134813516684,6063.004367059089,2016.7615924926156,1444.3800613366875
1949,689.205106166237,6121.669372552765,0,1087.1295323592144,651.0043612517111,12.733581638175277,2336.6122306051634,2588.100467959125,5316.270333938179,4709.833508420081,0,1704.7082418107154,1.5916977047719096,14412.822716709641,5238.277146404354,3106.993919714768,768.7899914048323,738.547735014166,2335.0205329003916,2186.992646356604,1165.1227198930378,4311.909082227104,423.391589469328,1080.7627415401269,280.1387960398561,2376.4046732244615,273.77200522076845,7855.028173049375,2664.5019577881767,2043.739852927132,6299.939515487218,482.28440454588866,5696.686085378665,2717.02798204565,5196.893006080285,2268.1692292999714,2333.4288351956193,3925.1265399675294,265.81351669690895,2561.0416069780026,1655.3656129627861,5620.284595549613,3099.035431190908,233.97956260147075,3274.122178715818,3785.0571419476014,89.13507146722695,693.9801992805527,90.72676917199885,1448.444911342438,2807.754751217649,854.7416674625155,733.7726418998503,1983.2553401457994,4087.479705854264,6174.195396810238,2159.933785375482,1711.0750326298028
1950,1049.0488623647893,6400.363670272287,0,1438.3625512868334,1111.9917941066767,4.662439388287953,2182.0216337187617,2643.603133159269,5534.315553897799,5089.0525923162995,0,1809.0264826557254,1.1656098470719882,13729.718388660947,5681.18239462887,4102.946661693398,811.2644535621038,616.6076091010816,2402.321894815367,1980.3711301753076,1045.5520328235732,4801.146960089519,396.30734800447595,2600.4755688176056,350.84856396866843,2638.940693770981,356.67661320402834,7992.5867213726215,3022.426333457665,2406.984334203655,6476.1283103319665,473.23759791122717,7005.315180902648,3398.9183140619175,6007.5531518090265,2937.33681462141,2521.21409921671,3559.7724729578513,287.90563222678105,2947.827303245058,2846.419246549795,6030.865348750466,3381.434166355837,226.12831033196568,4271.960089518837,4688.082804923536,58.2804923535994,745.9903021260724,81.59268929503916,1314.8079074972025,3372.1092875792615,1376.585229392018,1051.3800820589333,2305.5762775083926,5090.218202163372,7415.609847071988,2283.4296904140247,1736.7586721372622
1951,859.1710732896041,5382.340759576578,2.8895888115121218,1596.0162202251952,1130.7924215717437,4.815981352520203,1998.6322612958845,2460.0032748673198,5082.786719449822,5477.697190356479,0,1665.366351701486,2.8895888115121218,14463.355197888675,5945.810577821443,3030.215467005712,861.0974658306124,572.1385846794001,2124.810972731914,2322.266208185242,1185.694608990474,5224.376571213917,440.18069562034657,2700.80234249333,347.71385365195863,2336.7141522428024,398.76325598867277,8579.18918137949,2716.213482821395,2491.788751793953,7245.162346731393,487.3773128750446,6289.671646391385,3450.1690409454736,5688.637173596864,2879.9568488070813,2518.758247368066,4358.463124030784,356.382620086495,2915.595110815731,3747.796688531222,5661.667678022751,2935.822232496316,220.57194594542528,2882.8464376185934,5004.767821538995,104.98839348494042,855.318288207588,130.99469278854951,1485.2486491172306,3383.708498280694,1005.5769064062183,1232.891226245172,2126.7373652729216,4589.630228951753,7692.085416245269,2418.5858352356463,1911.9445969505207
1952,837.4775840712873,4955.537889852286,2.7731045830175076,1552.0141982954651,996.4689134976244,5.546209166035015,1666.6358543935219,2380.2481004233605,5437.133719102993,6086.964559723429,0,1675.8795363369136,0.9243681943391692,16052.578062894014,6220.997947902609,2986.6336359098555,905.8808304523857,673.8644136732543,2087.223382817844,2722.2643323288535,1373.6111367880053,5669.150135882125,412.2682146752694,2926.54970327781,377.142223290381,2155.6266291989427,311.5120814923,8585.531789022203,2584.5334713723173,2387.643045978074,8021.667190475309,426.133737590357,5829.99020169714,3452.5152058567965,5409.402673272818,3042.095727570206,2293.357490155479,5376.125418276608,456.6378880035496,3150.2468063078886,3849.9935294226398,5471.335342293542,2861.8439296740676,215.3777892810264,2652.012349559076,5159.823260801242,158.9913294263371,935.4606126712392,128.48717901314453,1701.7618457784104,3357.3052818398623,721.007191584552,1265.4600580503225,1833.0221293745726,4376.883400195966,8039.230186167755,2515.2058567968793,2184.2820432234566
1953,964.8929528845802,5449.67133046895,1.8361426315596197,1638.7572986669604,1050.2735852521023,5.508427894678858,1804.928206823106,2601.8141089199808,6357.643861775182,6179.5380265139,0,1633.2488707722816,3.6722852631192393,16651.059454298407,5881.164848885462,3818.2586023282292,1002.5338768315522,683.9631302559583,2162.9760199772318,2745.951305497411,1461.569534721457,5922.478058095553,498.5127244684367,2485.219051815945,402.1152363115567,2290.5879328706255,336.0141015754104,8729.02207043443,2772.5753736550255,2851.529506812089,8520.619881752415,503.10308104733576,6084.058609672799,3342.6976607542874,6280.525871249679,3470.3095736476807,2688.112812603283,5217.399287576659,548.0885755205464,3082.883478388601,3855.8995262752014,6165.766956777202,2991.9944181264,236.8623994711909,3938.525944695384,5718.666225992435,167.08897947192537,1037.4205868311851,255.22382578678713,1724.1379310344828,3407.880724174654,795.9678307810951,1322.940766038706,1929.7859057691603,4323.197826007124,9498.365833057911,2901.105357864199,2321.802357607139
1954,1112.873081497423,5660.644503596307,2.831738120858583,1490.4381642785675,1168.5639312076419,8.49521436257575,2118.1401144022198,2815.6916048403846,6622.491551981273,6524.324630458175,0,1736.7993807932642,2.831738120858583,17643.616318362878,5945.706141096071,4520.397953597251,960.9031356780125,753.242340148383,2108.7009873326915,2916.690264484341,1497.0455532272376,5926.827886957014,500.27373468501634,1887.8254139057221,526.7032904796964,2507.9760623737516,387.004209850673,9008.702875158106,2963.885899831984,2950.6711219346435,9406.09012478526,527.6472031866493,6307.224707859017,3338.619244492269,6663.079798380246,3785.0899548809725,3077.155424666327,5440.712842876291,610.7115213985011,3307.4701251628253,3904.9668686639857,6265.692548753091,3079.9871627871853,239.7538275660267,4643.106605501123,6503.5585509052125,225.5951369617338,1046.7991920107227,185.95080326971362,1969.945819410621,3612.3539295085993,875.9509920522551,1093.994827358366,1933.133223839459,4727.114836419928,10462.32844386551,3148.8927903947447,2469.2756413886846
1955,1056.53912050257,5920.1193787881575,1.8422652493506013,1413.0174462519115,1117.3338737311396,2.763397874025902,1769.4957720012526,3015.7882131869346,6755.586669368656,6803.485565851772,0,1654.3541939168401,6.447928372727105,17814.70496122032,6164.219524327113,4745.67528232715,946.9243381662092,735.0638344908899,2282.5666439453953,3013.0248153129087,1434.2034966194433,5658.517713380373,542.5471159337521,1689.3572336545017,427.4055378493395,2476.925627751884,343.5824690038872,9392.789373814043,2896.0409719791455,2634.4393065713602,9457.268657541312,595.9728081649196,6457.139698973859,3427.534496416794,6724.268160129695,3708.4799469427608,2977.1006429505724,5729.44492548037,597.8150734142702,3465.300934028481,3810.725668281719,6464.508759971261,2884.9873804830418,220.1506972973969,4804.627770306369,6564.912216060869,214.62390154934505,1027.9840091376357,178.69972918700836,1631.3258782999576,3565.704390118089,932.1862161714043,1019.6938155155578,1917.798124573976,4874.633849781691,10471.435677308818,3100.5324146570624,2548.7739724765574
1956,997.9816102265082,5784.181804589967,1.8688794198998282,1381.101891305973,1164.311878597593,9.34439709949914,1270.838005531883,2904.2386185243327,6983.067952455707,7081.184122000449,0,1673.581520520296,3.7377588397996564,17611.385213426027,8542.647828362115,3900.351349330941,1031.6214397847052,769.9783209987291,2256.671899529042,3145.3240636914106,1531.5466846079091,5656.16356432683,537.3028332212006,1535.2844434477088,541.0405920610002,2394.9689766016295,356.9559692008672,9344.397099499141,2779.958137100994,2537.938252223966,11516.03498542274,509.26964192270316,6025.267249757046,3284.5555804739474,6285.041489123122,3701.31569111161,2913.5830156238317,5572.998430141287,737.2729311504821,3434.0659340659345,3691.0368543021605,6271.959333183822,2997.682589519324,213.0522538685804,3765.7920310981535,6529.86469313,189.69126111983255,962.4729012484115,166.3302683710847,1210.0994243851387,3542.4609404201237,837.257980115123,1050.3102339837035,1841.7806683112804,4566.60686252523,9911.602003438738,3064.027808925768,2649.1365777080064
1957,1119.888100852693,5573.438298559119,1.7932555658169624,1338.6652798823625,1087.6095006679877,3.586511131633925,1159.3397233006663,2758.027060226488,6716.638721767433,7164.055985438765,0,1534.1301365564113,7.17302226326785,17216.150059625747,9511.427521093168,3190.2016515883765,1200.5846013144564,818.6211657954433,2159.079701243623,3102.332128863345,1457.9167750091904,5796.698616503331,561.2889921007092,1402.3258524688645,476.1093527244035,2211.0841126523146,364.9275076437519,9146.500013449417,2689.8833487254437,2611.876731612406,12326.8387594258,529.9070196989124,5861.255816872742,3304.073380017753,6260.255180267016,3614.306592904087,3154.336540272037,5746.487460660455,821.3110491441688,3478.915797684907,3721.9019268531056,6596.490598857696,2964.2514502954386,244.77938473401537,3060.1906230666464,6687.050004931452,208.9142734176761,961.1849832778919,115.66498399519408,1166.512745563934,3609.8234539895457,853.5896493288741,1057.1241560490994,1762.770221198074,4493.8984479373075,9930.15269571143,3071.8467842444566,2790.3056604111935
1958,1112.643762160977,5657.309375256922,2.7405018772437857,1384.86694863386,1070.6227333765723,7.3080050059834285,1131.8272753016836,2757.8583891329963,6686.824580474838,7320.7940147439,0,1562.9995706547058,3.6540025029917143,16767.30398560323,10100.576418894847,3376.2983127643442,1214.0423316189972,812.1020562899087,2249.0385405914003,3081.237610647763,1509.103033735578,5617.115347724013,573.6783929696992,1512.7570362385698,476.8473266404187,2046.24140167536,337.9952315267336,8897.496094784825,2650.065315294741,2681.1243365701707,12866.656313659574,559.0623829577323,5861.020014798711,3234.7057157734152,6517.82696471147,3632.0784879737644,3166.1931688423206,5607.980341466534,851.3825831970695,3329.7097808512,3600.1059660725864,6716.056600498771,3189.944185111767,263.08818021540344,3038.3030812376105,7018.425307621335,190.92163078131708,1000.2831851939819,117.84158072148279,1122.6922690442043,3654.916003617462,846.8150800683298,1019.4666983346883,1851.6657683910514,4066.904785829778,10083.219907005636,2977.0985393124993,2897.6239848724294
1959,1084.5454545454545,5560,1.8181818181818181,1439.0909090909092,1073.6363636363635,2.7272727272727275,1112.7272727272727,2825.4545454545455,6697.272727272727,7182.727272727273,0,1304.5454545454545,0.9090909090909091,16336.363636363634,10299.09090909091,3391.818181818182,1394.5454545454545,935.4545454545454,2114.5454545454545,3027.2727272727275,1473.6363636363635,5376.363636363636,468.1818181818182,1486.3636363636363,432.72727272727275,2153.6363636363635,341.8181818181818,9316.363636363636,2567.2727272727275,2714.5454545454545,12996.363636363636,573.6363636363636,5767.272727272727,3072.727272727273,6438.181818181818,3259.9999999999995,3200,5551.818181818182,1008.1818181818181,3269.090909090909,3641.8181818181815,6595.454545454546,3218.181818181818,252.72727272727275,2789.090909090909,7080.90909090909,162.72727272727272,1046.3636363636365,131.8181818181818,1070.909090909091,3774.5454545454545,819.0909090909091,1004.5454545454545,1651.8181818181818,4072.727272727273,9833.636363636364,2950.909090909091,3347.272727272727
1960,1105.843773948067,5128.227976689062,5.346545240683645,1460.4979415800824,925.8434175117179,3.5643634937890964,1120.1012279232236,3020.7980609862593,6868.528452531588,6936.251358913582,0,1527.329757088628,3.5643634937890964,15887.259182691452,11212.59646058705,3143.7686015219833,1382.081944716722,930.2988718789542,2031.6871914597848,2922.778064907059,1345.547218905384,5089.019978257383,416.13943789987707,1366.0423089946712,533.7634331949172,2340.895724545989,360.891803746146,9068.631819072909,2271.390636417102,2778.421343408601,14245.869793801572,548.9119780435209,5399.119602217034,2935.253337135321,6897.934451355349,3380.798773858958,3313.0758674769654,5508.723779651049,1137.9230453921691,3210.600417030529,3579.5120386377,6749.1222754896535,3153.5706011299035,278.0203525155495,2695.549892178004,7162.588440769189,173.76272032221846,1165.5468624690347,125.64381315606566,1035.4475949457326,3889.611662597352,854.5561476359359,908.9126909162196,1732.2806579815008,3772.878758175759,9892.890877011638,2880.00570298159,3733.6707597440786
1961,1144.117157596938,5327.009485771343,1.6641704110500914,1477.783325012481,899.4841071725745,5.824596438675321,1021.8006323847561,3206.8563820935265,6736.5618239307705,7264.935929439174,0,1573.4731236478617,2.4962556165751373,16246.463637876519,12095.190547512066,3548.84340156432,1549.3426526876353,997.6701614245299,2467.964719587286,3077.0510900316194,1380.429355966051,5055.749708770179,497.58695290397736,1300.5491762356464,527.542020302879,2381.427858212681,351.1399567315693,9310.201364619737,2277.4172075220504,2800.798801797304,15324.513230154767,523.3815942752537,5327.841570976868,3240.971875520053,7036.1124979197875,3411.5493426526873,3406.5568314195375,5630.720585787985,1310.5341987019472,3196.8713596272255,3607.089365951073,6919.62056914628,3466.466966217341,262.10683974038943,2691.795639873523,7688.467299051423,168.9132967215843,1305.541687468797,129.80529206190715,1032.6177400565816,3935.763022133466,857.0477616907971,1065.0690630720585,1721.5842902313198,3813.446496921285,10405.225495090697,3049.5922782492926,4104.676318855051
1962,1291.2310850159913,5133.896606043248,3.1823316944325106,1531.4971279456458,1000.0477349754166,11.138160930513788,1039.0312982322148,3449.6475567648413,8036.978694289305,7844.447626776139,0,1510.8119719318345,2.386748770824383,16444.69903098,10294.047448565565,3603.990643944818,1651.630149410473,1264.1812656133147,2167.16788390854,3369.293681480421,1379.5407895364933,5061.498559994909,486.8967492481741,1436.0271771126704,587.1401976227983,2485.401053351791,455.073432303849,9597.912390408454,2203.7646983945137,2755.103664454946,15027.765844033924,532.2449758938374,5092.526294015625,3385.2053399525835,6913.61560615463,3476.697376167518,3524.432351584006,6108.485687463204,1695.38721020892,3405.8904959663946,3856.190430728595,7297.0865753337475,3827.549445478702,268.11144525593903,2884.7836810030713,8500.007955829236,148.7740067147199,1382.723121230926,274.47610864480407,1049.3738762391204,3965.1852912629083,842.5223161010073,1092.3353541139593,1740.7354368545832,3852.212516110554,11878.053049469347,3032.7621047941825,4314.4461947268765
1963,1569.874240497386,5548.961424332344,7.065140596297866,2232.5844284301256,905.0445103857568,39.56478733926805,1142.433234421365,4597.993500070651,10941.783241486504,9199.519570439452,0,1741.557156987424,4.945598417408506,19972.44595167444,10491.73378550233,4276.529602939098,1877.2078564363433,1914.6531015967219,2248.127737741981,4199.519570439451,1747.2092694644625,6284.442560406953,598.4174085064293,1849.6538081107815,992.6522537798502,3409.6368517733504,609.0151194008761,11270.312279214357,1926.6638406104282,3497.244595167444,22286.98601102162,550.3744524516038,4785.219725872545,4459.516744383213,8674.579624134522,3952.239649569026,4463.049314681362,7393.669634025717,2652.960293909849,4221.421506287975,5308.746644058217,9954.783100183693,5269.888370778578,243.7473505722764,4663.699307616222,11475.201356506996,176.62851490744666,1957.7504592341386,599.8304366256889,1343.0832273562244,4653.808110781404,878.9034901794546,1510.5270594884837,2147.096227214922,4240.497385897979,23153.172248127736,3301.540200649993,5657.764589515332
1964,1743.8776139658257,6111.89932761705,8.019246190858059,3006.600456480168,842.0208500400962,88.82857319104312,1317.0069705755352,5556.103880081426,12457.590524952193,9866.757140213434,0,1675.40558879773,4.934920732835729,22369.378816852754,12917.771883289126,5913.2687681204125,2043.0571833939919,2624.760964777003,2474.2458824255136,4657.948306705323,1925.852815989143,6457.343778915551,766.1464437727468,2289.1863549441737,1022.1454567886003,3893.6524582073903,685.3371167725619,11808.03158349269,1997.4091666152613,4215.039170933317,30126.45734377892,867.3123187958794,4643.143544506816,4869.5330331256555,10827.216087841589,4363.086792918389,5662.821540928999,7908.82733946086,3427.9193140460184,4987.971130713713,5970.637221639628,11981.370674233545,6588.736043427302,301.64702979458394,6612.793781999876,13677.132811054222,212.81845660354082,2424.279810005552,752.5754117574487,1632.2250323854173,5549.318364073777,893.8375177348714,1849.9784097217937,2509.4071926469683,4770.2177533773365,31260.255382147923,4178.6441305286535,6485.719573129356
1965,1217.0626410994869,4232.843151122855,5.658124784283992,2066.9129836989423,540.9167293775497,52.620560493841126,1518.0748796233952,3906.3693510696685,8439.093115759575,7437.03921646288,0,1484.1261309176914,5.658124784283992,14463.86438606517,8471.910239508423,3775.666668552708,1791.362306704312,1633.5006252227888,1744.399870994755,3481.444179769941,1651.040812054069,5108.720867730017,570.3389782558264,1791.9281191827404,1430.9397579454217,2430.7304073284035,492.2568562327073,9254.994709653327,1356.8183232713016,2737.966583115024,16780.866485229464,827.2178434623197,2684.780210142754,3626.292174247611,7287.664722157783,3556.6972394009176,3646.661423471033,6191.120138963544,2671.200710660473,3427.1261818408143,4091.390031515755,8138.646689714095,4301.306461012691,164.08561874423577,3665.33323525917,9716.131879572471,175.40186831280377,1675.9365611049186,509.23123058555933,2258.1576014077414,4460.865579929499,604.8535394399588,1690.647685544057,1898.3008651272796,3166.8524417637504,16566.98936838353,3061.04550829764,4994.42674708748
1966,968.4490939867358,3507.50617420984,11.654688237089658,1300.8852013208648,355.74548380830817,7.214807003912645,1141.0494769264924,3164.525348946916,6694.785914476788,6703.665676943142,0,1347.5039542692232,4.994866387324139,10856.064600271944,5478.258456586286,2651.7190665149706,1644.975996892083,1174.3485861753197,1480.7003912645337,3064.073036046286,1416.322113383467,4558.09307101035,458.4177373255265,1411.88223215029,1439.6314898576463,1526.2091739045982,383.4947415156645,8152.731914421289,1035.047312484391,1910.813885728557,7733.718123040209,638.2329272691956,1634.4312789632877,3319.9211921081114,5010.960956794406,3037.4337486472236,2767.71096373172,5400.005549851541,2278.2140577739547,3108.4718483780557,3556.344867774787,5641.424091905541,3178.954962954741,39.95893109859311,1798.7068845908373,8255.959153092655,135.971362766046,1116.6301301440187,362.40530565807364,2000.7214807003913,3394.844187917973,563.3099314593335,1232.622027360768,1225.9622055110026,2431.3899603185614,7505.61922468574,2524.072481061132,4512.029303216139
1967,1007.4084872212707,3630.835550326171,19.263108024386053,1457.7487153589445,352.4628143921448,14.577487153589447,1108.9302727551972,3286.70272859322,6811.330872514669,6742.608433076318,0,1279.6951222686735,5.206245411996231,10889.903528272516,5367.118395226914,2768.6813100995955,1597.7967169416431,1208.8901846655249,1487.9449387485226,3028.472956158207,1384.8612795909974,4297.234963061688,493.55206505724266,1506.1667976905096,1566.5592444696656,1507.7286713141084,471.6858343268585,8098.314738360136,1121.4252617439881,1949.2182822513887,7407.966596729438,661.1931673235213,1692.5503834399744,3139.886607974927,5211.451657408226,3254.424007038844,2891.548701822707,5308.2878220713565,2225.6699136283883,3053.9835586769887,3555.8656163934256,5637.322532109519,3175.8097013177007,81.73805296834082,1773.767811867116,8311.250175710782,148.3779942418926,1051.6615732232385,455.0258490084705,2034.600707008127,3725.5892168245027,570.0838726135872,1399.9593912857865,1140.6883697683743,2572.4058580673377,7200.237404790787,2843.651244032341,4588.264081592279
1968,995.4025086833495,3744.289166350399,46.1190351513521,1549.3113371157347,397.77667818041186,20.657484494876464,1083.7973260567744,3332.100289685189,6770.85084815788,6323.592288512997,0,1311.5100621165755,4.804066161599177,10506.97310203356,5286.874810839895,2880.037663878707,1661.7264852971555,1196.692880854355,1524.330193075419,3035.68940751452,1336.0107995407313,4155.036823167128,483.2890558568772,1660.7656720648356,1630.9804618629207,1479.1719711563867,517.3979256042314,7812.852798608742,1114.0629428748493,1887.517594892317,7441.498484317126,615.8812819170146,1679.9819367112323,3121.201785190986,5220.098291193666,3265.323770038961,2869.468718323189,5076.456712961851,2264.6367885778523,3001.1001311510063,3589.5982359469053,5520.352426293615,3178.8505791301754,107.61108201982157,1845.722219286404,8670.859015070355,128.26856651469805,1053.0513026225397,522.2019917658306,2038.3652723665311,3748.6128258958383,571.6838732303021,1423.4448036818362,1072.2675672689363,2681.6297314046606,6996.161551136883,2897.812708676624,4579.716271852496
1969,1034.1496939808494,3703.3425278389195,39.93573133468929,1593.2499326664997,389.1411960287166,9.2873793801603,1082.444066757683,3461.406294985744,6612.149749705126,6137.564663378935,0,1348.5274859992755,9.751748349168315,9986.254678517364,5198.610608044728,2916.7014943393424,1727.916933678824,1401.0011794971813,1570.4958531851069,2937.598097944703,1258.4399060117205,3901.6280776053422,467.6195517910711,1659.6546952346455,1662.4409090486938,1522.2014804082733,511.73460384683256,7510.239335766626,1091.7314461378432,1926.6668524142542,7988.075004875875,609.2520873385157,1798.9653859370503,3101.520344004532,5387.144409461982,3259.870162436265,2968.2464498992317,4994.7526306502095,2348.313876273532,2832.1863419798833,3632.758444549702,5552.924131397844,3124.274423485925,117.94971812803581,1960.5657871518395,8947.461294846433,130.0233113222442,995.1427005841762,522.4150901340169,1863.048303660156,3560.7812543534587,591.6060665162111,1394.964382900077,1141.418925821701,2719.344682510936,7609.149926165334,2958.9590705190717,4762.1037771771935
1970,1020.3895618568447,3361.041991377503,31.445681004074267,1554.9661389261073,313.0896065188264,19.59658381413324,1046.3664287732538,3318.2029476907933,6633.215753830449,5864.847374513503,0,1183.5425154721866,7.291752116886786,9646.532316133913,5055.918624046375,2773.144476953506,1884.9179222152343,1420.9801937783125,1429.1834149098102,2840.1374495274035,1254.6370986118327,3905.644727607485,431.12484391093125,1686.6734115373747,1646.1130403871919,1444.2226536508892,520.4488073427943,7337.781302124634,1079.1793132992445,1867.1442764303229,8193.194972336916,550.0715503176469,1600.9953241639548,3067.093234165505,5076.882411382425,3121.3256405348498,2768.1313973731462,4649.859178037243,2351.5900576959884,2754.9150966612888,3534.6768386608696,5105.137950835361,2828.288352337462,141.27769726468148,1827.495374294751,8928.750467127871,132.61874162587844,936.0786780053412,500.3964890213557,1803.3414454075632,3567.033988679555,576.0484172340562,1297.9318768058479,943.8261646295335,2573.9884972610353,7390.190770464758,2706.6072388869143,4715.029212581919
1971,987.2215614912054,3454.828354004775,31.74489622548713,1560.865249622191,339.80452297704534,16.096003719965303,1031.0384605066663,3638.591063141046,6531.400620590366,5938.53115023831,0,1273.372738735033,5.365334573321768,9666.09734505361,4763.969989895287,2973.73668726359,1872.5017660892968,1562.6536944799648,1500.9523468867646,2739.450410895206,1160.2536014808322,3754.8399788963507,414.91920700355,1533.1443543266953,1711.0946176752004,1363.689204052616,537.4276797610638,7409.974156971804,1052.946910014397,1867.1364315159751,7838.7538116231035,551.2881274088116,1643.580824294235,3099.374938522208,5319.2821182340895,3143.6389487521124,2805.622870632841,4510.457931305833,2437.2032299314133,2719.3304062452494,3609.528834202219,4940.578919600462,2887.4442228759985,135.02758676193116,1763.4066297650877,9327.634155719894,141.28714376413987,945.1931073335182,524.0143433277593,1749.9932933317832,3745.0035321785936,562.0187965554552,1325.6847508249202,1013.1540119289273,2595.4805998444053,7157.803432025682,2766.7241949762583,4951.756699961548
1972,1046.2151499326367,3726.702622998301,44.32371230838771,1575.466605812989,349.3235148265012,17.115096831951693,982.1432489719971,4002.7384154931124,6844.28333823381,6080.686710346735,0,1295.9200242244447,12.72661046478459,9534.425481307242,4774.673167477806,3162.3432761806125,2008.171361615665,1652.70396587513,1469.2652357275454,2882.3578459553514,1085.7115272371407,3552.040865585051,439.7263339901435,1614.0852858440594,1797.0851673549275,1348.58186063045,541.9780663451369,7391.088739582831,1072.1072194989226,1720.2866559295035,7798.779123092654,569.1866818215728,1495.5961539305479,2955.6455682870424,5171.392335069711,3397.566145460769,2882.3578459553514,4517.507866361813,2691.4586889835828,2784.0557513308086,3781.119853951174,4987.953604922126,2965.30023829481,152.28047694069838,1855.45203603825,9950.015140277967,125.07186146426235,1071.229522225489,511.69751041168394,1614.962983117493,3821.0550798923946,609.1219077627935,1294.164629677578,1029.100053100685,2752.4586494872055,6997.441512447941,2866.998143670267,5462.34898121289
1973,1022.386057821275,3651.6878239574953,29.42118152003669,1563.2166004690082,317.1430302086308,34.180490295336746,1022.8187222553931,4336.595623166584,7006.567846109914,6046.918131235776,0,1196.3171603367862,9.08595311648192,9638.465598850842,4761.9047619047615,3381.7052170677466,1925.3567318259304,1735.8497096821648,1448.5605254276888,2872.0265136765224,1082.0937497295847,3581.1635211962302,414.0598634511046,1891.6089059647118,1794.6920727222382,1288.907349238078,509.67870339122385,7433.607642584564,1127.9561797461126,1710.7551725033097,7572.92559037062,588.856294834852,1617.7323191678995,3061.1008713861706,5333.021814940768,3455.690835301956,2844.768654327077,4402.793281586667,2751.3131365575487,2766.8890561858034,3938.977008211971,5011.984804825074,3043.361629587325,137.15462561546514,1869.9756842588024,10505.957789257807,116.81939721191038,1088.5837162413575,473.76755535941436,1692.150601836228,4036.7591703226813,566.7904086948245,1380.6322092711334,1056.99921255073,2817.078130543513,7148.481780500679,2942.983480871905,5552.382683038689
1974,1163.7106035472757,3814.384756071626,39.55595253285696,1627.323380545277,390.0301986304283,33.60129301178172,1223.6825315809622,4740.334311598826,7046.063544723746,5858.108970269236,0,1175.619922589426,9.357322104546808,9860.9161669006,4861.979498957934,3550.2530730296457,2001.1909319042152,1800.0085066564586,1434.6476117561992,2997.320403215516,1036.536089490026,3526.0091021224107,427.88481987154944,2254.263961549913,1676.6619880056141,1323.6357449704394,554.2086682829314,7636.425502956064,1135.6386372336353,1849.3471141167963,7716.388073667645,606.0992726808728,1621.7940538471355,3008.3790566117987,5452.7667900131855,3654.4596146484623,2839.0965930840885,4511.0799200374295,3013.483050487006,2683.424779890264,4324.358810769427,5197.992429075752,3081.536302156437,147.16515673514525,1814.8951554591467,11476.755561226659,122.4958530049764,1198.1625622049253,557.611330866403,1855.3017736378717,4352.856109906002,575.4753094296286,1628.1740461911445,1088.4266938879673,3090.46829143805,7064.77818893284,2956.4884522138577,5740.717111139466
1975,1037.7540209958586,3596.0223442165075,33.30765032585315,1757.68082442454,394.87624000770495,44.945263090307876,1173.3924042505378,4745.336928954381,7097.338598349867,6058.380686378375,0,1083.9031750617996,15.650582683232207,9610.661658480207,4790.683489036566,3623.310539664195,2079.5210119104945,1727.5835500337091,1421.7952422228643,2866.8657099746383,1033.741051077081,3356.046743073614,384.8438152107612,2813.8945070467753,1723.9718771068092,1268.4997913255643,524.4951683842178,7844.553597226235,1125.6380622170857,1695.0784936916114,7584.914443481332,550.5794728562715,1527.3363510867123,3119.281517865742,5131.785932132653,3573.148415679476,2934.684901601978,4221.644354553919,2978.4262737166523,2583.550033708947,4120.918809592603,4895.823300908536,3078.349224694212,97.91646601817072,1651.3371215769366,11349.481524286493,121.19169154708015,1284.551671000674,480.75379626954316,1769.3184371889947,4460.416064721178,532.9224052136504,1770.1210311727502,1090.7252239237214,2847.2021573726283,6960.095027127676,2929.4680407075666,5816.398600276092
1976,1036.5722129620551,3623.1003039513676,30.1990391214825,1784.4886753603296,423.57093832728697,31.76782037454652,1135.7976272183548,4873.0267673301305,7076.7722325718205,6068.0458868516525,0,1103.2454162172762,23.139523482694383,9683.694479850965,4381.606039807824,3653.29934307285,1858.6135895676048,1653.1032454162175,1360.1333464065103,2857.535052456123,1025.9829395038728,3391.705069124424,356.11334444553387,2724.5808412589467,1653.8876360427494,1247.1810961859005,505.9319541131484,8037.258554760271,1115.4034709285224,1600.5490734385723,7529.365624080791,484.361211883518,1454.260221590352,3135.6015295617217,4944.014119031277,3375.6250612805175,2819.0999117560546,4387.88116482008,2914.0111775664277,2573.1934503382686,4223.551328561623,4809.883321894303,3054.8092950289247,83.53760172565939,1661.3393469948032,11819.590155897637,116.87420335326993,1236.9840180409844,365.526031963918,1686.8320423570938,4528.679282282576,535.7387979213648,1860.5745661339347,1071.0854005294636,2681.0471614864205,6883.812138444946,3002.6473183645453,5884.106284929895
1977,1002.7003112223103,3569.521571977787,36.614389455055836,1673.2013181180203,441.66107280161106,33.18179044364435,1197.2142552022945,5143.558918655031,7261.853908586075,6129.477634710441,0,1099.1944834319888,17.925794837371086,9819.902971867945,4068.7740281930796,3839.552694208824,1773.8908891194237,1694.559711966803,1438.6403856715688,3007.7195337767744,983.6303167144688,3368.905229755294,364.9996948800879,2784.600598035028,1548.1021541465798,1249.0846402636237,471.0288643436871,8364.099591139318,1096.143284310734,1434.8263867700005,7338.896686397754,563.3276377616403,1443.9799841337644,3220.5406724842865,4583.282480014645,3218.6336730335024,2832.275584304632,4447.504119118814,2991.3193385000304,2755.9956062732654,4083.2672240190395,4866.662598401172,3168.2888875328003,79.71257704277781,1659.4709220723744,12164.368096661989,114.4199670470495,1257.094037956917,339.827302129737,1845.9754683590652,4609.599072435467,508.0246536888998,1848.645267590163,1019.481906389211,2655.6874351620186,6923.933605907122,2952.7979495941904,5774.775736864587
1978,974.4285871519243,3727.1159702094874,33.019040980298634,1812.0115933521665,442.45514913600175,35.22031037898521,1182.0816670946913,5181.05440804197,7111.200792456984,6257.84202223282,0,1144.6600873170196,26.78211101735334,9862.053784348975,4122.243827273728,3864.3284293942843,1709.2856880801262,1798.803976960047,1409.5461716256373,2922.1851267564293,1036.0641303151483,3366.1077888248888,412.0042557875041,3364.2733976593167,1517.4083721612797,1208.4968998789302,442.8220273691162,8585.31753311076,1143.1925743845618,1347.1768719961844,7525.773195876288,509.2269875628279,1429.7244744469313,3288.6964816377445,4431.522177789192,3030.0473272920717,2821.2936126499612,4377.591077521371,2848.075723667315,2664.6366071101,3992.3689327512197,4767.5826393220095,3008.0346333052057,71.17437722419929,1597.0209487471109,12376.637194115272,107.86220053564222,1314.157831015886,383.3877536045787,1754.7785889863155,4741.901163003999,519.499578090032,1876.582162380306,1022.4896356899145,2564.1119712367463,6936.933631727629,2875.591591150897,5786.036614447665
1979,994.6756846814272,3569.276361032534,44.31021403605788,1822.0360011627,496.2743972038482,37.22057979028862,1182.5509921943128,5265.1168726205415,7224.337296438876,6213.709934704469,0,1076.5609602200623,30.13094554451936,10060.899958171158,4193.164174660229,4080.7934718647866,1755.0389575401805,1849.3310930089115,1377.870415665256,2953.1871450751855,1014.5266605695813,3532.7647446668225,421.47875591098256,3660.732642802958,1402.3296538131597,1214.0998645879858,476.0689396034058,8725.21286626823,1193.539925275255,1405.1655075114675,7671.338735634628,521.0881170640407,1453.3750203826985,3252.3697102466485,4593.728509546192,3127.2376658088206,2881.9363209052044,4478.521953052442,2877.328058645455,2652.2321713422807,4093.200331794883,4755.017688637443,3001.3966579464163,63.45222649963489,1575.6712111222184,12919.086004353036,110.95277594628894,1282.8693167719478,391.3478103664632,1701.157737272334,4816.697506575636,525.6963793237907,1957.8024969691812,1098.1843446696587,2551.2048833400686,7163.720923637549,3062.013030747744,5729.842397430716
1980,1010.4897098227011,3637.1928624365773,39.55019668205918,1735.2203409155693,502.75069836383335,41.68804515135967,1142.680006841115,5731.57174619463,7560.144803602988,6356.536115386809,0,1081.395017387834,34.91819166524144,10192.192577390115,4019.8677384413663,4279.2600193831595,1765.1502194857762,1702.7963057978452,1385.3258081067213,3096.317199703552,1008.3518613534006,3397.0412177184885,400.1339718374095,3211.4047089675614,1407.0606008779432,1113.1064363491248,433.62693118978393,9112.579100393365,1207.1717689983468,1358.602702240465,7849.110655036771,534.8184254033408,1374.636565760219,3238.8404309902517,4708.254945556126,3064.9620888204777,2954.5065845732856,4502.665184425062,2965.9084430762214,2716.492788324497,4288.880337495011,4991.163559660225,3034.675902172054,55.227752123596154,1612.2940539307906,14084.502023829884,92.64010033635482,1313.7078843851548,437.19001197195144,1628.6842255287613,4669.061056952283,546.9329000627101,1879.168804515136,1034.0060429850066,2630.266233396044,7213.100735419874,3104.15597742432,5963.884613191951
1981,1020.3110291603059,3579.197501048868,40.54449493898935,1662.6768533241197,512.9760011846043,55.35204961235937,1092.9385592249303,5913.855287883542,7812.7478943304695,6500.163940783883,0,1129.9574459083553,26.794622742288617,10274.680139191014,3936.3416173375313,4444.029206138789,1731.0736534820671,1761.7464453054763,1441.973776525795,3077.150885456513,1028.0673673225472,3436.4103666985147,417.0794566332557,2904.7486417594196,1452.9031621180443,1146.880365535064,418.13713910992493,9386.226858788812,1199.411928542972,1379.2179495767507,7511.3083884797215,537.6552589735544,1321.7505350110528,3407.147818177331,4703.513973748321,2938.2419201872804,2981.6069017307213,4477.875045392207,2868.7874375526635,2788.7561301513547,4179.961147797024,4977.10117438011,3040.131998773088,62.75582694904438,1554.7932407038525,14641.498524532944,91.66581464467157,1339.3785762888742,429.7716463532871,1667.9652657074662,4649.219606612631,541.8859888802316,1691.586841019747,1068.964423087093,2621.2897380120507,7174.260239247777,3069.7471081198287,5846.516170202264
1982,1037.6200667403718,3496.60043344051,60.181287676698005,1807.8053101533949,541.6315890902821,53.75744236289316,1120.4538615762763,5895.737609585729,7833.372214502338,6606.755856687392,0,1138.7111061523533,24.004895646323362,10137.166002305823,3925.983778100097,4550.787259148063,1662.7616449101167,1618.1328248352622,1452.4652351634531,3062.1456319542353,966.9577682885187,3503.362375876094,450.0072690881183,2871.458855270765,1260.4260699928661,1197.2019082201552,372.92112532246017,9410.595287602317,1250.28315633949,1417.303134498416,7416.498463348581,533.179161045802,1354.4170698474843,3493.557559344497,4784.412370297492,3073.640934094728,3046.2550672306124,4500.410788002962,2759.886805083628,2791.329837409094,4064.60359802957,5063.680592887113,3136.1889016238806,49.02408265798433,1598.8612888938478,14975.335814966207,100.7529422902023,1360.8409151612893,348.24003543257834,1786.5051914813048,4729.978733691039,561.9174163970342,1683.7236664604272,1035.9295811314757,2601.3192549691826,7110.520568138404,3258.5800597079515,5891.680444124379
1983,983.4201310365327,3466.2005866921677,52.98321336727705,1901.9035188607318,594.768876885104,63.3214013413799,1117.4935063256787,6112.453639688303,7929.390176136877,6692.361371360635,0,1113.6166858353902,24.87626481268496,10537.19809260432,4027.370352661437,4574.971246914697,1647.64870837264,1607.2651615988007,1396.6245816264554,3124.3942467983925,1054.172104984299,3693.317653748239,434.8500316607007,3124.3942467983925,1260.612796092165,1199.8759417443107,395.11262163524293,9593.192303219053,1281.935308788752,1367.5484279492912,7660.274220436013,522.0784926921934,1457.3614359743096,3889.420156882002,4699.998707726503,3044.273289999095,3088.210588889033,4528.772469405425,2686.959668144166,2895.015701122986,4024.7858056679115,5019.190261426928,3056.2268198441516,46.84491425765349,1580.7735549151623,15274.672731736944,104.35108486360053,1417.300957574661,325.9759895584301,1772.3531008102555,4620.200819301397,565.0465864595583,1686.093844901335,1088.0942842743236,2571.947326932272,7258.700231316956,3378.649057286484,5732.525231640024
1984,914.055528323467,3657.4789789223632,49.017759511330645,1873.0440028656537,636.6024408330505,59.70111735354374,1243.982755803577,6295.325716727625,7952.8172643062735,6801.528348604251,0,1164.1717883941028,29.222125862524038,10716.978997775348,4030.45385417845,4675.225921596722,1643.98024207232,1568.8825207697043,1416.487563314606,3187.0970174578633,1046.340635722635,3632.3416663524504,420.10733632467355,3117.6551914834786,1340.132976383495,1261.5788746025162,396.8553221975039,10067.493684250217,1238.3268604753466,1393.8639820016842,7887.4602516244995,572.8165101868959,1418.0586453502258,4047.735756570265,4860.6136017998315,2987.255382527054,3148.4483993816225,4707.904427937609,2799.668187474077,2853.399193092266,4065.331875369204,5209.079597300253,3156.9322423739677,48.70354310420673,1568.5683043625806,15794.087704083557,102.43454872239609,1509.8098362304088,291.27860940386864,1940.6005303972952,4687.480361474554,588.2131141359677,1641.1522944082046,1065.8220529643177,2612.0809924211003,7281.965235096715,3431.871598607393,5759.9009589884745
1985,908.2478807052489,3358.3702824633024,46.813827075089975,1856.4515119077082,628.5576272247749,69.17712026382722,1221.6321625900869,6397.09456094892,7763.939040644539,6714.3551469864715,0.2981772425164967,1065.3872875114425,33.09767391933113,10485.402733092606,3915.9617259691504,4628.903512826094,1657.5672911492047,1480.7481863369223,1434.828890989382,3105.217803566796,1032.5877908346279,3610.628229632258,434.74241958905213,3127.87927399805,1199.8652238863824,1181.9745893353927,353.34003238204855,9934.073011679602,1223.719403287702,1299.158245644376,7396.584677864216,543.8752903500899,1434.5307137468653,4175.972281443536,4657.230350865161,2891.424720682468,3065.8584075546187,4628.008981098545,2720.5691607205154,2854.152565367906,3872.129671319226,5027.268308828134,2996.6812872907917,51.286485712837425,1464.944792483548,16007.645264498124,95.11854036276243,1472.3992235464605,325.31137158549785,1993.3148662227802,4636.05976664649,567.1331152663766,1615.5242999543789,1020.0643466489352,2475.765644614472,6861.9528820321375,3227.1722957560437,5756.908021266001
1986,878.6602504167417,3255.8751290255245,42.31751287395958,1905.431795892342,582.723589440065,61.474765323657486,1228.3515899089887,6722.194105856686,7714.940083548495,6711.042869356117,0,1103.9724135564725,28.878843245067007,10854.15612302959,3884.6333101730734,4462.496104215454,1659.5327345977119,1428.501988637176,1297.2605128996934,3012.5494300002574,979.593237203956,3645.3106191223687,394.8681437766093,3140.9316143273372,1192.0385889968748,1190.037085009593,348.54762292808596,9839.393601477683,1273.2424650523108,1237.215393281237,7480.764117036516,537.2608560146624,1375.033239262646,4361.563117428239,4651.20933730203,2763.5051481541846,2910.4727266488817,4508.816625063976,2708.320823933413,2730.909226075594,4030.743101244649,5060.088008989612,3084.603573542405,41.459725450838775,1460.8119815747261,16673.957859763195,86.06467145312048,1500.5561321793234,288.21657416858955,2007.222570102677,4735.558433908909,567.855274105971,1678.1181287653292,1028.773049462882,2502.45184238442,6579.8013936186335,3285.3258305526724,5736.024498408805
1987,820.1242958425839,3239.1920498487743,47.826996709176534,2007.6468845874788,627.1858432089741,62.7729331807942,1173.1201408722447,7082.199933150902,7640.634468590435,6746.867467587698,0,1163.0656017913384,36.14199183136636,10981.730630745695,4066.925186076909,4485.6831515816875,1760.631316356561,1523.126798607582,1341.8733508517826,3193.810751834954,980.4534325381189,3637.2974485927725,403.54028473367697,3194.6259847334054,1237.5235398499428,1253.0129649205285,353.5393336286288,9842.850271608428,1217.142717388646,1339.427652156427,8021.619976466944,535.0645256839125,1362.5259176125633,4866.668659458196,4856.885864676774,2846.5215370944557,3034.568592337354,4685.143467402913,2876.141665738207,2824.510248836255,3965.5645623693927,4912.865190370469,3114.4614163856377,47.01176381072466,1340.5146293543626,17201.14241303503,97.82794781422473,1451.6580478433013,322.56048348745765,1846.2307706940076,4749.0033777816425,543.7603432673991,1628.5635868073578,1042.4111328204613,2507.112907038993,7053.123293106119,3233.4854195596113,5766.142290750096
1988,827.2982588497919,3157.7886694760014,48.83178354859796,2215.2577362205234,696.3050617114894,82.16141358970451,1112.7962526127587,7442.067160496379,7381.092023366913,6652.490808514816,0,1125.4563446438767,46.50646052247424,11078.872373353865,4300.555752203244,4385.3008580441965,1697.48580907031,1512.7518131060374,1314.0658789850222,3136.0856545655133,1046.6537309807954,3568.5957374245236,419.59162160276765,3615.1021979469983,1111.2460372620096,1313.8075097598976,326.3203313326943,9708.223634066499,1248.9568342535586,1337.0607400211347,8302.953418612402,535.0826652335787,1416.8968305847154,5340.233514105667,4838.222109688071,2826.5593228659345,3006.64267277796,4636.435744865557,3104.306239875156,2765.842554961593,3896.983022558217,4853.465893970437,2960.9113199308604,54.51590650134481,1282.5448335197898,17743.248166224424,92.49618259469878,1500.866828750294,344.14780786630945,1821.7614063553663,5085.998196582809,537.9247267099521,1674.7493172593227,989.0373937779524,2541.0613291029676,7405.637099753774,3363.4505726753873,5917.947101484848
1989,858.9721628472196,3170.004493467095,48.90679655517407,2383.2753651252337,819.250906761799,98.80662451248365,1086.6246117867863,7809.943719945284,7568.637089226354,6844.965454920099,0,1119.1463902067242,51.63763291104673,11141.812331960467,4529.960998691681,4419.237997353572,1830.9016476873542,1598.2840417371099,1257.6742708046286,3024.7736509047754,986.0801823205653,3668.7545151896566,396.467787302604,3455.2527637305207,1110.7056232885725,1333.8894309185293,320.749142889771,10043.023085497522,1210.0087635021237,1367.4042407406027,8577.308735945502,568.7587355731156,1361.9425680288575,5280.196223005062,4932.138716556565,2998.9548344492523,3027.7527451111823,4680.405256115212,3376.058509410214,2790.666497851328,3806.0411065348917,4819.1813945636495,2943.8415916307313,62.80923618507126,1235.5793221071133,18338.062645386002,100.54442946622079,1574.6995459363914,351.0366006549042,1833.1359683421588,5224.3382066349395,497.50873246989255,1808.0619254382373,995.7622384913867,2501.694359829894,7594.207647831344,3385.740565581035,6052.526396015958
1990,811.4014806738477,3105.6671550326846,52.56830228720789,2313.735415946692,843.2831825239599,101.486028026693,1018.7542285845012,8051.711633657342,7353.478025962901,6789.098891684959,0,1169.6447258903756,42.34668795358414,11089.234693132536,4679.309018871048,4329.340413829357,2132.6668191796425,1388.6793187537417,1246.79357693225,2955.506773036355,1011.4530754890557,3739.893987257054,355.32278397834966,3360.234026293886,1183.273545001874,1320.5352231962502,318.57364673127375,9876.026420439335,1209.0709526057815,1342.4386824825867,8837.315706727282,536.6347525152472,1336.5977600062304,5236.63037182339,5081.359182660248,3200.582145273477,3036.306200625952,4582.4470544714695,3518.912420234902,2843.799130676038,3725.291681066163,4755.7277546033765,3027.058073371721,57.1923659143234,1194.9553899545867,19192.297770227844,113.16787297940589,1617.6921541808838,376.2527561852935,1833.076170496527,5347.607898874162,516.6782673876961,1757.63092184359,1006.0988965523956,2397.4553047744675,7372.46102401106,3484.5970006863085,6390.212560903785
1991,824.5222151502024,3015.6651960630093,53.241821935146625,2436.0553618144813,900.7548238300715,106.72565215181663,938.7501240292444,8452.623248767573,7153.0387769869485,6859.4827314990725,0.24200828152339374,1169.8680328840853,51.30575568295947,10978.463683027232,5042.000537258385,4274.834284829227,2322.55347778001,1397.5978257975987,1233.7582192062612,2871.9122768381135,1037.2474946092655,3625.0420489389144,378.5009523025878,3773.393125512755,1226.9819873236063,1330.5615318156188,328.88925459029207,9412.9121098524,1218.753705751811,1293.5342647425396,9292.149977372226,519.8337887122497,1338.3057968243672,5246.255526864129,5043.936603510572,3501.6178253619837,3103.272193974478,4416.167121238889,3528.4807446110804,2694.762214762989,3503.069875051124,4664.467618081891,3004.7748233944562,68.48834367112043,1117.8362523565556,19848.55121742266,107.20966871486343,1645.4143060775539,384.06714277762586,1607.1769975968577,5438.410102393704,518.139730741586,1780.4549271676076,999.9782192546628,2416.936707574133,7349.549501583945,3433.855506535434,6726.136168379681
1992,805.2072942307831,2962.234677498451,61.47898829985479,2460.116403407419,952.3262740144824,125.11093727947105,823.6270689354088,8753.938123910064,7110.272253838848,6807.661669405711,0.239217853306828,1202.5481485734244,58.129938353559204,11109.277107569093,5134.33278552445,4163.586736805341,2459.877185554112,1431.9580698946725,1241.3014408091306,2923.481385262745,956.6321953740052,3648.311480782434,388.48979377028866,3758.3516933035744,1208.7678127594017,1367.8476852084425,322.46566625760414,9669.424848515295,1194.8931772676058,1373.1104779811928,9571.106310806188,494.4633027852135,1254.219204887699,5432.8766664513705,5235.521937473237,3457.415633843585,2979.458362936543,4467.393410505013,3695.198180030572,2742.393470309476,3441.8664733786413,4631.018422166883,3080.647514885331,83.00859509746931,1087.4843611328401,20708.37190721218,106.6911625748453,1718.3018403029455,404.51738994184615,1400.1420954048642,5458.9514124618145,480.1102315868038,1801.3104354004147,1001.6051517956889,2335.2446839812546,7518.617129433604,3478.466804934586,6967.937631121286
1993,853.2016109793575,2869.4985101715292,64.31755565222679,2554.4594284858945,915.4142284466025,121.38476866729347,758.0116286140619,8717.484552092543,6806.434562149469,6823.274067629326,0,1187.18513632983,47.71193219292461,10895.160045466664,5235.449030091261,4146.96210643503,2426.292081222548,1374.056870752118,1202.8552317069177,2906.6857514395438,942.3106608102609,3516.4161790226535,349.8875027481137,4088.0238372555345,1130.8195693764237,1336.8696294841031,324.62824452833013,9688.328819410337,1151.4011871851362,1356.5157192106014,9693.240341841962,460.7475804904974,1219.6947371867736,5443.370146363369,5069.626677518792,3457.0101458020517,2843.303723869531,4396.7481043862235,3818.3578675572894,2701.337337393525,3321.124691860438,4415.458666030508,2963.986846475164,86.77022962536778,1055.2756767376266,21032.54234433982,103.60973510522352,1678.5712615128425,389.413564221664,1338.2729216074242,5487.807730268543,462.15087261381865,1790.600749357994,965.9327448861696,2335.54585724777,7244.261704625718,3417.250202307948,7203.332351028847
1994,781.8809861693535,2860.356557807174,71.18379564774972,2801.493034483073,871.5451903025768,145.78988916317974,777.0897691546012,8871.964992174346,6592.258305916925,6544.117982578222,7.072748926539235,1182.5179898791243,56.58199141231388,10652.244342941625,5397.64819690533,4065.918019995346,2413.1763030969514,1353.1765768807809,1224.9544834383598,2983.1029746613067,960.9812412446213,3631.742497182308,325.34645062080483,4245.474581452971,1093.5382453194372,1354.7736492190315,347.0210037827799,9754.00522927114,1190.2751983791998,1433.486500175678,10075.701228833088,474.7867908428435,1204.648849423457,5290.188043860169,5185.9220354915105,3392.6379528270463,2761.109919644446,4348.827977056915,3779.3576118749174,2649.771162349248,3168.5915190895776,4649.533883030422,2987.894191676059,93.31465519208217,991.0974624802078,21982.103663683945,95.59618710386903,1709.323708310708,431.4376845188934,1363.4434704838216,5510.127720156422,486.19445040177783,1753.8135805905515,986.9907050389913,2315.5267372724743,7376.877130380423,3424.579399592062,7625.107802382831
1995,814.770951412047,2737.49682773605,85.92939542214485,2975.9175077803948,904.2621870589439,152.26866960815306,778.4847041223849,9177.749184115974,6498.577490060239,6677.782576368081,8.014140505692266,1174.071584083917,55.65375351175185,10657.471182486432,5255.717866635797,4028.88652422274,2467.0195856689356,1432.7502304065395,1251.3189939582285,2913.8079188612796,1034.4919702764432,3612.3738329407884,363.75293295281006,4156.890157299769,1089.477878746054,1327.453328762305,344.16281171667345,9585.57988985009,1231.506257708045,1456.5700369095694,10047.060813969538,443.2264929675917,1227.7218024692459,5354.113702844575,5355.4493929288565,3479.0274395266315,2632.6451561199096,4267.752434295178,3730.3597903857026,2573.8747924114996,3157.1261292146587,4508.6218794940405,2916.256684015797,93.05307587164909,973.0502263994692,22366.575691330927,96.39230108235421,1736.8423395947516,442.7812629394977,1311.4250477509204,5373.7038240807115,462.59399918968137,1657.8140096080642,981.7322119473025,2261.1006976754543,7554.217886671148,3430.9425964924776,7930.214645396544
1996,738.7723604528986,2669.73889007573,75.642965204236,2967.0789607920933,940.6322618336552,161.96750186382522,822.2630108080064,9213.618349631812,6405.890995653254,6717.836480400406,21.581134164897307,1197.425959270514,64.08942873211927,10760.7022806245,5360.840923062167,3863.2410067708083,2420.13890402717,1451.8217529112733,1263.2593180361603,2951.3835904903494,959.1615184398802,3624.1046009234115,368.40521958259035,3983.1361965757933,1109.1395013232068,1363.0993124555841,332.8726451494766,9813.53028116512,1245.384035192508,1440.7041989475383,10220.737943993687,427.91683197670113,1268.0551256283597,5395.719523732708,5435.175940741257,3388.2380638888767,2550.279682779127,4280.694258546347,3589.8799740154427,2556.1654466422806,3113.569083608366,4456.395209424198,2881.844380403458,97.66008187751507,914.4733113307494,22625.094281217436,104.85379326581416,1729.7606020046476,479.5807592199401,1356.3415835756668,5468.3106113782715,453.85779122541607,1690.304184996098,985.1024776885952,2179.9125419088186,7724.738083508089,3522.9566589788415,7883.217725304861
1997,808.1038015023901,2677.9929608292914,84.70643856484968,3442.758584461293,1017.5716612092664,193.27076292703427,794.533260957117,9203.89080530214,6340.287870563309,7011.15410880947,18.823653014411036,1243.6743770684132,69.38486052986394,11131.345322103347,5745.1540037472205,3894.08849743473,2473.559333905339,1374.126670052006,1301.2397345427166,3080.731583463202,1070.3216655868603,3706.070846976834,393.107916440491,4194.391426920451,1161.3756150519184,1455.9876726960724,339.26351363182687,10110.271585914654,1277.6007284315956,1605.7013780665045,10881.60360013308,439.07265054544814,1276.2874503143112,5421.212068150379,5913.910241818277,3504.26377628745,2586.9390113642335,4356.581274405085,3446.2606594407184,2579.497102032955,3113.3446567091,4538.689173335201,2920.511653154494,103.96785095168887,974.4523630250924,23353.368120611463,91.7105885237003,1840.3404016880002,531.2209984415766,1365.3714826034425,6061.654030012783,472.56124253620277,1824.1433049081581,1097.4627466774064,2271.3145038435273,8022.159379432314,3591.1590117144406,8331.217496366597
1998,763.1770747757654,2523.3503115481353,91.2105087987597,3515.0802778866127,1043.759979440772,206.22422197225345,792.0358269823014,8956.745575342407,6339.867628905938,6998.563381824463,16.009234800706093,1241.1369927073722,75.83321747702885,11380.03816938613,5794.921702202955,3654.950434566466,2463.9476245244623,1309.8081840893485,1319.9192797529522,3016.4768729751477,1066.9312403365311,3701.2929563579837,366.3165699793144,4238.444913486937,1196.26900570013,1474.324136449236,331.34903080935106,10046.848076574697,1219.861562248539,1686.0252019059417,10849.416294873254,418.1359352552841,1259.8846492503044,5430.922258313217,5958.805711083867,3605.237547553747,2449.623572334357,4291.106870068208,3312.0157733092356,2683.232011728871,3018.1620555857485,4350.930852744531,2914.944620686459,115.85630447879407,993.415148949078,23583.709339703324,105.53456098886515,1862.5480803663586,555.2676701929113,1367.7363363287454,5924.259467566554,473.95760923143035,1817.4694455327915,1164.0398882723928,2181.258241596205,7962.487835088029,3609.6611519065737,8572.313292299137
1999,700.7250206006272,2341.4865250639277,88.07147759643827,3513.7482613475545,1079.9385321825328,231.01047341962314,759.034412664476,8858.978330367248,6226.147308150965,7163.146844510313,21.66355885705493,1195.5450004757884,81.1877299222339,11201.882097599395,6163.383726415572,3559.707400231213,2464.7865936989415,1198.9868743128907,1256.4864137091859,2884.897664992296,1058.6798996592545,3657.6995730051813,373.13961657525454,3977.3889135219074,1184.814452630705,1629.2211039506637,319.89180368361485,9947.015389225315,1156.4696092663341,1711.218686540451,10850.608503048083,400.06721777140694,1239.4795076905634,5239.139369570191,6011.33388808241,3592.9113596009047,2313.1416816995566,4141.586541868371,3135.9519919338677,2486.855078889773,2895.425749670491,4236.94669347279,2807.961661574718,128.56411097411103,888.4083763061404,23210.984841582696,86.85669859510809,1898.9020422459641,527.0116234104111,1304.6726474286165,6126.737893208778,452.70764116238155,1897.4848000777456,1261.1430665476182,1949.922760301832,7878.854139460678,3605.86900228176,8450.610122753418
2000,722.8947333832788,2185.7708029388955,88.06172206669032,3496.369566319489,1092.2282244390994,213.86418216196222,738.2914523800135,8551.75081349128,6183.097031249707,6990.673719115027,15.584483862548607,1095.4202271579347,95.19678696761619,11084.886618185777,6166.198193326461,3370.003811626776,2328.659865823227,1128.4668435411702,1198.1276087581043,2811.403335830606,1119.2663651162923,3637.0054508140543,379.4727938097679,3506.5088690734365,1159.6358112662676,1636.9341001650453,317.13485835957346,9678.152243508499,1127.1524894804734,1964.7715558760076,10736.395027235294,392.61633441673666,1159.6358112662676,4884.702984147012,6115.313914690912,3727.3203512705113,2222.760481504222,3935.9271171896858,3044.795064037208,2418.411471682242,2823.983581840133,4341.686992213391,2864.3530279901083,164.48202245292265,878.7395720087649,22699.082393100765,100.82973294203136,1967.4002639974015,537.3830459592062,1283.1850929717734,5995.89546003331,411.5805858639343,1756.7280845542743,1296.328633578742,1874.2688905537375,7698.547263233198,3632.123564302895,8370.74548284674
2001,725.9133725113498,2016.6695277088895,122.720449390598,3590.486243256767,1168.0357058069417,226.26582856391505,739.244611805269,8488.52965561574,6428.5792551307,7088.019050888811,17.714112486440484,1087.865650327072,109.93706924574404,11268.914837121476,7160.701697998123,3202.0541065695616,2221.934088891973,1153.608748214892,1166.3921283597463,2846.4935188262666,1037.6452283294313,3608.7482148922727,362.50013696478726,3596.330074180129,1257.3367471045644,1992.563725150022,313.5580529816321,9824.027641320268,1052.985284503256,2260.649468759245,11367.529483953205,375.83137625870637,1220.812803833553,4873.024511218329,6239.933088135927,3812.003959195451,2132.4504278779955,4005.9460979645205,3156.581797197153,2357.62053814378,2830.7882232197317,4907.539637609435,3007.0162495023615,192.8464204709397,870.7308075809098,22962.60313448481,107.38039321677324,2060.1330202013933,620.3591764581271,1305.1831127895891,6335.260580073266,403.9548125773851,1786.3860653851632,1354.3078164890994,1861.8080082398017,7730.4752130258985,3592.860299569383,8484.329402139574
2002,699.6729789337592,1999.7983753296298,106.47197505513728,3700.8738837686838,1147.138256158838,252.3845654546194,728.5017695217781,8339.833075996583,6609.751913223571,7153.077340747462,16.978919610121558,1037.6595974227414,100.28174394728045,11506.93217452207,7350.811008707002,3200.172619016036,2147.4796031884994,1060.8287481407199,1132.9891564837365,2926.7412677947036,1029.7007288554971,3594.755636205424,381.4950999899188,3433.8096274011464,1158.988127136735,2104.3248491794407,327.5516574785951,9989.264370621517,1014.8441741966406,2447.4405163006472,11871.09462740999,385.38610240057164,1248.4811825817508,4812.639390739768,6650.430574789489,3714.4923922059684,2122.364951265195,4027.0106312797684,3059.9196684865947,2491.1258615475226,2855.8189056732585,5068.3843673672245,2910.8235306602146,251.3233829789868,859.3809415164652,22844.60574418074,112.30847867111655,2158.7988829285805,689.7686091611884,1320.28786343289,6313.151411284261,396.7053821406527,1803.833344829477,1397.7541841540697,1860.2528797839434,7838.070628768304,3650.1139886842575,8491.228442520167
2003,717.1738238282012,1945.6535633312926,127.49009344788381,4123.749487012157,1213.846971521606,279.19994079615714,736.0114101951708,8286.01511043535,6628.475702877441,7437.14637477378,12.614455156452882,1022.7800240851997,88.1329933597508,12066.315031721151,7987.809390536804,3113.920303554249,2255.8009674446143,1062.9780878504296,1141.3559025558568,3034.533332436305,1033.2079736812009,3907.7900147336836,373.8924508372634,3443.4098722407984,1228.1433540322525,2207.361459643835,333.3580016011948,10344.021421026784,1039.5992976271368,2762.7338719986005,13197.411177416423,369.01486151010164,1241.2623873949635,4809.134883846096,6965.870330128701,3768.8628152772826,2072.13450036666,4170.843452929581,3009.9771930650772,2483.0293529961855,2825.637955045446,5094.557955852771,2975.4976823041056,302.74692375486916,867.0335510868614,22848.14214304456,108.82069981633354,2215.434710943965,731.6383990742672,1347.8965816508453,6678.092559826156,399.4577466210079,1814.7996151750212,1458.9037870276306,1886.4497204636739,8180.053687121146,3821.5071414635463,8506.515786570148
2004,707.9283599633609,1908.2334772428153,140.83538360057148,4519.706011998362,1229.6914126367321,262.1320069901868,716.6817245378693,8026.679004742448,6525.320670132583,7242.627634997202,19.695070292643734,980.6894525083079,102.85203375047284,12194.531022861913,8093.73602978645,3047.7339727457743,2239.2982302572555,1028.3640274230409,1088.8560290361609,3025.2253209827527,1017.2660116232177,3798.491295091551,376.70729686723337,3279.3855138068693,1227.5030714931052,2269.153455859596,329.0327219525005,10154.371836674722,965.5273745846059,2824.6794861774993,13775.294878969105,359.513187881592,1263.610700362952,4563.472834870903,7147.903725494487,3659.8442526346066,1964.6614167320563,4157.222932564705,2956.605195121875,2317.9222013461426,2804.9844158848555,5237.638217189732,2903.6160774297623,287.9231704686489,870.6471550002032,22623.85229322521,107.228716037727,2307.1368057096947,750.4447021824014,1275.4902665712134,6888.116369729614,397.02760748662763,1881.9733835192903,1437.8964414446802,1777.8708691153163,8226.130668975888,3997.9429593249906,8254.891724006415
2005,716.0286183003493,1846.254449300462,140.06462104738637,4789.039265210433,1267.2921268263012,284.55534123082674,739.3013331125043,7927.143552672722,6417.41541510385,7428.422124213475,10.565526969935364,962.8907281789743,101.08639317181402,12194.474229394724,8661.733231866201,3011.0324090400936,2185.7790862532497,1058.1232482998782,1077.826528324893,2966.200308113611,1024.285006517788,3745.0509786676303,421.19330488255844,3148.8125918237097,1242.4488607078047,2444.063387450724,304.8297308217838,10276.831084351456,986.1634429911292,3108.977699599224,14493.190232313094,357.0862561055182,1278.2859859706934,4564.593205795049,7530.793513908659,3728.060469080842,2011.4478912493166,4139.544911342378,2870.253901035279,2328.4137003473775,2784.0163565779685,5583.881003610841,2842.697864478556,301.54585081761473,854.3799106499083,22053.824221042247,108.79637231203712,2383.6685508523096,790.2728618728682,1309.411457314557,7046.064269815003,402.2039118149719,1850.8233258280018,1434.198897472983,1761.016346583551,8490.971471649407,4036.887966864223,8025.0888432318525
2006,684.2858266698134,1831.1179379689297,150.13753718437448,5074.808761311983,1329.5038927756646,298.0083442336385,764.6880779328488,7739.15002953416,6163.772585632398,7484.076220800849,18.2671781476548,1002.4280679859036,96.93604754266453,12329.411890199592,8921.716474727958,2878.480597456729,2271.796943647755,1018.6951901319903,1111.6311256715187,2977.8167122012746,1012.1616738602014,3790.1061229714433,437.4789160763168,3005.0174738226006,1320.4369722352226,2514.603742238116,314.0087922461829,10155.35101649513,1001.361371451734,3281.958561506389,14611.609125055502,380.8106626985555,1353.3712277277098,4418.657055730893,7709.682537777725,3796.9063133767745,2028.323459723539,4146.249428317326,2786.2113472510564,2301.9311207380474,2704.475725320309,5729.893770358904,2778.8778085786403,286.14134529100147,823.6230614457204,21960.881571350666,116.93660755834497,2409.0007853553234,830.4232518510518,1297.636333817347,7428.741338090799,419.211737928662,1893.3863481510816,1453.1073536725696,1733.7818792259516,8865.181558416969,4151.049562721089,8018.4911844198305
2007,646.6621327011206,1863.841201034761,155.21416631178852,5138.593157101906,1428.7076291385677,310.5554531529069,768.4435997991495,7766.174498350611,6209.58361670618,7576.002186473104,18.17823569417343,968.1499513763976,103.3489903451958,12738.748244147688,9339.291048807927,2893.3903680774924,2211.261607693334,1022.6846584589179,1064.2530715497899,3054.197837679796,1019.1252836376812,3709.122804787359,413.26884085145326,2900.3819971906364,1330.4434599665674,2626.6914975433956,305.8519935677012,10429.603828870342,941.5817607464518,3554.2900000635605,15105.351138682141,385.1752038695489,1361.460869123059,4454.04910666048,8126.942560588822,3852.2605208128084,1994.7753462445417,4212.011618816381,2719.743725012871,2355.289167424093,2638.640827300405,5956.359522281051,2818.516376302191,310.3012120942472,875.2248444362523,21836.128925640845,132.9680736790588,2511.520297970521,928.6154667548036,1321.0365407961558,7783.590010868806,446.70154006521284,1949.3933172737732,1582.3963490983976,1726.2967882998266,9326.833236933599,4224.08806910272,7886.939001214001
2008,636.3834021842752,1848.462620986914,157.8116152215933,5287.824015558959,1437.7462446569837,318.1319692165806,775.0808172276286,7507.221583754842,6077.240482920268,7558.829924236089,15.291360142591934,939.1045475071498,100.11062343353156,12589.80687489995,9304.075864260507,2863.7850417047953,2126.6936973314187,1006.9599581399016,1014.2472469578556,3075.4748086788027,995.6109017840716,3613.1811524429145,406.0572900364843,2861.395766682516,1329.6315498988142,2649.7059997085084,300.4513340517087,10406.60682329161,906.1325521996861,3672.7935642487996,14965.224102050714,367.5899621777764,1390.080207962498,4317.300501508827,8061.413925172685,3778.51898398469,1951.9182294516377,4210.14151675957,2591.7660804182187,2297.168470171096,2546.0114637415572,5905.690536320564,2754.236781933258,284.4431914024328,847.8342416560542,21100.165576759046,136.18867626995942,2442.7947827790613,959.4133851965298,1337.1577662189961,7832.879769291603,442.37427037514004,1919.7824804019717,1573.695993424715,1694.5933095520827,9308.615486802839,4269.156609809886,7574.360211880909
2009,602.1323050135148,1792.6084954897055,171.38663640051598,5210.085374247335,1413.483934781915,331.71974638424336,777.1654655927653,7263.3063946359625,5907.483123430286,7507.737468491751,12.307019103228543,945.9311627398159,99.36778387051193,12622.10158304731,9298.29479413092,2766.6862667341275,2251.5007726073104,962.9102909470479,1003.9336879578098,2962.800895221686,972.0266013938838,3718.429077383801,380.26409951364485,2785.830518672483,1328.2464321039988,2825.4864691162193,308.7010625059826,10392.59390939299,889.637945730604,3752.045472156509,14915.081568187725,354.8523841430896,1373.6000765770077,4240.2238965845745,8047.878862466782,3778.938587974675,1867.7041027955165,4107.125764060769,2548.692493174163,2233.8379211165657,2384.48495125053,5902.924968206868,2756.772279123193,285.34051698596545,818.9865397676252,20535.856728065017,131.04696267326688,2478.2689949723544,980.1173269154508,1302.0370395693456,7835.696736816676,428.0107754789482,1933.7973535350773,1609.2567016277173,1597.063636405074,9304.448303682533,4222.674998974415,7328.601968211425
2010,600.8307599872192,1765.2322805348879,179.50615108452075,5233.596842560049,1443.692285481657,341.9215332012072,786.3876802094202,7171.541428130132,5879.8614480021315,7275.253734226865,5.413846070556215,922.4769088849706,91.92922935493493,12498.341346179363,9320.307548918345,2674.333805010249,2287.1907340432194,987.9738309542488,956.7646006651601,2870.1876481509594,959.4184467781778,3725.7876349878825,365.5938405293255,2787.069187891243,1330.5322872225802,2927.404570347622,304.3430722408758,10565.173683612713,894.5584477760239,3732.793788726249,15241.993611661635,346.1676869820356,1369.1722866281186,4147.643013113185,8128.09372110625,3723.4522504084266,1809.0738183219414,3991.7030155122616,2511.5999613600006,2195.2615046882847,2261.9261190472907,5969.667600466652,2785.5830340679536,306.3599952867693,830.2292179964735,20108.29815218003,121.75845966525448,2607.775344495764,1002.6230614981066,1318.8553643253022,7914.406032086061,428.75537801914805,1936.246124057752,1663.006128261444,1524.3692073173968,9423.913701170559,4106.349167594628,7218.779888941848
2011,574.9666554619872,1734.8959777814148,182.18220768771675,5231.735964178999,1487.347695576373,373.67442598884566,796.5449080611952,7008.967990223509,5825.12664064437,7179.096184169651,6.8600078204089145,916.6930450300714,99.76411373108965,12657.008428989608,9412.322730047912,2631.1069994619793,2291.9286127986184,1010.7731522813937,941.5850734069836,2926.577336298163,954.4230880423204,3658.050170177194,379.75043291549355,2690.691067387817,1360.5355510105283,2950.5873636695947,315.16835929192956,10539.520015052816,878.6690016826619,3766.830294186535,15516.259688536044,339.9623875571218,1351.3235405088362,4124.43270185328,8205.255353991104,3760.950287483328,1850.3401093877246,4028.7845928144357,2603.274967733463,2195.986503424614,2156.198458066242,5952.526785880536,2784.4771743039787,354.36840397998054,827.9049438116359,19587.772330060456,118.09013462275348,2570.934930865821,1052.423199762448,1342.3075302305845,8057.863185964032,423.85048318955086,1899.9281659181092,1728.6239706313268,1516.0617283103704,9775.315143859265,4148.442729224711,7055.6160434022895
2012,538.2719131275938,1743.578824483892,190.43720711675317,5356.103810763235,1584.254009276816,380.3237524297952,789.2819186525672,6795.441988696749,5730.003175483068,7169.6166843184365,6.332610742677575,894.1829922595306,93.61250663088589,12709.733314488463,9447.062127500234,2540.8453392902707,2134.824036020624,975.0385004377761,921.7160824450854,2886.202067184411,944.6603242663808,3602.613073812544,358.4808342159218,2632.346975673597,1354.5362601620047,2958.4305404378492,319.4756231197194,10586.932061182197,840.7687972995545,3777.448196490816,15315.556746616643,331.7737367359338,1316.0817108695132,4030.5690722633485,8321.32584678019,3737.8005466236173,1826.7287568442675,3983.212157144195,2631.6127599353154,2144.7359484874237,2037.1733428291902,5870.421935429397,2828.5661317293166,353.3413240479517,844.8069838601026,18957.17503152539,117.65807205960364,2583.7051830124506,1059.1979794382883,1347.1023258119048,8189.442344791381,428.9655450909418,1889.2288715654765,1845.8183660395853,1489.5401790385079,9683.204264325008,4054.3393067902102,6905.482572471683
2013,526.5570354160488,1756.1468619235943,186.04319437643346,5432.739601281341,1612.3743512624235,397.0487060908924,800.359735695157,6619.188976918989,5626.87163019588,7368.145473775216,8.26278796903281,852.5457649732591,94.89159657068207,13106.260323048915,9668.940527931267,2497.971268111814,2037.951420025345,922.8229510677697,906.645281991558,2960.9483245240417,944.2192230717914,3652.5001891743564,350.51616331791814,2639.39540745547,1271.0777197836367,3011.133889346483,289.5454857780024,10628.554629640099,862.3741338206349,3951.439160222417,15012.61597257798,318.3347785964219,1342.5725798946364,3941.6977680905047,8353.765613407635,3586.1369552757033,1862.7803150818495,3989.0131013026507,2632.263316787463,2107.619769111611,1992.2016676915423,5838.39900220312,2811.6962807886703,357.4743005549984,824.7132160249381,18525.779463579805,116.20089185924037,2598.603327903087,1137.1335779698418,1316.218635109195,8332.195387972686,443.0593885710856,1869.825429034393,1865.128686399364,1437.899060042636,9733.30329737426,4048.244244533296,6717.820572254602
2014,501.592052843876,1713.1782817112203,190.73108327622737,5315.332655252116,1683.0628475097108,403.03245000257186,739.1140586811265,6328.22338849242,5465.495013116391,7134.039400611601,5.890346634455043,821.2470610488799,90.42926523318306,12926.40717062592,9671.70028588922,2413.2169422961733,1884.5790725109966,899.3978572412271,888.6956781448229,2906.7616201605824,917.8985234311352,3582.326305292518,335.99864604990034,2654.057453279596,1149.2812947479679,2995.5316328206795,277.17814233400424,10773.278069160966,835.6825584347275,3985.2757926664353,14440.806994081446,316.9172414594122,1352.539734950994,3869.708850951001,8255.528214760378,3397.9003817940165,1831.4000275435928,4018.1289936135367,2635.8886376043047,2081.3664276789877,1886.0723998267738,5449.732113672076,2699.1061606388785,356.24152744154867,804.4886100607121,17750.849952130564,114.40546491427472,2481.5781483073138,1212.1669672679245,1221.9565574491314,8437.797109913869,428.33605174213227,1885.9064745694654,1838.4518509792078,1402.068424257609,9474.16626706334,3955.9899847514685,6432.175562196253
2015,486.5394464361264,1630.9966503691592,183.2276699229871,5118.445873083028,1716.0893616615185,405.5025559623747,694.976826153205,6154.509277491308,5248.550242872094,6990.565047413341,8.032115738811502,779.6719079535442,80.79831277853947,12716.111628913071,9613.329176779709,2362.078234397814,1778.0400365182925,907.7881302825078,865.8779818235606,2785.4741175011054,912.0825287963278,3507.96690450212,317.06975693704413,2595.963901604196,1082.7451067714712,2899.9118853045684,259.4134805940903,10615.03739307743,805.9949803252928,3905.357818827279,13758.77568288889,300.36931827218854,1288.7967095364277,3728.5717466750225,8028.457547484914,3212.130562438964,1835.5372610644383,3933.8280904559383,2679.068465436454,2024.0931661804982,1786.4697817491244,5111.9247494138945,2624.354647334451,352.4587817268572,784.5229877561926,16942.833603191215,114.6763454986751,2404.0679087551653,1259.133549431708,1196.149037895681,8350.776013716626,408.76311779694174,1894.227374086645,1805.078841975678,1339.534232718227,9396.4620518318,3854.1431402550556,6109.099989502582
2016,452.9339501165421,1448.641276000106,186.84109320723636,4768.2625491041745,1736.2987090837469,286.64537716210174,630.3551382079137,5709.396705680125,4864.0186093728835,6684.24010948888,4.203924597162818,742.9268968652735,67.65204583212017,12248.679267022391,9359.259611027985,2229.79274651736,1647.0042366217883,876.0511757754296,857.9120196432269,2663.108381847142,879.6322967285681,3317.5971612609906,340.9071446477033,2400.285244068963,1057.2870361864489,2807.9102290827504,253.16968129580528,10162.364909997088,767.9947435372444,3826.272037517692,12949.722618827042,283.5313589419812,1222.4078523083438,3639.1195424884436,7806.687976931354,3033.3651482194823,1712.3986192443213,3751.068497501779,2507.796723118627,1918.0795226832872,1681.2584370431152,4645.959483508938,2512.389899993305,365.04078585363806,753.2810074471746,15822.015174610788,114.6737209559413,2288.6476908776394,1278.5380307260177,1143.7010417947954,7974.144306718339,399.21713581946165,1794.0637470669842,1762.300761221754,1249.266259456884,9001.458917536125,3707.5500928755937,5737.111467839199
2017,450.3225469776665,1367.0067364201045,179.57647578864,4718.640498639363,1720.250547554767,244.42353649009337,630.8966698540212,5477.389479888202,4683.262398067328,6590.379919359418,2.6859729284625646,704.1853597592141,61.9308615219797,12105.83347274812,9241.972394337663,2104.958612994277,1559.6293664327056,858.9741425223282,842.7815628678824,2588.203513866527,853.9859070837548,3252.7899584518354,377.110599156144,2236.1875760705902,1038.8575866456495,2756.882613773976,251.94426068978854,9862.662367063525,737.8751344905016,3755.4506064926873,12575.495024810714,281.7969312375582,1238.2335200212422,3543.412229311485,7722.862848082907,2968.8442488715077,1662.8474689693383,3613.4777517025227,2496.419981796778,1838.8170668254718,1604.139774961514,4338.306731969064,2445.002785737637,353.0903269673217,737.1077136537981,15201.455643843059,113.42479966479058,2206.872100108513,1303.0038386390252,1127.264467033903,7846.571086959525,390.15675338010504,1757.5472002185616,1795.6880158027298,1213.6760532467274,8870.080256871102,3692.905808301344,5445.925225583354
2018,439.6244614303103,1355.6573782747043,176.19161562732688,4792.3227717445425,1726.915628664466,335.14305629660237,597.6098578131432,5274.007315184581,4572.287607732515,6527.784176789077,3.3439994530703117,679.1291333691017,60.34061235317984,12053.63180633933,9257.52808587985,2090.742769158516,1500.192465746299,859.7794149338558,846.6263504184458,2549.3908719218484,818.9083105074408,3219.8999178119248,365.3876735721494,2115.488365111236,999.4099698742805,2729.9668423876456,252.95498085002978,9942.37917386865,716.5076161445321,3818.9216865052526,12362.022867011372,279.7812875735494,1229.9229988392606,3527.250623098565,7753.1741985919525,2901.3282365827595,1603.484893296693,3611.5194093159366,2540.770784442823,1814.0082366422087,1492.1668670589302,4314.279472153402,2430.121558095674,382.2562930354152,737.5376571493965,14571.068905709619,109.68318206070623,2167.060267787476,1381.889196206567,1118.0104838098407,7856.540937241305,388.3498031498989,1742.446648346504,1847.74547556874,1171.2172306631376,8807.574381694501,3601.4130998577684,5135.937293322256
2019,427.5318288680167,1246.6779861213643,173.7668798055628,4822.882713034787,1708.7786346239027,333.8340015218798,515.9059160240321,5083.887948755807,4410.54128950925,6437.750570704949,2.5553952912582765,651.8387488784654,54.94099876205295,11781.15310792854,9189.698349782508,2010.0313461822395,1442.0947427000874,861.7360787743188,794.8699019863939,2563.0614771320516,851.7984304194256,3239.5313972901454,364.711694624584,2016.2778680053152,961.1835455257867,2738.4609705959183,235.735215618576,10155.495803473066,654.6780769798635,3770.627718656657,11712.299401469636,255.11362991061793,1126.3614578246204,3510.332314960988,7501.078944678531,2794.750650206135,1475.8117639041898,3627.241649536054,2572.289293461595,1813.691807970562,1387.3666935456395,4280.0031800474735,2392.8437574532363,364.2148122068394,711.1097229951504,13946.56668445979,105.48103896693885,2155.901827391566,1493.9834637531374,1112.9456325455144,7621.821372190485,382.2445456507172,1663.9882338243476,1863.805948960238,1096.2645799498007,8279.906642892027,3405.206192006723,4923.181978216675
2020,343.4768322353807,993.4492039484452,130.01908751582934,4194.638512478264,1488.6047161301199,258.56138463867245,410.36313045104873,4197.469027398154,3616.844271222401,6104.8053528729115,2.1536526564382523,587.8856422746018,41.35013100361444,10152.072490717757,8881.171291687024,1687.7868203841379,2712.371688451376,705.9673407804592,653.602814762489,2284.8408696818624,768.2386690180451,6618.974541364284,282.74382732382196,1632.0379830489076,829.094739795686,2368.03339515342,185.64485898497736,9558.771950335538,598.2847079585465,3123.1655494337124,9161.39226875616,225.51819959560558,918.6251573704762,3250.723319627898,6017.982384351929,2339.7897788875584,1159.1573926281085,3346.2224317076743,2205.217254326688,1716.8303647795337,1131.0368422283289,3562.387625481034,2002.404707023246,287.78952783319164,586.4088518816155,11644.246116964261,86.57683678881774,1841.0653565895004,1302.529126613855,1028.0307123175394,6267.621493699643,291.41997088261604,1441.4704894206427,1600.8407859970737,876.8442958355741,6612.882780993215,2667.5141802644193,4135.936094357061
2021,220.5671646025734,566.9376232426835,75.2436481252926,3064.334454043779,1016.3566980181866,148.16075811096454,263.5230029365451,2679.2072746875488,2294.3638194946875,4454.866578712175,1.5888553148628901,446.18461931310384,27.407754181384856,6684.200819962833,5749.499936162063,1133.0808188279354,1803.974975528791,500.37593451646313,410.94607822275185,1559.3480018725795,539.7568483919933,6442.297598274957,152.0194067327744,958.3067341930176,615.4544551786753,1936.4741598218213,111.16312720772865,6941.311656807252,379.0554822601467,2271.1551829311543,5657.459817565363,146.74213729412264,549.063000950476,2442.5245776056518,3772.736945141933,1651.9555687960167,655.6865415443107,2374.7712473932843,1471.0530422323418,1245.0383736930955,681.789164574201,2637.9537813337874,1283.511370245847,211.9419500361748,368.7279227135379,7554.780042842349,60.943950291526576,1273.0135762012171,959.1011618504491,770.0273793817651,3779.3193457320795,161.94975245066746,942.6451603750833,1092.1110496375425,526.4785575463535,3852.009476387056,1624.6045594473055,2675.2351364003916
