Year,metabolome AND (review[Publication Type]),thalamus AND (review[Publication Type]),biosimilar AND (review[Publication Type]),amygdala AND (review[Publication Type]),GWAS AND (review[Publication Type]),cumin AND (review[Publication Type]),rnai AND (review[Publication Type]),metagenomics AND (review[Publication Type]),hippocampus AND (review[Publication Type]),HMM AND (review[Publication Type]),junk dna AND (review[Publication Type]),BRCA2 AND (review[Publication Type]),multiple sclerosis AND (review[Publication Type]),mass spectrometry AND (review[Publication Type]),viral therapy AND (review[Publication Type]),neural networks AND (review[Publication Type]),Synthetic Biology AND (review[Publication Type]),MRI AND (review[Publication Type]),coral AND (review[Publication Type]),pituitary gland AND (review[Publication Type]),cannabidiol AND (review[Publication Type]),Dorsolateral prefrontal cortex AND (review[Publication Type]),zebra fish AND (review[Publication Type]),Medulla oblongata AND (review[Publication Type]),carbon dating AND (review[Publication Type]),Orbitofrontal cortex AND (review[Publication Type]),race AND (review[Publication Type]),ethnic differences AND (review[Publication Type]),cholesterol AND (review[Publication Type]),lithium AND (review[Publication Type]),artificial neural networks AND (review[Publication Type]),CRISPR AND (review[Publication Type]),vitamin C AND (review[Publication Type]),Brodmann area AND (review[Publication Type]),pineal gland AND (review[Publication Type]),antibiotic resistance AND (review[Publication Type]),Cingulate cortex AND (review[Publication Type]),vitamin D AND (review[Publication Type]),opioids AND (review[Publication Type]),LSD AND (review[Publication Type]),subthalamus AND (review[Publication Type]),eugenics AND (review[Publication Type]),basal ganglia AND (review[Publication Type]),miRNA AND (review[Publication Type]),vaccine AND (review[Publication Type]),ancient dna AND (review[Publication Type]),single cell AND (review[Publication Type]),hypothalamus AND (review[Publication Type]),neocortex AND (review[Publication Type]),epstein-barr AND (review[Publication Type]),epigenetics AND (review[Publication Type]),cerebellum AND (review[Publication Type]),lncRNA AND (review[Publication Type]),acetylcholine AND (review[Publication Type]),sleep AND (review[Publication Type]),Insular cortex AND (review[Publication Type]),ncRNA AND (review[Publication Type]),PCR AND (review[Publication Type]),somatosensory cortex AND (review[Publication Type]),Norepinephrine AND (review[Publication Type])
1945,0,0,0,0,0,0,0,0,0,0,0,0,0,0,0,0,0,0,0,0,0,0,0,0,0,0,0,0,0,0,0,0,0,0,0,0,0,0,0,0,0,0,0,0,0,0,0,0,0,0,0,0,0,0,0,0,0,0,0,0
1946,0,0,0,0,0,0,0,0,0,0,0,0,0,0,0,0,0,0,0,0,0,0,0,0,0,0,0,0,0,0,0,0,0,0,0,0,0,0,0,0,0,0,0,0,0,0,0,0,0,0,0,0,0,0,0,0,0,0,0,0
1947,0,0,0,0,0,0,0,0,0,0,0,0,0,0,0,0,0,0,0,0,0,0,0,0,0,0,0,0,0,0,0,0,0,0,0,0,0,0,0,0,0,0,0,0,0,0,0,0,0,0,0,0,0,0,0,0,0,0,0,0
1948,0,0,0,0,0,0,0,0,0,0,0,0,0,0,0,0,0,0,0,0,0,0,0,0,0,0,0,0,0,0,0,0,0,0,0,0,0,0,0,0,0,0,0,0,0,0,0,0,0,0,0,0,0,0,0,0,0,0,0,0
1949,0,0,0,0,0,0,0,0,0,0,0,0,0,0,0,0,0,0,0,0,0,0,0,0,0,0,0,0,0,0,0,0,0,0,0,0,0,0,0,0,0,0,0,0,0,0,0,0,0,0,0,0,0,0,0,0,0,0,0,0
1950,0,0,0,0,0,0,0,0,0,0,0,0,0,0,0,0,0,0,0,0,0,0,0,0,0,0,0,0,0,0,0,0,0,0,0,0,0,0,0,0,0,0,0,0,0,0,0,0,0,0,0,0,0,0,0,0,0,0,0,0
1951,0,0,0,0,0,0,0,0,0,0,0,0,0,0,0,0,0,0,0,0,0,0,0,0,0,0,0,0,0,0,0,0,0,0,0,0,0,0,0,0,0,0,0,0,0,0,0,0,0,0,0,0,0,0,0,0,0,0,0,0
1952,0,0,0,0,0,0,0,0,0,0,0,0,0,0,0,0,0,0,0,0,0,0,0,0,0,0,0,0,0,0,0,0,0,0,0,0,0,0,0,0,0,0,0,0,0,0,0,0,0,0,0,0,0,0,0,0,0,0,0,0
1953,0,0,0,0,0,0,0,0,0,0,0,0,0,0,0,0,0,0,0,0,0,0,0,0,0,0,0,0,0,0,0,0,0,0,0,0,0,0,0,0,0,0,0,0,0,0,0,0,0,0,0,0,0,0,0,0,0,0,0,0
1954,0,0,0,0,0,0,0,0,0,0,0,0,0,0,0,0,0,0,0,0,0,0,0,0,0,0,0,0,0,0,0,0,0,0,0,0,0,0,0,0,0,0,0,0,0,0,0,0,0,0,0,0,0,0,0,0,0,0,0,0
1955,0,0,0,0,0,0,0,0,0,0,0,0,0,0,0,0,0,0,0,0,0,0,0,0,0,0,0,0,0,0,0,0,0,0,0,0,0,0,0,0,0,0,0,0,0,0,0,0,0,0,0,0,0,0,0,0,0,0,0,0
1956,0,0,0,0,0,0,0,0,0,0,0,0,0,0,0,0,0,0,0,0,0,0,0,0,0,0,0,0,0,0,0,0,0,0,0,0,0,0,0,0,0,0,0,0,0,0,0,0,0,0,0,0,0,0,0,0,0,0,0,0
1957,0,0,0,0,0,0,0,0,0,0,0,0,0,0,0,0,0,0,0,0,0,0,0,0,0,0,0,0,0,0,0,0,0,0,0,0,0,0,0,0,0,0,0,0,0,0,0,0,0,0,0,0,0,0,0,0,0,0,0,0
1958,0,0,0,0,0,0,0,0,0,0,0,0,0,0,0,0,0,0,0,0,0,0,0,0,0,0,0,0,0,0,0,0,0,0,0,0,0,0,0,0,0,0,0,0,0,0,0,0,0,0,0,0,0,0,0,0,0,0,0,0
1959,0,0,0,0,0,0,0,0,0,0,0,0,0,0,0,0,0,0,0,0,0,0,0,0,0,0,0,0,0,0,0,0,0,0,0,0,0,0,0,0,0,0,0,0,0,0,0,0,0,0,0,0,0,0,0,0,0,0,0,0
1960,0,0,0,0,0,0,0,0,0,0,0,0,0,0,0,0,0,0,0,0,0,0,0,0,0,0,0,0,0,0,0,0,0,0,0,0,0,0,0,0,0,0,0,0,0,0,0,0,0,0,0,0,0,0,0,0,0,0,0,0
1961,0,0,0,0,0,0,0,0,0,0,0,0,0,0,0,0,0,0,0,0,0,0,0,0,0,0,0,0,0,0,0,0,0,0,0,0,0,0,0,0,0,0,0,0,0,0,0,0,0,0,0,0,0,0,0,0,0,0,0,0
1962,0,0,0,0,0,0,0,0,0,0,0,0,0,0,0,0,0,0,0,0,0,0,0,0,0,0,0,0,0,0,0,0,0,0,0,0,0,0,0,0,0,0,0,0,0,0,0,0,0,0,0,0,0,0,0,0,0,0,0,0
1963,0,3.532570298148933,0,0.7065140596297866,0,0,0,0,2.11954217888936,0,0,0,2.8260562385191466,0.7065140596297866,1.4130281192595733,0,0,0,0,24.021478027412744,0,0,0,0.7065140596297866,0,0,5.652112477038293,0,21.1954217888936,0,0,0,7.7716546559276525,0,1.4130281192595733,14.130281192595731,0,7.7716546559276525,9.184682775187227,1.4130281192595733,0,0.7065140596297866,3.532570298148933,0,26.141020206302105,0,0.7065140596297866,25.43450614667232,0,0,0,2.8260562385191466,0,12.71725307333616,7.7716546559276525,0,0,0,0.7065140596297866,21.901935848523387
1964,0,6.168650916044661,0,2.4674603664178645,0,0,0,0,1.8505952748133985,0,0,0,3.701190549626797,0,0.6168650916044661,0,0,0.6168650916044661,0,26.52519893899204,0,0,0,1.8505952748133985,0,0,8.636111282462524,0,19.12281783973845,1.2337301832089322,0,0,11.10357164888039,0,3.0843254580223305,17.889087656529515,0,9.869841465671458,10.486706557275925,6.168650916044661,0,1.8505952748133985,3.701190549626797,0,46.88174696193942,0,1.2337301832089322,37.62877058787243,0,0,0,5.551785824440195,0,13.571032015298254,14.18789710690272,0,0,0,0,14.18789710690272
1965,0,3.3948748705703955,0,0,0,0,0,0,1.1316249568567984,0,0,0,3.3948748705703955,0,3.3948748705703955,0,0,0,0,9.618812133282788,0,0,0,0,0,0.5658124784283992,3.960687348998795,0,6.223937262712393,0,0,0,0.5658124784283992,0,3.960687348998795,6.789749741140791,0.5658124784283992,1.6974374352851977,1.1316249568567984,2.263249913713597,0,1.1316249568567984,1.6974374352851977,0,17.540186831280376,0,1.6974374352851977,14.711124439138382,0,0,0,2.263249913713597,0,3.960687348998795,13.579499482281582,0,0,0,0,7.92137469799759
1966,0,3.3299109248827596,0,0.5549851541471266,0,0,0,0,4.4398812331770126,0,0,0,3.3299109248827596,1.1099703082942531,1.6649554624413798,0,0,0,0,13.319643699531039,0,0,0,0.5549851541471266,0,0,7.769792158059772,0,15.539584316119544,0.5549851541471266,0,0,2.7749257707356327,0,4.994866387324139,9.43474762050115,0,5.5498515414712655,1.1099703082942531,3.3299109248827596,0,0,2.2199406165885063,0,10.544717928795405,0,0.5549851541471266,38.29397563615173,0,0,0.5549851541471266,1.1099703082942531,0,3.884896079029886,12.764658545383911,0,0,0,0,6.659821849765519
1967,0,6.247494494395477,0,1.0412490823992462,0,0,0,0,3.6443717883973616,0,0,0,2.6031227059981155,0,3.6443717883973616,0,0,0,0,11.97436444759133,0,0,0,3.6443717883973616,0,0,11.453739906391707,0,26.031227059981155,1.0412490823992462,0,0,9.891866282792838,0,3.1237472471977386,20.3043571067853,0,9.371241741593215,7.809368117994347,5.726869953195854,0,2.6031227059981155,4.164996329596985,0,19.263108024386053,0,1.0412490823992462,25.510602518781532,1.0412490823992462,0,0,9.891866282792838,0,12.494988988790954,14.577487153589447,0,0,0,0,17.701234400787186
1968,0,9.127725707038438,0,1.4412198484797532,0,0,0,0,7.686505858558684,0,0,0,5.284472777759095,0.48040661615991775,5.764879393919013,0,0,0,0,34.58927636351408,0,0,0,3.843252929279342,0,0,15.853418333277286,0,24.500737424155805,4.804066161599177,0,0,10.56894555551819,0,6.725692626238848,21.6182977271963,0,8.166912474718602,7.206099242398766,12.97097863631778,0,0,4.804066161599177,0,32.18724328271449,0,0,55.72716747455046,0,0,0,7.686505858558684,0,18.255451414076877,19.696671262556627,0,0,0,0.48040661615991775,22.098704343356214
1969,0,11.144855256192361,0,0.9287379380160301,0,0,0,0,2.7862138140480903,0,0,0,9.2873793801603,1.8574758760320602,5.572427628096181,0.46436896900801505,0,0,0.46436896900801505,26.469031233456857,0,0,0,5.108058659088165,0,0,22.289710512384723,0,32.50582783056105,8.823010411152286,0,0,12.07359319420839,0,4.64368969008015,21.36097257436869,0.46436896900801505,12.537962163216404,11.144855256192361,6.9655345351202245,0,0.9287379380160301,5.572427628096181,0,32.97019679956907,0,0,45.972527931793486,0,0,0,7.429903504128241,0,26.93340020246487,26.469031233456857,0,0,0,0,32.50582783056105
1970,0,6.380283102275938,0,0.45573450730542414,0,0,0,0,5.0130795803596655,0,0,0,8.203221131497635,4.1016105657488175,4.1016105657488175,0,0.9114690146108483,0,0,30.078477482157997,0,0,0,3.645876058443393,0,0,17.773645784911544,0,38.28169861365563,8.203221131497635,0,0,13.672035219162725,0,5.9245485949705134,21.419521843354936,0.45573450730542414,15.950707755689846,9.570424653413907,8.658955638803059,0,0.9114690146108483,5.0130795803596655,0,26.4326014237146,0,1.8229380292216966,46.94065425245869,0.45573450730542414,0.45573450730542414,0.45573450730542414,10.937628175330179,0,26.4326014237146,22.330990857965784,0,0,0,0.45573450730542414,30.98994649676884
1971,0,13.860447647747902,0,1.7884448577739227,0,0,0,0,4.918223358878287,0,0,0,7.153779431095691,6.259557002208729,11.624891575530498,0,0.4471112144434807,0,0,36.21600836992194,0,0,0,4.918223358878287,0,0,20.12000464995663,0.4471112144434807,38.004453227695855,7.153779431095691,0,0,13.860447647747902,0,3.1297785011043646,28.615117724382763,0,16.543114934408784,11.624891575530498,9.836446717756575,0,2.682667286660884,7.153779431095691,0,30.403562582156685,0,1.7884448577739227,59.01868030653945,0,0.4471112144434807,0,12.519114004417458,0,26.37956165216536,25.485339223278398,0,0,0,2.2355560722174035,37.1102307988089
1972,0,18.431642742101822,0,2.19424318358355,0,0,0,0,8.338124097617492,0,0,0,13.1654591015013,7.899275460900781,13.1654591015013,0,0.4388486367167101,0,0,41.690620488087454,0,0,0,7.46042682418407,0,0,20.625885925685374,0,68.46038732780677,9.65467000776762,0,0,10.971215917917752,0,5.26618364060052,34.230193663903385,2.19424318358355,19.30934001553524,14.043156374934723,10.09351864448433,0,3.0719404570169706,13.1654591015013,0,38.179831394353776,0,3.5107890937336808,75.48196551527413,0,0.8776972734334202,0,19.30934001553524,0,28.964010023302862,21.503583199118793,0,0,0,1.31654591015013,53.10068504272192
1973,0,13.845261891781973,0,3.0286510388273062,0,0,0,0,6.489966511772798,0,0,0,10.816610852954666,11.68193972119104,10.383946418836478,0,1.7306577364727467,0,0,42.40111454358229,0,0,0,4.7593087753000525,0,0,24.22920831061845,0.8653288682363733,52.78506096241877,9.518617550600105,0,0,17.73924179884565,0,3.8939799070636796,27.257859349445756,2.5959866047091196,25.959866047091193,27.257859349445756,6.922630945890987,0,0.8653288682363733,9.518617550600105,0,29.853845954154874,0,6.0573020776546125,74.4182826683281,0.43266443411818667,2.1633221705909333,0.8653288682363733,11.68193972119104,0,20.767892837672957,20.767892837672957,0,0,0,2.1633221705909333,39.80512793887317
1974,0,11.909319042150482,0,5.103993875207349,0,0,0,0,5.954659521075241,0,0,0,11.909319042150482,11.909319042150482,16.587980094423887,0,0.8506656458678916,0,0,41.25728382459274,0,0,0,8.506656458678917,0,0,21.266641146697292,0,53.166602866743226,8.931989281612863,0,0,13.18531751095232,0,3.4026625834715665,22.542639615499127,1.2759984688018373,37.00395559525329,20.841308323763347,6.379992344009187,0,0.4253328229339458,17.43864574029178,0,49.763940283271666,0,4.253328229339458,81.66390200331759,0,3.8279954064055124,0.4253328229339458,12.334651865084428,0,25.094636553102802,21.691973969631235,0,0,0,3.4026625834715665,45.935944876866145
1975,0,10.43372178882147,0,5.6181578862884844,0,0,0,0,8.427236829432728,0,1.2038909756332468,0,7.624642845677228,8.025939837554978,10.43372178882147,0.40129699187774887,0.8025939837554977,0.40129699187774887,0.8025939837554977,38.123214228386146,0,0,0,6.822048861921731,0,0,18.0583646344987,1.6051879675109955,49.35953000096312,10.032424796943722,0,0,13.242800731965714,0,3.61167292689974,23.676522520787184,1.2038909756332468,24.88041349642043,13.242800731965714,3.61167292689974,0,0.8025939837554977,26.886898455809174,0,42.53748113904138,0.40129699187774887,15.249285691354457,65.01011268419532,1.2038909756332468,1.6051879675109955,0.8025939837554977,12.841503740087964,0,25.683007480175927,23.676522520787184,0,0.40129699187774887,0,2.8090789431442422,44.142669106552376
1976,0,9.412687518384155,0,1.9609765663300325,0,0,0,0,7.059515638788116,0,0.39219531326600643,0,5.098539072458085,6.275125012256103,10.589273458182175,0.39219531326600643,1.9609765663300325,0,0,31.37562506128052,0.39219531326600643,0,0,5.490734385724091,0,0,11.373664084714187,0.39219531326600643,46.671242278654766,8.628296891852143,0,0,11.373664084714187,0,5.490734385724091,14.51122659084224,0,21.17854691636435,14.119031277576232,3.921953132660065,0,0,16.47220315717227,0,44.31807039905873,0,15.295617217374252,56.08392979703893,0.7843906265320129,2.7453671928620453,1.1765859397980194,6.66732032552211,0.39219531326600643,20.39415628983234,21.962937542896363,0,0,0,3.1375625061280514,26.27708598882243
1977,0,7.246597912979801,0,1.5255995606273265,0,0,0,0,4.195398791725148,0,1.9069994507841581,0,12.204796485018612,8.009397693293465,18.307194727527918,0,0.7627997803136632,0,0,28.604991761762374,0.3813998901568316,0,0,4.5767986818819795,0,0.3813998901568316,11.82339659486178,0.3813998901568316,34.70739000427168,7.6279978031366324,0,0,8.772197473607127,0,5.339598462195643,18.68859461768475,0,19.451394397998413,20.214194178312077,3.432599011411485,0,0.3813998901568316,10.679196924391286,0,39.284188686153655,0.3813998901568316,14.874595716116433,53.777384512113265,1.1441996704704949,1.5255995606273265,1.1441996704704949,8.772197473607127,0,29.749191432232866,18.307194727527918,0,0,0,3.051199121254653,33.944590223958016
1978,0,7.337564662288586,0,0.7337564662288586,0,0,0,0,4.402538797373151,0,1.4675129324577172,0,12.473859925890597,6.970686429174157,11.373225226547309,0,1.1006346993432878,0,0,33.38591921341307,0.3668782331144293,0,0,5.870051729830869,0,0.3668782331144293,19.077668121950325,2.2012693986865757,36.687823311442926,11.00634699343288,0,0,7.337564662288586,0,8.805077594746303,16.876398723263748,0,14.675129324577172,26.41523278423891,2.2012693986865757,0,0.3668782331144293,12.473859925890597,0,35.95406684521407,0,11.373225226547309,61.63554316322413,0.7337564662288586,3.3019040980298637,2.2012693986865757,9.538834060975162,0,21.64581575375133,18.710789888835894,0,0,0,2.568147631801005,23.847085152437906
1979,0,7.444115958057724,0,2.481371986019241,0,0,0,0,4.253780547461556,0.35448171228846304,2.126890273730778,0,8.507561094923112,4.60826225975002,16.660640477557763,0,3.190335410596167,0,1.4179268491538521,30.48542725680782,0,0,0,4.60826225975002,0,0.35448171228846304,13.82478677925006,1.063445136865389,39.3474700640194,14.533750203826983,0,0,10.279969656365427,0,5.317225684326946,27.29509184621165,0,20.91442102501932,19.496494175865468,1.4179268491538521,0,1.063445136865389,13.82478677925006,0,39.3474700640194,0,17.015122189846224,57.07155567844255,0.7089634245769261,5.317225684326946,0.7089634245769261,13.115823354673132,0,29.067500407653966,19.142012463577004,0,0.35448171228846304,0,2.126890273730778,33.321280955115526
1980,0,9.264010033635483,0,4.275696938600992,0,0,0,0,10.332934268285731,0,1.068924234650248,0,10.68924234650248,6.769853486118238,16.03386351975372,0.3563080782167493,3.206772703950744,0.7126161564334986,0,33.136651274157686,0,0,0,7.482469642551735,0,0,7.838777720768485,1.068924234650248,39.55019668205918,15.67755544153697,0,0,11.045550424719229,0,3.9193888603842426,19.596944301921212,0,19.95325238013796,28.8609543355567,1.068924234650248,0,0,17.45909583262072,0,42.75696938600992,0,19.596944301921212,62.71022176614788,0,2.137848469300496,0.7126161564334986,5.700929251467989,0,26.010489709822703,21.02217661478821,0,0.3563080782167493,0,3.5630807821674932,34.56188358702468
1981,0,7.403777336685011,0,1.7628041277821458,0,0.35256082555642915,0.35256082555642915,0,8.461459813354299,0,2.820486604451433,0,10.224263941136444,7.403777336685011,13.749872196700737,0,3.1730474300078617,0,0,33.845839253417196,0.35256082555642915,0,0,5.2884123833464365,0,0,8.814020638910728,1.4102433022257166,39.134251636763636,15.51267632448288,0,0,7.403777336685011,0,7.051216511128583,20.09596705671646,1.0576824766692874,20.09596705671646,35.96120420675577,3.1730474300078617,0,0.7051216511128583,15.160115498926451,0,33.14071760230434,0.35256082555642915,20.448527882272888,65.92887437905225,0,4.5832907322335785,1.4102433022257166,7.051216511128583,0,24.67925778895004,23.97413613783718,0,0.7051216511128583,0,3.1730474300078617,37.01888668342506
1982,0,6.085748192025641,0,3.380971217792023,0,0,0,0,4.733359704908832,0,1.0142913653376069,0,9.466719409817664,9.128622288038462,16.22866184540171,0,1.6904856088960114,3.7190683395712254,0.33809712177920226,34.14780929969943,0,0.33809712177920226,0,7.438136679142451,0,0.6761942435584045,14.876273358284902,2.366679852454416,38.20497476104986,12.171496384051283,0,0,8.452428044480056,0,7.438136679142451,25.01918701166097,0.6761942435584045,23.66679852454416,24.004895646323362,2.704776974233618,0,0.6761942435584045,10.14291365337607,0,41.924043100621084,0,21.638215793868945,62.88606465093163,0,4.0571654613504275,1.6904856088960114,7.438136679142451,0,26.709672620556983,27.723963985894585,0,0,0.33809712177920226,2.366679852454416,38.54307188282906
1983,0,5.169093987051419,0,2.261478619334996,0,0,0,0,11.630461470865695,0,0.6461367483814274,0,14.861145212772831,8.72284610314927,23.26092294173139,0.3230683741907137,0.6461367483814274,6.461367483814275,0.3230683741907137,35.86058953516922,0,0,0,4.522957238669992,0.6461367483814274,0.6461367483814274,15.830350335344974,3.876820490288565,38.76820490288565,14.215008464391405,0,0,9.692051225721412,0,6.784435858004988,30.691495548117803,0.9692051225721412,18.414897328870683,42.3219570189835,1.9384102451442824,0,0,19.384102451442825,0,39.09127327707636,0.3230683741907137,36.82979465774137,69.45970045100346,1.6153418709535687,5.815230735432848,3.876820490288565,7.75364098057713,0,26.16853830944781,30.368427173927092,0,2.261478619334996,0,1.9384102451442824,46.84491425765349
1984,0,11.311790656460918,0,4.084813292610887,0,0,0,0,11.626007063584833,0,0.6284328142478287,0,15.396603949071805,7.855410178097859,23.566230534293577,0.6284328142478287,2.513731256991315,14.453954727700062,0,32.36428993376318,0.31421640712391435,0,0,16.33925317044355,0,1.2568656284956574,21.680932091550094,1.8852984427434862,41.16234933323278,19.795633648806607,0,0,10.05492502796526,0,5.02746251398263,44.932946218719756,1.5710820356195718,22.30936490579792,36.44910322637406,1.8852984427434862,0,0.31421640712391435,24.194663348541408,0,63.15749783190679,0,37.391752447745816,74.78350489549163,0.31421640712391435,7.226977363850031,4.084813292610887,10.997574249337005,0,27.336827419780555,36.44910322637406,0.6284328142478287,0.9426492213717431,0.6284328142478287,2.8279476641152295,60.32955016779156
1985,0,8.647140032978403,0,3.2799496676814637,0,0,0,0,10.734380730593879,0,1.78906345509898,0,9.839849003044389,10.734380730593879,28.028660796550685,0.5963544850329934,2.3854179401319735,22.065115946220754,0.2981772425164967,29.817724251649665,0,0,0,8.647140032978403,0,0.89453172754949,14.610684883308338,1.78906345509898,43.235700164892016,15.505216610857826,0,0,16.99610282344031,0.2981772425164967,7.454431062912416,27.73048355403419,0,24.15235664383623,39.65757325469406,1.4908862125824833,0,0.2981772425164967,20.872406976154767,0,63.51175265601379,0.2981772425164967,39.95575049721055,64.70446162607978,0.5963544850329934,4.770835880263947,1.4908862125824833,13.716153155758846,0.2981772425164967,28.923192524100173,35.4830918594631,0,3.57812691019796,0,2.9817724251649667,48.00653604515596
1986,0,12.009023923691231,0,5.146724538724813,0,0.2859291410402674,0,0,17.441677603456313,0.2859291410402674,2.5733622693624065,0,9.149732513288557,7.434157667046953,24.589906129462996,2.001503987281872,2.001503987281872,26.019551834664334,0.5718582820805348,29.73663066818781,0.2859291410402674,0,0,6.57637024392615,0,1.429645705201337,19.443181590738185,5.718582820805348,50.8953871051676,20.01503987281872,0,0,7.148228526006685,0.2859291410402674,4.288937115604011,44.604946002281714,0.5718582820805348,27.1632683988254,43.46122943812065,0.8577874231208023,0,0.2859291410402674,24.875835270503263,0,57.18582820805348,0.5718582820805348,45.46273342540252,64.33405673406017,4.003007974563744,4.574866256644278,2.5733622693624065,10.579378218489895,0,28.021055821946206,34.02556778379182,0,3.7170788335234763,0,2.5733622693624065,42.31751287395958
1987,0,11.413260578326218,0,4.891397390711236,0,0,0,0,11.685004877810176,0.27174429948395756,2.7174429948395757,0,13.858959273681837,7.337096086066855,27.17442994839576,0.5434885989679151,3.5326758932914486,44.02257651640113,1.3587214974197879,29.620128643751375,0.5434885989679151,0,0,4.891397390711236,0,2.1739543958716605,23.098265456136396,4.347908791743321,61.95770028234233,13.315470674713922,0,0,13.58721497419788,0.5434885989679151,4.076164492259364,38.04420192775406,0.8152328984518727,21.19605535974869,46.46827521175675,1.0869771979358303,0.27174429948395756,1.0869771979358303,15.76116937006954,0,80.7080569467354,0,59.24025728750275,57.33804719111505,2.9891872943235334,9.239306182454557,2.445698695355618,11.685004877810176,0,28.26140714633159,37.22896902930219,0.27174429948395756,1.6304657969037455,0,2.9891872943235334,42.39211071949738
1988,0,13.176830481367702,0,5.425753727621995,0,0,0,0,14.46867660699199,0,4.909015277372282,0,17.56910730849027,6.975969078371137,39.272122218978254,2.0669538009988555,5.684122952746852,87.5871673173265,0.5167384502497139,27.128768638109978,0,0,0.7751076753745707,6.717599853246281,0,2.5836922512485696,45.21461439684996,10.334769004994278,69.50132155858651,19.894430334613986,0,0,12.143353580868276,0,5.167384502497139,42.889291370726255,1.2918461256242848,23.51159948636198,53.9991680510951,0.7751076753745707,0,0.5167384502497139,28.93735321398398,0,101.53910547406878,0.25836922512485694,63.558829380714805,62.525352480215375,4.392276827122568,11.368245905493705,2.842061476373426,17.052368858240555,0,26.612030187860263,51.67384502497139,0.25836922512485694,2.842061476373426,0.7751076753745707,3.875538376872854,34.10473771648111
1989,0,9.433798320287382,0,5.213414861211449,0,0,0,0,18.61933879004089,0,6.454704113880841,0,26.067074306057243,10.426829722422898,41.70731888969159,3.2273520569404206,6.454704113880841,134.80401283989602,1.7378049537371494,24.329269352320093,0,0.24825785053387853,0.7447735516016355,6.70296196441472,0,3.4756099074742988,35.25261477581075,10.426829722422898,91.60714684700116,26.563590007125,0,0,10.426829722422898,0,8.689024768685748,38.23170898221729,0.24825785053387853,29.790942064065423,51.38937506051285,0.7447735516016355,0,0.7447735516016355,20.605401594311918,0,137.2865913452348,0.49651570106775705,90.36585759433177,51.38937506051285,3.2273520569404206,12.412892526693925,4.96515701067757,17.626307387905374,0.24825785053387853,36.74216187901402,53.375437864783876,0.49651570106775705,2.2343206548049066,5.958188412813084,2.2343206548049066,41.95557674022547
1990,0,16.06253680998019,0,6.8144095557491715,0,0,0.2433717698481847,0,35.28890662798678,0,5.8409224763564325,0,25.55403583405939,14.602306190891081,46.72737981085146,5.110807166811878,11.195101413016497,152.83747146465998,2.190345928633662,30.421471231023084,0.2433717698481847,0.7301153095445541,0.4867435396963694,7.7878966351419106,0,7.301153095445541,36.505765477227705,10.951729643168312,117.30519306682501,20.443228667247514,1.4602306190891081,0,13.385447341650156,0,8.518011944686464,44.29366211236962,1.7036023889372929,28.961240611933977,55.97550706508248,2.190345928633662,0,3.1638330080264008,33.098560699353115,0,138.72190881346526,0.2433717698481847,91.02104192322108,61.086314231894356,5.110807166811878,13.628819111498343,7.544524865293725,23.8504334451221,0.2433717698481847,36.749137247075886,72.52478741475905,0.4867435396963694,9.734870793927387,11.92521672256105,3.4072047778745858,47.94423866009239
1991,0,12.584430639216475,0,7.260248445701811,0,0,0,0,32.187101442611365,0.7260248445701811,7.986273290271994,0,27.830952375190275,13.310455483786656,48.401656304678745,6.050207038084843,8.228281571795387,201.1088819459402,0.968033126093575,33.397142850228335,0.7260248445701811,0.4840165630467875,1.4520496891403623,5.808198756561449,0,3.3881159413275124,43.319482392687476,15.00451345445041,99.22339542459142,18.15062111425453,0.968033126093575,0,16.698571425114167,0.24200828152339374,10.164347823982537,48.401656304678745,0.4840165630467875,27.830952375190275,57.597971002567704,0.4840165630467875,0,1.4520496891403623,30.49304347194761,0,116.16397513122898,0.7260248445701811,109.62975153009735,67.76231882655026,6.5342236011316315,15.972546580543987,5.566190475038056,25.652877841479736,0.24200828152339374,32.91312628718155,67.76231882655026,0.4840165630467875,7.018240164178418,24.200828152339373,2.9040993782807245,45.98157348944481
1992,0,12.200110518648227,0,6.937317745898012,0,0,0,0,29.184578103433015,0,10.286367692193604,0,32.77284590303544,14.592289051716508,67.4594346325255,7.17653559920484,6.458882039284355,237.54332833368022,1.6745249731477958,30.859103076580812,0,0.478435706613656,1.913742826454624,7.415753452511668,0,6.2196641859775275,36.600331555944685,11.482456958727743,93.77339849627657,20.33351753108038,1.1960892665341398,0,14.831506905023335,0.239217853306828,13.156981931875539,57.651502646945545,2.3921785330682797,37.557202969171996,54.7808884072636,0.956871413227312,0.239217853306828,2.631396386375108,32.29441019642178,0,140.42087989110803,1.1960892665341398,118.89127309349351,72.24379169866205,5.741228479363872,21.29038894430769,5.9804463326707,22.247260357535,0.239217853306828,33.25128160964909,79.18110944456006,0.956871413227312,8.37262486573898,37.07876726255834,2.870614239681936,40.188599355547105
1993,0,20.581617808712572,0,11.927983048231152,0,0,0,0,42.33264572019291,0.4677640411071039,10.524690924909839,0.9355280822142078,27.831960445872685,14.50068527432022,66.18861181665521,9.823044863249182,9.58916284269563,264.9883292871744,0.9355280822142078,40.92935359687159,0.23388202055355195,0.4677640411071039,2.3388202055355194,5.379286472731695,0.23388202055355195,3.9759943494103833,53.79286472731695,16.83950547985574,90.98010599533171,25.960904281444268,2.5727022260890715,0,15.903977397641533,0,10.524690924909839,61.04320736447707,1.1694101027677597,40.92935359687159,51.45404452178143,0.9355280822142078,0,2.8065842466426236,52.38957260399564,0,146.64402688707708,1.8710561644284156,112.73113390681206,83.2619993170645,5.847050513838799,15.67009537708798,9.58916284269563,31.106308733622413,0.9355280822142078,48.17969623403171,91.68175205699238,1.4032921233213118,10.056926883802733,36.95335924746121,5.145404452178143,38.824415411889625
1994,0,16.655182956044005,0,7.300902117717921,0,0.22815319117868504,0,0,38.329736118019085,0,14.373651044257157,0.4563063823573701,45.40248504455832,19.8493276325456,76.88762542721685,12.776578706006362,12.548425514827676,249.5995911494814,1.8252255294294804,25.553157412012723,0,0.4563063823573701,3.422297867680275,7.300902117717921,0,8.21351488243266,53.38784673581229,19.62117444136691,92.40204242736743,23.499778691404558,3.8786042500376454,0,20.53378720608165,0.22815319117868504,11.179506367755566,73.0090211771792,2.9659914853229052,38.78604250037645,51.106314824025446,0.9126127647147402,0.22815319117868504,1.5970723382507952,37.188970162125656,0,172.48381253108587,3.8786042500376454,121.14934451588175,67.30519139771208,6.616442544181865,16.655182956044005,8.66982126479003,28.747302088514314,0.684459573536055,37.41712335330434,69.81487650067761,0.684459573536055,13.23288508836373,56.58199141231388,4.334910632395015,38.10158292684039
1995,0,17.80920112376059,0,9.795060618068325,0,0,0,0,41.183777598696366,0.4452300280940148,14.915205941149495,1.7809201123760592,42.2968526689314,15.583050983290518,88.82339060475594,16.473511039478545,11.79859574449139,252.22281091525937,1.7809201123760592,28.717336812063955,0.2226150140470074,1.5583050983290516,3.339225210705111,8.681985547833287,0,11.353365716397377,58.99297872245696,18.92227619399563,100.62198634924734,17.80920112376059,3.5618402247521184,0,17.14135608161957,0.2226150140470074,11.130750702350369,79.91879004287566,2.226150140470074,36.2862472896622,61.44174387697404,1.7809201123760592,0.2226150140470074,1.5583050983290516,40.73854757060235,0,179.87293134998197,1.5583050983290516,135.12731352653347,70.34634443885433,9.572445604021318,16.25089602543154,9.572445604021318,26.045956643499864,0.8904600561880296,32.94702207895709,89.49123564689697,0.4452300280940148,23.59719148898278,50.978838216764686,6.455835407363214,34.72794219133315
1996,0,18.311265352034077,0,10.245588946971447,0,0.21799125419088186,0.21799125419088186,0,41.20034704207667,0.4359825083817637,12.425501488880265,5.449781354772047,43.59825083817638,23.107072944233476,100.27597692780566,15.041396539170847,11.553536472116738,279.46478787271053,0.8719650167635274,31.39074060348699,0,1.525938779336173,4.359825083817637,10.681571455353211,0,13.733449014025558,59.51161239411075,26.37694175709671,89.37641421826156,18.52925660622496,3.269868812863228,0,22.235107927469947,0.4359825083817637,10.46358020116233,78.47685150871746,4.577816338008519,36.622530704068154,64.7434024946919,1.3079475251452912,0.21799125419088186,1.743930033527055,39.89239951693138,0,193.57623372150312,3.269868812863228,141.25833271569144,68.66724507012779,6.757728879917337,23.979037960997005,13.733449014025558,22.889081690042595,1.525938779336173,36.622530704068154,86.97851042216186,0.8719650167635274,13.515457759834675,66.2693412740281,10.46358020116233,39.23842575435873
1997,0,24.95228422840533,0,14.664938976343482,0.21887968621408183,0,0,0,50.12344814302474,0.43775937242816365,12.913901486630829,6.128631213994292,56.03319967080495,25.390043600833494,109.00208373461277,17.51037489712655,12.476142114202665,338.16911520075644,4.158714038067555,35.45850916668126,0,1.7510374897126546,7.879668703706947,8.098548389921028,0,18.167013955768795,53.62552312245005,25.608923287047578,104.8433696965452,18.385893641982875,5.034232782923882,0,20.35581081790961,0.21887968621408183,14.883818662557566,98.27697911012275,5.690871841566128,40.05498257717697,66.53942460908088,0.6566390586422455,0.21887968621408183,2.4076765483549,60.191913708872505,0,216.03425029329878,3.283195293211228,144.02283352886585,79.01556672328354,10.72510462449001,29.110998266472883,13.789420231487156,42.68153881174596,1.9699171759267367,38.5228247736784,83.1742807613511,1.532157803498573,19.48029207305328,63.9128683745119,7.660789017492865,40.49274194960514
1998,0,22.118021764133413,0,16.009234800706093,0.6319434789752405,0,0,0,59.61333484999768,0.21064782632508014,12.21757392685465,12.006926100529569,55.40037832349608,30.965230469786786,107.21974359946579,20.222191327207696,8.425913053003207,348.8328003943327,2.3171260895758814,34.335595690988065,0,1.263886957950481,6.108786963427325,8.215265226678126,0,15.16664349540577,58.98139137102245,23.803204374734058,119.8586131789706,19.168952195582296,4.002308700176523,0,15.58793914805593,0.4212956526501603,11.374982621554329,104.69196968356484,5.266195658127003,41.28697395971571,69.30313486095137,2.3171260895758814,0.21064782632508014,2.738421742226042,51.81936527596972,0,197.166365440275,3.159717394876202,162.83076974928696,92.05310010406002,12.006926100529569,24.856443506359458,20.854134806182934,32.65041308038742,2.1064782632508017,42.55086091766619,103.8493783782645,1.263886957950481,16.219882627031172,65.51147398709992,5.898139137102244,44.44669135459191
1999,0,30.774401367031302,0,16.39951651795747,0.4049263337767277,0.20246316688836385,0.4049263337767277,0,51.223181222756054,0,15.79212701729238,13.565032181520376,65.59806607182988,35.63351737235204,124.51484763634376,20.246316688836384,11.742863679525103,348.6415733817625,2.429558002660366,30.369475033254574,0.4049263337767277,2.0246316688836385,24.902969527268752,8.098526675534554,0.20246316688836385,19.63892718817129,54.260128726081504,24.902969527268752,125.72962663767395,24.093116859715295,3.2394106702138217,0,23.28326419216184,0.6073895006650915,9.5157688437531,110.74735228793502,6.478821340427643,50.00840222142587,71.26703474470408,1.8221685019952747,2.0246316688836385,1.6197053351069108,53.855202392304776,0,249.02969527268752,4.656652838432368,156.7064911715936,75.51876124935971,10.528084678194919,18.42414818684111,14.982274349738923,28.142380197482574,1.4172421682185468,45.756675716770225,95.96754110508446,1.8221685019952747,22.270948357720023,55.272444560523326,9.920695177529828,37.45568587434731
2000,0.563294597441516,30.605673127655695,0,17.649897386500832,0.18776486581383864,0,0.9388243290691933,0,53.137457025316344,0,14.0823649360379,11.265891948830319,66.0932327664712,44.31250833206592,131.99870066712856,18.776486581383864,14.0823649360379,357.12877477792114,2.8164729872075798,30.981202859283375,0.3755297316276773,3.9430621820906113,22.531783897660638,11.453656814644157,0.18776486581383864,30.793437993469535,58.58263813391766,28.1647298720758,131.81093580131474,21.02966497114993,4.318591913718289,0,21.405194702777607,0.18776486581383864,6.759535169298191,119.79398438922905,7.886124364181223,48.25557051415653,78.67347877599839,0.563294597441516,3.004237853021418,2.4409432555799024,63.46452464507746,0.3755297316276773,252.91927425124067,3.5675324504629344,159.60013594176286,80.55112743413679,15.772248728362445,21.968489300219122,24.033902824171346,29.10355420114499,2.6287081213937413,42.81038940555521,111.72009515923399,1.3143540606968707,19.715310910453056,59.52146246298685,9.76377302231961,44.31250833206592
2001,0.7304788654202262,22.46222511167196,0,15.887915322889919,0.7304788654202262,0,3.1045351780359614,0,54.96853462287202,0.18261971635505655,19.722929366346108,13.148619577564073,67.20405561866082,43.828731925213575,140.4345618770385,23.010084260737127,10.226704115883168,349.53413710357825,2.374056312615735,29.58439404951916,0.3652394327101131,2.1914365962606785,20.27078851541128,9.861464683173054,0,17.166253337375316,61.542844411654066,29.21915461680905,151.756984291052,16.070535039244977,4.565492908876414,0,20.63602794812139,0.5478591490651696,9.130985817752828,133.12977322283623,6.026450639716866,45.65492908876414,76.88290058547881,0.9130985817752828,3.1045351780359614,2.556676028970792,46.56802767053942,0.18261971635505655,270.2771802054837,3.8350140434561877,178.41946287889024,91.12723846117322,8.583126668687658,29.767013765874218,27.758196885968594,26.84509830419331,1.4609577308404524,40.358957314467496,104.27585803873728,1.278338014485396,20.08816879905622,63.916900724269794,7.670028086912375,42.00253476166301
2002,2.82981993502026,27.23701687457,0,18.924420815447988,1.41490996751013,0,4.421593648469156,0.707454983755065,55.35835247883383,0.3537274918775325,19.27814830732552,11.849870977897337,69.6843158998739,54.47403374914,169.25860486339928,21.22364951265195,15.740873388550195,381.1413724980413,5.129048632224221,33.60411172836559,0.3537274918775325,3.3604111728365584,29.18251807989643,11.142415994142274,0.17686374593876625,21.04678576671318,67.20822345673118,31.304883031161623,145.38199916166585,18.040102085754157,4.067866156591623,0,19.455012053264284,0.5305912378162987,8.666323550999545,139.19176805380903,5.836503615979286,49.698712608793315,77.99691195899591,1.9455012053264287,3.3604111728365584,1.2380462215713635,51.46735006818097,1.9455012053264287,310.39587412253474,4.067866156591623,188.00616193290853,92.85346661785226,11.142415994142274,28.298199350202594,41.916707787487596,32.54292925273298,1.9455012053264287,46.33830143595675,123.80462215713636,0.5305912378162987,29.53624557177396,69.1537246620576,9.196914788815844,41.56298029561006
2003,6.054938475097384,25.901681254583252,0,25.901681254583252,1.3455418833549742,0.33638547083874354,8.746022241807331,0.6727709416774871,46.589387711165976,0,20.519513721163356,11.100720537678537,76.86408008665289,55.16721721755393,173.74309568821104,24.051561164970163,12.782647891872255,381.4611239311352,4.70939659174241,25.73348851916388,0.6727709416774871,2.186505560451833,24.89252484206702,9.082407712646075,0,23.042404752453933,74.67757452620106,37.843365469358645,159.95129138382256,28.42457228587383,4.877589327161782,0,22.201441075357074,0,6.5595166813554995,132.8722609813037,7.064094887613614,57.01733730716703,75.51853820329792,1.513734618774346,3.027469237548692,3.027469237548692,59.372035603038235,5.045782062581153,309.1382477008053,4.036625650064923,186.86212905092205,84.600945915944,10.091564125162305,23.546982958712046,47.09396591742409,29.770114169228805,3.8684329146455503,40.87083470690734,130.18117721459373,1.0091564125162307,33.63854708387435,58.194686455102634,9.41879318348482,40.36625650064922
2004,7.033953675944192,28.604744948839713,0.1563100816876487,25.791163478462032,1.7194108985641354,0.6252403267505948,19.226140047580788,1.5631008168764868,67.21333512568893,0.6252403267505948,21.41448119120787,11.410635963198354,82.06279288601557,73.15311822981958,170.84691928460003,32.98142723609388,13.286356943450139,439.2313295422928,5.158232695692407,27.041644131963224,0.3126201633752974,4.064062123878866,21.727101354583166,7.502883921007138,0.1563100816876487,32.04356674596798,70.49584684112956,37.51441960503569,158.65473291296342,17.81934931239195,5.470852859067704,0.1563100816876487,19.851380374331384,0.4689302450629461,5.783473022443002,125.98592584024485,10.78539563644776,58.30366046949297,89.2530566436474,1.5631008168764868,3.9077520421912175,1.2504806535011896,60.492001613120046,9.065984737883623,300.11535684028553,4.064062123878866,276.3562244237629,86.59578525495738,11.566946044886004,20.945550946144927,48.76874548654639,42.516342219040446,2.969891552065325,50.17553622173522,138.33442229356908,1.7194108985641354,51.582326956924064,57.83473022443001,7.190263757631839,45.955164016168716
2005,12.136078276277107,18.70383828461531,0.4283321744568391,21.559386114327566,1.8561060893129695,0.14277739148561305,20.988276548385116,3.854989570111552,45.545987883910556,0.4283321744568391,18.132728718672855,10.565526969935364,81.0975583638282,80.38367140640014,152.0579219321779,27.984368731180155,15.56273567193182,354.37348566729156,5.568318267938909,26.84214959929525,0.9994417403992913,4.426099136054004,15.848290454903047,6.13942783388136,0.14277739148561305,28.555478297122608,67.24815138972374,37.40767656923062,130.07020364339348,18.989393067586533,3.712212178625939,0,16.276622629359885,0.2855547829712261,5.996650442395747,115.36413232037535,7.709979140223104,59.25261746652941,76.10034966183174,1.5705513063417433,1.9988834807985827,1.4277739148561304,41.11988874785656,15.848290454903047,286.41144732013976,4.71165391902523,186.61005067169623,82.66810967016995,7.852756531708717,16.276622629359885,67.10537399823812,29.697697429007512,1.7133286978273563,30.554361777921187,135.35296712836117,0.8566643489136782,48.54431310510843,52.39930267521998,6.567760008338199,32.838800041691
2006,11.86699894263706,18.800526414739615,1.0666965341696235,24.000672018816527,1.6000448012544353,0.4000112003136088,23.20064961818931,2.5334042686528555,51.068096573370724,0.4000112003136088,16.26712214608676,10.666965341696235,77.7355099276113,75.73545392604326,153.60430092042577,23.467323751731715,19.333874681824426,392.6776616411927,6.400179205017741,27.86744695518141,0.8000224006272176,4.6667973369921025,13.867054944205105,6.666853338560147,0.2666741335424059,32.00089602508871,68.5352523203983,36.5343562953096,139.33723477590706,19.333874681824426,2.133393068339247,0,15.733773879001946,1.3333706677120294,8.266898139814582,116.26992222448895,6.1335050714753345,61.601724848295746,74.80209445864485,1.2000336009408263,2.2667301351104494,1.6000448012544353,44.13456910126817,28.800806422579832,289.7414460938239,2.9334154689664644,187.47191588031131,91.335890738274,8.533572273356988,20.53390828276525,77.4688357940689,24.800694419443744,2.666741335424059,37.467715762708025,135.2037857059998,2.000056001568044,68.80192645394071,51.73478190722674,8.533572273356988,38.001064029792836
2007,17.16127145953436,17.16127145953436,2.6695311159275668,22.50033369138949,2.9237721745873353,0.25424105865976826,19.830802575461924,5.211941702525249,54.91606867050994,0.5084821173195365,13.220535050307952,11.440847639689572,86.5690804736511,72.0773401300443,142.75635443745986,30.38180650984231,20.466405222111344,397.5058952145477,4.194977467886177,21.102007868760765,1.9068079399482618,2.796651645257451,16.65278934221482,4.576339055875829,0.12712052932988413,34.449663448398596,65.97555472220986,34.57678397772848,127.62901144720367,15.254463519586094,3.432254291906871,0.12712052932988413,13.474776108967717,0.12712052932988413,5.974664878504554,114.40847639689572,7.754352289122933,56.31439449313867,77.6706434205592,1.1440847639689573,2.033928469278146,2.415290057267798,52.119417025252496,32.7970965671101,270.25824535533366,2.796651645257451,182.03659800039406,80.34017453648677,9.279798641081541,17.28839198886424,93.56070958679473,25.169864807317055,2.796651645257451,33.178458155099754,143.64619814276907,2.033928469278146,64.95859048757079,44.87354685344909,6.7373880544838585,32.28861444979057
2008,19.233663929353916,15.052432640363932,1.7919562667099924,23.414895218343897,14.813505138135936,0.11946375111399948,16.008142649275932,8.242998826865964,53.519760499071765,0.35839125334199845,15.171896391477933,9.19870883577796,82.54945201977364,73.11181568176768,137.62224128332738,27.11827150287788,16.24707015150393,393.0357411650583,5.136941297901978,20.30883768937991,0.8362462577979963,2.747666275621988,17.441707662643925,5.136941297901978,0.11946375111399948,32.13574904966586,63.91310684598972,33.091459058577854,105.36702848254752,13.260476373653944,3.703376284533984,0.5973187555699974,13.141012622539943,0.35839125334199845,4.778550044559979,116.95501234060548,8.004071324637966,57.70099178806175,77.77090197521366,2.3892750222799894,2.508738773393989,1.7919562667099924,49.93584796565178,48.62174670339779,256.4886736417569,2.8671300267359876,176.68688789760523,77.65143822409966,8.481926329093962,14.694041387021937,106.68112974480154,25.08738773393989,2.3892750222799894,30.70218403629787,127.10943118529545,1.7919562667099924,75.62055445516167,39.30357411650583,4.300695040103981,34.28609656971785
2009,23.702407161773486,18.004713132501013,1.8232620893671914,18.916344177184612,34.52802581739118,0,19.03029805777006,11.851203580886743,40.68153536900545,0.45581552234179784,16.523312684890172,7.8628177603960125,71.90489864941861,75.20956118639664,119.42366685355104,26.77916193758062,20.169836863624553,363.85474070934015,7.407002238054215,17.32098984898832,1.5953543281962923,3.532570298148933,19.486113580111855,7.179094476883315,0,30.197778355144106,60.50951059087366,31.793132683340403,104.6096623774426,16.067497162548374,3.0767547758071356,0.45581552234179784,12.307019103228543,0.34186164175634837,5.3558323875161244,101.07709207929368,9.458172088592306,59.14206402384827,71.90489864941861,1.3674465670253935,1.4814004476108429,1.4814004476108429,38.28850387671102,60.28160282970276,256.8520468396031,3.304662536978034,177.31223819095936,73.9560684999567,6.495371193370619,13.218650147912136,111.78875685432592,22.562868355918994,5.9256017904433715,33.730348653293035,135.37721013551396,2.2790776117089893,95.1514902888503,42.3908435777872,6.609325073956068,30.083824474558657
2010,28.76769186511243,14.224615165775152,2.8661538020591726,18.152307413041424,52.86461457131362,0.21230768904142014,19.744615080852075,17.727692034958586,45.00923007678107,0.31846153356213025,11.78307674179882,9.766153695905329,75.68769114326629,81.73846028094677,121.54615197621304,25.264614995928998,24.2030765507219,344.2569177806628,4.564615314390534,18.576922791124264,1.3799999787692312,2.7599999575384624,19.426153547289946,6.156922982201185,0.21230768904142014,30.996922600047345,61.887691355573985,31.633845667171606,103.07538302960948,13.269230565088762,2.335384579455622,0.6369230671242605,11.570769052757399,0.21230768904142014,4.139999936307693,87.68307557410652,9.341538317822488,62.84307595626037,72.29076811860357,1.4861538232899412,2.7599999575384624,0.6369230671242605,36.94153789320711,85.02922946108878,242.1369193517397,3.927692247266273,178.23230495027224,73.98922963093493,6.581538360284025,15.28615361098225,137.57538249884027,21.443076593183434,4.670769158911244,31.209230289088765,130.14461338239056,3.715384558224853,109.65692138989351,38.32153787197634,4.246153780828403,27.175384197301778
2011,27.83203172851617,17.05201943930216,4.018004580525221,18.130020668223562,56.44806435079336,0.2940003351603821,15.68001787522038,27.73403161679604,42.43404837481514,0.09800011172012735,10.78001228921401,8.232009384490699,71.93208200257348,82.51609406834723,122.30413942671895,26.36203005271426,22.148025248748784,355.54440532062205,4.508005139125859,16.366018657261268,1.9600022344025474,3.136003575044075,20.972023908107257,5.880006703207641,0.1960002234402547,29.204033292597952,57.428065467994635,31.752036197321264,91.04210378799831,11.956013629855539,1.8620021226824197,1.1760013406415284,11.074012624374392,0.5880006703207642,4.998005697726495,88.78810121843539,8.91801016653159,69.4820792095703,69.67807943301055,2.7440031281635657,2.5480029047233113,1.7640020109622925,35.57404055440623,93.29610635756124,232.7502653353025,4.606005250845985,180.61420590019472,59.68206803755756,6.566007485248533,14.896016981459358,149.64617059663448,20.286023126066365,9.016010278251718,24.79402826519222,126.61614434240455,2.156002457842802,118.38413495791386,37.730043012249034,5.978006814927769,23.226026477670185
2012,40.014757736339455,15.051422634769889,5.139510167970205,20.92514854102155,53.7813028291168,0.2753309018555467,13.124106321781062,38.45454929249136,43.86939036231711,0.18355393457036448,10.370797303225594,6.883272546388668,73.32979686086061,79.29529973439746,121.60448165286647,28.54263682569168,32.489046418954516,356.1864100337923,5.231287135255387,17.62117771875499,2.9368629531258317,3.6710786914072897,20.55804067188082,3.395747789551743,0.09177696728518224,32.30549248438415,65.80408554347567,35.517686339365525,87.00456498635276,12.29811361621442,1.8355393457036449,1.2848775419925513,10.27902033594041,0.2753309018555467,4.588848364259112,90.12498187404896,10.27902033594041,71.3107035805866,68.19028669289041,1.193100574707369,1.9273163129888269,0.9177696728518224,36.25190207764698,113.25277762991487,232.74638903522217,4.038186560548019,176.2117771875499,62.95899955763502,6.975049513673851,15.785638373051345,162.90411693119847,21.567587312017825,10.095466401370047,27.07420534912876,123.34824403128492,2.5697550839851027,133.16837953079943,35.42590937208035,5.690171971681299,21.65936427930301
2013,38.617661665795445,17.134412946310142,3.6530220494671375,22.09208572772983,54.01254030283553,0.4348835773175163,15.655808783430588,28.18045581017506,48.446030513171316,0.4348835773175163,13.394414181379501,7.566974245324785,84.19346056867116,80.018578226423,121.15856464066003,35.13859304725532,32.442314867886715,369.7380174353524,6.175346797908731,14.873018344259059,1.913487740197072,3.6530220494671375,20.00464455660575,4.522789204102169,0.08697671546350326,35.92138348642685,69.92927923265663,39.05254524311297,93.93485270058352,10.872089432937909,3.0441850412226144,5.653486505127712,13.394414181379501,0.956743870098536,5.479533074200706,84.80229757691568,11.133019579328417,80.71439195013103,67.31997776875153,3.0441850412226144,1.913487740197072,1.2176740164890456,33.659988884375764,136.98832685501765,243.27387315141863,3.7399987649306405,168.12599099095183,59.31811994610923,7.3930208143977785,17.656273239091163,195.61063307741884,21.657202150412314,18.526040393726195,28.18045581017506,133.1613513746235,2.2613946020510847,149.16506701990812,41.92277685340858,4.870696065956182,25.57115434626996
2014,46.790922561023166,15.596974187007719,7.134786064269489,21.321395564154173,49.611651935269236,0.4977757719257783,16.0117873302792,19.08140459048817,48.782025648726275,0.5807384005800746,9.955515438515567,9.042926523318306,85.11965699930809,80.22486190870461,128.1772612708879,32.77023831844707,41.56427695580249,375.82070780396265,6.8858981783066,13.356983213341717,2.4888788596288918,3.3185051461718555,22.068059222042837,2.4059162309745954,0.24888788596288916,34.5124535201873,74.83229104617533,41.81316484176538,102.20995850209314,11.863655897564383,2.5718414882831877,9.125889151972602,13.274020584687422,0.5807384005800746,6.554047663689415,103.1225474172904,10.78514172505853,70.76712224211481,74.00266475963238,1.5762899444316314,1.9911030877031133,1.0785141725058531,30.447284716126774,149.9964326069679,259.2582145446762,4.065168804060523,174.5533706886396,55.99977434165006,8.130337608121046,18.251778303945205,220.4317043344655,21.321395564154173,25.220639110906102,27.709517970534993,147.42459111868467,2.737766745591781,153.8956761537198,40.73465066925953,5.143682976566375,25.469526996868993
2015,51.6123080642442,15.348498391986334,9.940737300509284,22.58535514675709,50.65799728339531,0.55668128882852,13.598928627096702,17.972853039320785,49.70368650254642,0.39762949202037134,13.042247338268181,8.588797027640021,89.14853211096727,80.9573645753476,122.86751303429475,32.92372193928675,47.87459083925271,376.1574994512713,8.668322926044095,13.360350931884476,3.976294920203714,3.817243123395565,20.756259483463385,1.8290956632937083,0.7157330856366684,37.45669814831898,74.67481860142574,42.546355646179734,97.33969964658691,10.815522182954101,1.988147460101857,20.120052296230792,12.724143744651883,0.7157330856366684,4.45345031062816,97.02159605297061,9.065952418064466,69.26705750994869,73.95908551578907,1.988147460101857,1.9086215616977824,1.510992069677411,31.015100377588965,156.98412344964262,258.30011801643326,4.055820818607788,179.887582190016,52.2485152514768,6.600649567538165,19.881474601018567,230.06842408298687,19.404319210594124,33.798506821731564,24.175873114838577,158.97227090974445,2.067673358505931,162.3123586427156,39.68342330363306,5.1691833962648275,24.812080302071173
2016,57.92073889424327,13.312427891015592,11.833269236458303,22.265230273862333,45.54251646926386,0.8563550105331666,13.390278346518604,20.318968886286953,43.207002804173406,0.15570091100603028,9.964858304385938,12.300371969476394,89.60587428397044,87.73746335189807,117.63203826505588,33.70924723280556,51.069898809977936,389.40797842608174,9.108503293852772,13.545979257524637,4.359625508168849,3.9703732306537725,24.05579075043168,3.036167764617591,0.38925227751507574,31.607284934224147,74.5807363718885,42.03924597162818,104.39746082954332,14.168782901548756,2.5690650315995,34.87700406535079,11.210465592434181,0.23355136650904545,4.748877785683924,108.21213314919106,9.964858304385938,66.3285880885689,73.88008227236138,2.4912145760964846,2.3355136650904544,1.1677568325452272,31.14018220120606,153.1318459744308,252.39117674077514,6.305886895744227,185.82903728569715,49.12363742240256,6.461587806750257,17.905604765693486,230.59304919993087,21.486725718832183,41.49429278310707,22.1095293628563,167.45632978698558,2.4133641205934695,161.15044289124137,39.70373230653773,4.593176874677894,24.522893483449774
2017,61.62389318729826,13.199638391301745,12.81592797294995,18.95529466657867,44.28018227779713,1.3813575060664618,13.046154223961027,21.334299260359796,42.13140393502708,0.5371945856925129,11.664796717894566,9.516018375124514,91.01611123304576,82.34425577829518,117.95258260134176,36.2990055760798,54.87058982430668,377.80127790917726,10.283439211828105,13.736832976994258,6.906787530332309,3.4533937651661546,23.866788021481646,2.6092308447922052,0.306968334681436,31.54099638851754,73.21194782152247,44.43366644513785,94.39276291454155,17.42045299317149,2.6859729284625646,44.35692436146749,12.585701721938873,0.23022625101107697,3.9138462671883083,108.20633797520617,9.05556587310236,74.13285282556679,84.10932370271345,2.7627150121329236,1.6883258407478976,1.8418100080886157,30.38986513346216,158.01195027726916,246.0351202471709,4.604525020221539,190.0901412514792,48.6544810470076,8.211402952728411,18.3413579972158,238.89810646582754,19.799457586952617,44.43366644513785,24.3272405235038,180.65086496002505,2.9929412631440004,161.0816336240835,39.215204755553444,6.5230771119805135,22.869140933766978
2018,66.95430016036336,13.5989311091526,12.409953525838711,18.20621924449392,44.14079278052811,0.3715554947855902,13.450308911238366,23.705240567320654,40.945415525372034,0.3715554947855902,9.140265171725519,8.991642973811283,83.59998632675779,75.20283214460346,111.6152706335913,39.905060139972385,56.030568613667,357.5106970826949,9.140265171725519,12.335642426881593,5.721954619698089,3.4183105520274295,21.401596499649994,2.155021869756423,0.07431109895711803,28.238217603704857,58.70576817612325,32.99412793696041,86.27518588921404,17.165863859094266,6.910932203011978,50.01136959814044,13.450308911238366,0.5201776926998263,5.127465828041145,109.31162656592063,9.0659540727684,60.860790045879675,81.51927555595849,4.16142154159861,1.2632886822710065,1.6348441770565967,29.94737287971857,158.95144066927548,241.36244941271937,4.310043739512846,188.23001365838,51.42328047832569,6.539376708226387,18.354841442408155,235.93773918884975,23.928173864192008,55.138835426181586,23.85386276523489,160.5862848463321,2.155021869756423,157.46521869013313,36.41243848898784,6.316443411355033,20.36124111425034
2019,65.80142874990062,12.918942861361288,11.64124521573215,16.68105259571375,42.09303910322661,0.7098320253495213,14.409590114595282,22.856591216254586,36.98224852071006,0.4258992152097128,9.937648354893298,8.517984304194254,77.15874115549296,76.9457915478881,97.67288668809412,49.901191382071346,63.1750502561074,322.1927563061477,10.221581165033106,12.06714443094186,9.653715544753489,3.0522777090029414,23.2824904314643,1.9165464684437075,0.35491601267476064,27.75443219116628,50.96593942009562,25.128053697373055,79.57217004168135,18.3846494565526,14.622539722200138,50.611023407420866,11.99616122840691,0.49688241774466485,4.258992152097127,108.95921589115152,9.653715544753489,51.53380504037524,78.4364388011221,2.1294960760485635,1.135731240559234,0.9937648354893297,26.40575134300219,147.64506127270045,219.26711263046712,3.975059341957319,185.6210746288998,42.87385433111108,5.465706595191314,16.610069393178797,231.83113947915368,16.68105259571375,54.870015559517995,19.02349827936717,149.3486581335393,2.5553952912582765,143.31508591806835,32.29735715340322,3.5491601267476063,21.01102795034583
2020,68.05542394344877,9.229939956163939,9.229939956163939,13.598778202081535,33.0431850430669,0.9845269286574867,12.798850072547328,24.243975618190614,31.074131185751927,0.3691975982465575,6.953221433643501,9.291472889205032,74.824046577969,72.48579512240747,267.545192862672,53.902849343997396,65.96330422005161,296.4041384589446,9.537604621369404,11.691257277807654,14.152574599451373,2.7074490538080886,22.397987626957825,2.276718522520438,0.18459879912327876,20.982730167012686,56.4872325317233,25.966897743341217,72.73192685457184,17.352287117588205,19.382873907944273,56.30263373260002,16.183161389807438,0.49226346432874335,4.491904111999784,109.52862081314541,6.337892103232571,54.087448143120675,75.37784297533884,3.0151137190135535,1.1691257277807656,1.4152574599451373,20.921197233971593,161.89314683111547,314.80248543823143,4.6765029111230625,196.84385279845625,40.98093340536789,4.6765029111230625,15.014035662026673,238.56318140031726,16.367760188930717,70.02447780076375,20.613532568766132,147.9867039638285,1.47679039298623,151.12488354892423,51.99532841972351,3.199712518136832,18.33681404624569
2021,68.15054404108326,9.930345717893063,6.128441928756863,15.37784965456583,29.677547488331843,1.2483863188208424,12.937821849597821,25.081216041764193,33.02549261607865,0.6241931594104212,5.277269438651742,9.079173227787944,78.25112425699734,72.51989615695621,150.4872962505852,57.14204650239037,67.86681987771489,270.8998311841228,10.61128370997716,10.327559546608787,12.20013902484005,4.0288831198309,23.03840206551191,1.645600147536565,0.05674483267367465,24.570512547701124,66.39145422819935,30.415230313089616,70.36359251535657,18.66904994963896,20.25790526450185,60.546736462810856,16.1155324793236,0.2269793306946986,3.688414123788853,98.79275368486758,8.454980068377523,50.729880410265146,68.37752337177795,3.347945127746805,1.4186208168418664,1.3618759841681918,18.612305116965285,168.58889787348738,366.0041707452015,4.709821111914996,195.54269339348284,38.983700046814484,3.9721382871572257,16.85321530408137,241.39251819381198,14.072718503071313,73.25757898171398,18.78253961498631,156.33201401597367,1.759089812883914,124.4981628860422,51.18383907165454,2.950731299031082,17.136939467449746
