Year,rnase,serotonin,BLAST,genetic algorithm,Epidemiology,mouse,FACS,Mononucleosis,Prefrontal cortex,paleocortex,neutrotransmitter,epinephrine,nanopore,RNA,Histamine,dopamine,cocaine,fMRI,gene therapy,cannabis,connectome,savant,homeopathy,substance P,ribozyme,lateral ventricles,autism,neuropeptide,microglia,machine learning,SNP,natural medicine,GABA,DNA array,ribosome,BRCA1,stem cells,EEG,soy milk,inflammatory,prion,glycine,NGS,autoimmune,glutamate,archaea,perceptron,Drug repurposing,antibiotic,illumina,lipid,genetic engineering,influenza
1945,14.624872032369717,0,34.12470140886267,0,2573.9774776970703,575.2449666065422,0,87.7492321942183,4.874957344123239,121.87393360308097,0,219.37308048554576,0,34.12470140886267,170.62350704431336,0,9.749914688246477,0,4.874957344123239,34.12470140886267,0,0,19.499829376492954,0,0,0,0,38.99965875298591,0,0,0,4.874957344123239,0,0,0,0,9.749914688246477,155.99863501194363,0,82.87427485009506,0,34.12470140886267,0,0,19.499829376492954,14.624872032369717,0,0,3085.84799883001,0,950.6166821040315,4.874957344123239,443.6211183152148
1946,14.833494029518654,1.8541867536898318,48.208855595935624,0,2150.8566342802046,610.0274419639546,0,72.31328339390343,1.8541867536898318,153.89750055625603,0,144.62656678780687,0,27.812801305347474,222.5024104427798,0,5.562560261069495,0,31.521174812727136,27.812801305347474,0,1.8541867536898318,81.58421716235259,1.8541867536898318,0,1.8541867536898318,1.8541867536898318,53.77141585700512,0,0,0,38.93792182748646,0,0,0,0,12.979307275828823,192.8354223837425,5.562560261069495,113.10539197507974,0,24.104427797967812,0,1.8541867536898318,46.354668842245786,0,0,0,4103.315285915597,0,1079.136690647482,20.396054290588147,383.8166580137952
1947,6.149116064565719,0,26.133743274404306,0,1251.3451191391239,642.5826287471176,0,50.73020753266718,1.5372790161414298,156.80245964642583,0,175.249807840123,0,24.596464258262877,310.5303612605688,0,10.760953112990007,1.5372790161414298,6.149116064565719,7.686395080707149,0,0,95.31129900076864,1.5372790161414298,0,9.223674096848578,3.0745580322828596,72.25211375864718,0,0,0,30.745580322828594,1.5372790161414298,0,0,0,6.149116064565719,169.10069177555727,3.0745580322828596,106.07225211375865,0,35.357417371252886,0,4.611837048424289,46.11837048424289,3.0745580322828596,0,0,3904.6887009992315,0,1054.5734050730207,4.611837048424289,365.8724058416603
1948,14.13287731249205,8.47972638749523,39.57205647497774,0,1027.460180618172,556.8353661121868,0,90.45041479994913,1.4132877312492051,141.3287731249205,0,216.2330228811284,0,39.57205647497774,457.9052249247424,1.4132877312492051,12.719589581242845,0,12.719589581242845,11.306301849993641,0,0,46.63849513122377,0,0,4.239863193747615,1.4132877312492051,94.69027799369674,0,0,0,24.025891431236488,1.4132877312492051,0,0,0,8.47972638749523,183.72740506239666,0,108.82315530618878,0,70.66438656246025,0,9.893014118744436,67.83781109996184,0,0,0,4005.257430360247,0,1108.0175812993766,8.47972638749523,387.2408383622822
1949,4.775093114315729,1.5916977047719096,20.692070162034824,0,865.883551395919,692.3885015757808,0,98.68525769585841,4.775093114315729,119.37732785789322,0,249.89653964918983,0,31.833954095438195,507.75156782223917,1.5916977047719096,22.283767866806738,0,11.141883933403369,1.5916977047719096,0,3.1833954095438193,25.467163276350554,0,0,4.775093114315729,1.5916977047719096,124.15242097220897,1.5916977047719096,0,0,30.242256390666284,0,0,1.5916977047719096,0,7.958488523859549,257.8550281730494,0,122.56072326743706,0,68.44300130519211,0,11.141883933403369,79.58488523859549,1.5916977047719096,0,0,4302.358895998472,0,1053.7038805590043,11.141883933403369,463.18403208862577
1950,5.8280492353599405,2.3312196941439765,17.48414770607982,0,416.12271540469976,643.4166355837374,1.1656098470719882,86.25512868332711,4.662439388287953,215.63782170831777,0,324.0395374860127,0,25.643416635583737,635.2573666542335,1.1656098470719882,25.643416635583737,0,13.987318164863856,8.159268929503916,0,1.1656098470719882,113.06415516598284,3.496829541215964,0,5.8280492353599405,2.3312196941439765,636.4229765013055,2.3312196941439765,0,1.1656098470719882,27.974636329727712,10.490488623647892,0,0,0,10.490488623647892,346.18612458038046,0,127.0514733308467,0,47.79000372995151,0,15.152928011935845,62.94293174188736,1.1656098470719882,0,0,5080.893323386796,0,1246.0369265199552,10.490488623647892,452.25662066393136
1951,9.631962705040406,5.7791776230242435,16.37433659856869,0.9631962705040406,1115.381281243679,613.5560243110739,10.595158975544447,77.05570164032325,1.926392541008081,299.5540401267566,0,327.4867319713738,0,34.67506573814546,564.4330145153677,1.926392541008081,21.190317951088893,0,26.006299303609094,7.705570164032324,0,1.926392541008081,92.4668419683879,3.852785082016162,0,15.411140328064649,4.815981352520203,1025.8040280868033,0.9631962705040406,0,0,16.37433659856869,6.742373893528284,0,0.9631962705040406,0,6.742373893528284,285.10609606919604,1.926392541008081,127.14190770653337,0,51.04940233671416,0,9.631962705040406,85.72446807485962,2.8895888115121218,0,0,4413.365311449514,0.9631962705040406,1199.1793567775305,14.447944057560608,438.25430307933846
1952,12.941154720748369,21.26046846980089,26.806677635835907,0,1463.274851638905,620.2510584015824,3.6974727773566767,67.47887818675935,2.7731045830175076,346.63807287718845,0,310.5877132979609,0,77.64692832449022,470.50341091863714,1.8487363886783383,13.865522915087537,0,24.033573052818397,4.621840971695845,0,3.6974727773566767,64.70577360374185,1.8487363886783383,0,6.470577360374184,3.6974727773566767,1142.5190882032132,1.8487363886783383,0,0,14.789891109426707,1.8487363886783383,0,0.9243681943391692,0,14.789891109426707,366.97417315265017,0.9243681943391692,134.9577563735187,0,45.29404152261929,0,8.319313749052522,63.78140540940268,0.9243681943391692,0,0,4408.311918803498,0,1264.5356898559835,10.16805013773086,433.5286831450703
1953,18.361426315596198,46.8216371047703,19.279497631376003,0,1028.239873673387,696.8161286768756,0,67.01920605192612,3.6722852631192393,386.5080239432999,0,339.68638683852964,0,89.97098894642136,415.8863060482538,0.9180713157798098,22.033711578715433,0,21.115640262935624,10.098784473577908,0,0.9180713157798098,39.477066578531826,8.262641842018288,0,5.508427894678858,2.754213947339429,958.4664536741213,1.8361426315596197,0,0,18.361426315596198,7.344570526238479,0,1.8361426315596197,0,23.869854210275054,419.55859131137305,2.754213947339429,157.9082663141273,0,75.2818478939444,0,23.869854210275054,83.54448973596269,3.6722852631192393,0,0,4590.356578899049,0,1526.7525981418237,9.180713157798099,496.6765818368771
1954,31.149119329444414,49.08346076154878,17.934341432104357,0,1112.873081497423,768.3449434596289,0,67.01780219365313,0.9439127069528609,415.3215910592588,0,328.48162201959565,0,99.1108342300504,430.4241943705046,0,16.9904287251515,0,15.102603311245774,6.607388948670026,0,1.8878254139057218,22.653904966868662,3.7756508278114436,0,11.326952483434331,4.719563534764305,968.4544373336355,0.9439127069528609,0,0,19.82216684601008,0.9439127069528609,0,0,0,25.485643087727247,482.339393252912,0,172.73602537237358,0,70.79345302146457,0,17.934341432104357,97.22300881614468,2.831738120858583,0,0,4014.460742670518,0,1665.0620150648467,8.49521436257575,473.84417889033625
1955,35.924172362336726,105.00911921298427,21.186050367531916,0,1283.137746172694,826.2559643337448,0,56.18909010519335,1.8422652493506013,453.197251340248,0,280.94545052596675,0,109.6147823363608,394.24476336102873,0,15.659254619480114,0,28.555111364934323,4.605663123376504,0,0,29.47624398960962,3.6845304987012026,0,8.290193622077707,0.9211326246753007,819.8080359610177,0.9211326246753007,0,0,12.89585674545421,4.605663123376504,0,5.526795748051804,0,21.186050367531916,505.7018109467401,1.8422652493506013,198.04351430518966,0,94.87666034155598,0,28.555111364934323,83.82306884545237,6.447928372727105,0,0,3698.3474880713325,0,1825.684862106446,23.02831561688252,399.77155910908056
1956,48.59086491739553,167.2647080810346,18.68879419899828,0,1468.004784331315,828.8480227255737,0,69.14853853629364,4.67219854974957,365.3659265904164,0,312.1028631232713,0,134.55931823278763,425.1700680272109,3.7377588397996564,15.885475069148539,0.9344397099499141,29.90207071839725,1.8688794198998282,0,0.9344397099499141,12.147716229348882,13.082155939298797,0.9344397099499141,9.34439709949914,4.67219854974957,715.7808178216342,0.9344397099499141,0,0,23.36099274874785,5.606638259699484,0.9344397099499141,5.606638259699484,0,19.623233908948198,531.6961949615011,0.9344397099499141,171.00246692083428,1.8688794198998282,99.98504896464081,0,28.03319129849742,125.21492113328847,3.7377588397996564,0,0,3642.4459893847647,0,1802.534200493384,22.426553038797937,389.66135904911414
1957,46.62464471124102,225.95020129293724,11.656161177810255,0,1427.431430390302,899.3176662572067,0,61.8673170206852,0.8966277829084812,390.9297133480978,0,337.13204637358893,0,93.24928942248204,378.37692438737906,5.379766697450887,8.069650046176331,0,32.278600184705326,0.8966277829084812,0,0,15.24267230944418,2.6898833487254437,0,8.069650046176331,8.966277829084811,608.8102645948587,0.8966277829084812,0.8966277829084812,0,12.552788960718738,7.17302226326785,0.8966277829084812,1.7932555658169624,0,22.41569457271203,444.72738032260673,2.6898833487254437,169.46265096970293,0,93.24928942248204,0,47.52127249414951,163.18625648934358,7.17302226326785,0,0,3486.088819948175,0,1873.9520662787259,23.31232235562051,556.8058531861668
1958,51.156035041883996,216.4996483022591,7.3080050059834285,0,1406.79096365181,933.597639514383,0,55.72353817062365,0.9135006257479286,371.794754679407,0,345.30323653271705,0,128.80358823045793,359.91924654468386,8.221505631731358,18.270012514958573,0,36.540025029917146,3.6540025029917143,0,1.8270012514958571,15.529510637714788,4.567503128739643,0,6.3945043802354995,9.135006257479287,517.0413541733276,1.8270012514958571,0,0,20.09701376645443,19.183513140706502,0,3.6540025029917143,0,31.9725219011775,544.4463729457655,0,201.88363829029225,0,87.69606007180114,0,37.453525655665075,163.5166120088792,3.6540025029917143,0.9135006257479286,0,3210.954699503969,0,2027.0578885346536,30.145520649681647,759.1190199965287
1959,66.36363636363636,239.09090909090912,11.818181818181818,0,1206.3636363636363,1130.909090909091,0,52.72727272727273,2.7272727272727275,385.4545454545455,0,306.3636363636363,0,196.36363636363635,370,9.09090909090909,17.272727272727273,1.8181818181818181,44.54545454545454,6.363636363636364,0,0.9090909090909091,12.727272727272728,8.181818181818182,0,6.363636363636364,3.6363636363636362,497.27272727272725,0.9090909090909091,0,0,25.454545454545457,29.09090909090909,0,3.6363636363636362,0,34.54545454545455,510.90909090909093,2.7272727272727275,185.45454545454547,0,83.63636363636364,0,57.27272727272727,191.8181818181818,0.9090909090909091,0,0,2888.181818181818,0,2183.6363636363635,32.72727272727273,528.1818181818181
1960,55.24763415373099,277.1292616421023,10.69309048136729,0,1261.78467680134,1110.2992283153037,0,52.57436153338918,3.5643634937890964,386.733439076117,0.8910908734472741,257.5252624262622,0,227.2281727290549,425.9414375077971,10.69309048136729,16.93072659549821,1.7821817468945482,61.48527026786192,5.346545240683645,0,0,10.69309048136729,9.801999607920015,0,10.69309048136729,4.455454367236371,509.70397961184085,0.8910908734472741,0,0,34.75254406444369,35.643634937890965,0.8910908734472741,18.712908342392755,0,32.07927144410187,462.47616331913525,0,190.69344691771667,0,58.811997647520094,0,66.83181550854556,164.85181158774571,3.5643634937890964,0,0,2742.77770847071,0,2200.994457414767,35.643634937890965,360.0007128726987
1961,69.0630720585788,290.39773672824094,40.77217507072724,0,1253.1203195207188,1180.72890664004,0.8320852055250457,45.76468630387752,0,415.21051755699784,0,267.0993509735397,0,315.3602928939923,376.1025128973207,13.313363288400732,24.962556165751376,0.8320852055250457,46.596771509402565,6.656681644200366,0,0,19.9700449326011,10.817107671825596,0,8.320852055250457,10.817107671825596,468.46397071060073,1.6641704110500914,0,0,27.458811782326514,36.611749043102016,0.8320852055250457,44.100515892827424,0,33.28340822100183,500.0832085205525,1.6641704110500914,183.8908304210351,0,64.90264603095358,0,86.53686137460477,150.60742220003328,2.4962556165751373,0,0,2764.187052754202,0,2273.256781494425,27.458811782326514,294.55816275586625
1962,100.2434483746241,323.802249908508,18.298407242986936,0,816.2680796219389,1207.6948780371376,0,71.6024631247315,0,464.62042738714655,0,334.14482791541366,0,474.16742247044414,369.15047655417123,27.049819402676338,25.458653555460085,3.1823316944325106,42.96147787483889,7.955829236081277,0,0,25.458653555460085,7.160246312473149,0,3.9779146180406384,6.364663388865021,556.9080465256893,3.1823316944325106,0.7955829236081277,0,45.348226645663274,54.895221728960806,0,70.80688020112336,0,39.779146180406386,535.4273075882699,2.386748770824383,189.34873581873438,0.7955829236081277,112.97277515235415,0,132.0667653189492,194.91781628399127,2.386748770824383,3.1823316944325106,0,3019.2371950928446,0,2460.737982719939,26.254236479068215,278.45402326284466
1963,138.47675568743819,388.58273279638263,13.423767132965946,0,1146.6723187791438,2344.920163911262,0,70.65140596297867,3.532570298148933,667.6557863501483,0,565.2112477038294,0,894.4467994913099,563.0917055249399,71.35792002260845,62.17323724742122,4.945598417408506,26.84753426593189,7.065140596297866,0,0.7065140596297866,32.499646742970185,11.304224954076586,0,5.652112477038293,14.130281192595731,1085.2055955913522,2.8260562385191466,0,0,132.82464321039987,34.619188921859546,0,98.91196834817012,0,31.08661862371061,833.6865903631483,2.8260562385191466,224.67147096227217,0,165.32428995337006,0,238.8017521548679,262.11671612265087,4.945598417408506,0,0,4102.020630210542,0,3235.1278790447927,23.31496396778296,498.79892609862935
1964,244.89544136697305,436.740484855962,13.571032015298254,0,2310.1597680587256,3093.578434396398,0.6168650916044661,74.6406760841404,3.701190549626797,755.0428721238665,0,730.3682684596879,0,1156.622046758374,606.3783850471901,86.36111282462525,67.85516007649127,17.889087656529515,27.142064030596508,10.486706557275925,0,1.8505952748133985,45.648016778730494,6.785516007649127,1.2337301832089322,7.402381099253594,33.31071494664117,1279.9950650792673,1.8505952748133985,2.4674603664178645,0,186.29325766454878,41.9468262291037,0,234.40873480969714,0,39.47936586268583,1080.7476404910246,4.934920732835729,246.74603664178642,0.6168650916044661,272.654370489174,0,347.9119116649189,347.9119116649189,4.934920732835729,0.6168650916044661,0,4364.320523101597,0,3714.14471655049,14.18789710690272,454.62957251249156
1965,213.87711684593492,297.61736365333803,24.89574905084957,0,2367.3594097444225,2787.758081216723,0,51.48893553698433,3.960687348998795,612.2091016595281,0,468.49273213871464,0,1076.1753339708155,437.37304582515264,71.2923722819783,54.31799792912633,16.974374352851978,27.724811442991566,9.052999654854387,0,1.6974374352851977,33.948748705703956,3.3948748705703955,0.5658124784283992,6.223937262712393,19.237624266565575,798.9272195408998,2.263249913713597,0.5658124784283992,0,92.22743398382909,35.08037366256075,1.1316249568567984,255.74724024963646,0,19.803436744993974,815.3357814153233,4.526499827427194,243.86517820264007,7.92137469799759,205.95574214793731,0,305.5387383513356,329.86867492375677,6.223937262712393,0.5658124784283992,0,3364.88680921369,0,3041.242071552646,15.276936917566779,312.89430057090476
1966,204.7895218802897,339.0959291838943,18.8694952410023,0,3018.5642534062213,3218.913894053334,1.1099703082942531,70.48311457668507,1.1099703082942531,696.5063684546438,0,529.4558370563587,0,1200.9878735743819,475.0672919499404,94.34747620501152,62.713322418625296,0,4.4398812331770126,6.659821849765519,0,1.1099703082942531,36.074035019563226,3.884896079029886,0.5549851541471266,8.879762466354025,21.644421011737936,881.316424785637,0.5549851541471266,1.1099703082942531,0,56.60848572300691,29.41421316979771,0,352.9705580375725,0,14.42961400782529,925.1602519632601,0,302.466909010184,1.6649554624413798,206.45447734273105,0.5549851541471266,240.3085717457058,320.7814190970392,5.5498515414712655,0,0,3061.853095429697,0,3111.2467741487912,0,281.9324583067403
1967,264.9978914706082,390.4684058997173,31.237472471977387,0,3627.7118030789734,3320.0226992299963,0.5206245411996231,60.39244677915628,3.1237472471977386,996.4753718560785,0,597.6769732971673,0,1356.2269298250183,540.4082737652087,122.34676718191142,69.7636885207495,0,5.726869953195854,29.675598848378517,0,0.5206245411996231,15.09811169478907,7.288743576794723,2.0824981647984924,9.891866282792838,21.86623073038417,1080.2959229892178,2.0824981647984924,0.5206245411996231,0.5206245411996231,41.64996329596985,31.758097013177007,0,412.33463663010144,0,26.55185160118078,1190.1477011823383,1.5618736235988693,340.48844994455345,8.32999265919397,236.88416624582848,0.5206245411996231,287.90537128339156,352.4628143921448,5.726869953195854,0.5206245411996231,0,3409.570120316331,0,3666.758643668945,1.0412490823992462,273.3278841298021
1968,297.852102019149,440.0524604024847,27.383177121115313,0,4089.7015233693796,3427.7012063010134,0,84.55156444414553,0.9608132323198355,948.3226602996776,0,604.8319297453364,0,1457.0732668130306,534.6925637859885,130.19019297933772,76.86505858558684,0.48040661615991775,13.931791868637616,53.325134393750865,0,0.48040661615991775,5.284472777759095,10.56894555551819,0.48040661615991775,8.166912474718602,33.628463131194245,1174.113769894839,1.4412198484797532,0.9608132323198355,0,36.51090282815375,32.18724328271449,0.48040661615991775,518.8391454527111,0,27.383177121115313,1158.2603515615617,1.921626464639671,353.09886287753955,9.127725707038438,283.9203101505114,0,301.69535494842836,358.38333565529865,4.804066161599177,0.48040661615991775,0,3416.651854129335,0,4099.790062308738,0.48040661615991775,329.5589386857036
1969,310.19847129735405,392.3917788117727,28.79087607849693,0,4521.560651231042,3637.8665032087893,0,84.05078339045072,2.7862138140480903,1029.5060042907694,0,679.3718016587259,0,1656.4041124515895,567.9232490968024,175.9958392540377,74.76340401029042,0,12.537962163216404,74.2990350412824,0,1.3931069070240452,6.9655345351202245,6.501165566112211,2.321844845040075,6.501165566112211,32.50582783056105,1237.0789334373521,1.3931069070240452,0.9287379380160301,0.46436896900801505,30.183982985520977,35.756410613617156,0,586.033638888115,0,26.93340020246487,1339.7044755881234,0.9287379380160301,367.31585448533986,10.680486287184346,281.4075952188571,0,351.9916785080754,408.64469272705315,10.21611731817633,0.46436896900801505,0,3618.3630065104526,0,4326.525684247676,0,318.0927437704903
1970,331.7747213183488,433.4035164474584,33.72435354060139,0,4479.414472305014,3749.7835261090304,0.45573450730542414,79.2978042711438,2.7344070438325447,982.5635977504944,0,589.2647179459134,0,1674.8243143474335,517.7144002989618,225.13284660887956,66.0815035592865,0.45573450730542414,12.760566204551877,106.18614020216383,0,1.8229380292216966,5.0130795803596655,3.190141551137969,0.45573450730542414,10.937628175330179,37.370229599044784,1210.4308514032066,1.3672035219162724,0.45573450730542414,0,49.67506129629123,36.45876058443393,0.45573450730542414,608.8613017600467,0,42.83904368670987,1118.3724809275109,0.45573450730542414,380.0825790927238,5.4688140876650895,303.06344735810706,0,362.3089333078122,439.3280650424289,8.658955638803059,0,0,3586.6305724936883,0.45573450730542414,4357.277624347161,0.9114690146108483,350.9155706251766
1971,348.74674726591496,478.8561106689678,27.27378408105232,0,4421.035688417137,3904.622235734917,0.4471112144434807,87.18668681647874,5.365334573321768,1094.5282529576407,0,612.5423637875685,0,1831.8146455749404,502.5530050344723,321.4729631848626,62.148458807643806,0,26.37956165216536,151.57070169633994,0,1.341333643330442,5.365334573321768,2.682667286660884,2.682667286660884,12.966225218860938,49.18223358878288,1302.8820788883027,0.8942224288869614,0,0.4471112144434807,44.264010229904585,41.13423172880022,0,781.1032916327607,0,86.73957560203525,1126.2731491831278,2.2355560722174035,387.64542292249774,10.730669146643535,329.52096504484524,0,340.2516341914888,459.63032844789814,6.259557002208729,0.8942224288869614,0,3741.8737536774897,0,4881.560239293923,4.471112144434807,331.7565211170627
1972,396.28031895518916,502.0428404039163,32.47479911703654,1.7553945468668404,4086.9973537427204,4268.680689343439,0,80.30930051915793,7.46042682418407,1190.5963514124344,0,608.2442104893602,0,2048.984284830319,482.29465175166433,368.1940062053197,76.79851142542425,0.4388486367167101,29.40285866001957,181.24448696400125,0,0.8776972734334202,6.58272955075065,0.4388486367167101,2.19424318358355,15.798550921801562,40.812923214654035,1327.9559747047647,1.7553945468668404,0.4388486367167101,0.4388486367167101,28.964010023302862,43.44601503495429,0,828.5462261211485,0,114.97834281977804,1058.9417603974214,1.31654591015013,404.6184430528067,14.92085364836814,338.79114754530013,0,312.02138070558084,495.46011085316565,16.23739955851827,0,0,3603.825004717623,0,5636.133041352707,10.09351864448433,318.16526161961474
1973,380.7447020240042,516.6013343371148,34.180490295336746,0,4413.177228005504,4474.615577650286,0.8653288682363733,87.39821569187369,5.624637643536426,1159.9733478708583,0,586.6929726642611,0,2035.686162526068,486.7474883829599,442.61571610290497,69.22630945890987,0.43266443411818667,49.323745489473275,206.38093507437503,0,0.8653288682363733,6.0573020776546125,5.624637643536426,0.8653288682363733,8.220624248245546,40.67045680710954,1437.7439145747342,3.8939799070636796,0.43266443411818667,0.8653288682363733,27.690523783563947,61.871014078900686,0.8653288682363733,842.8303176622276,0,129.79933023545598,1040.990628488357,2.1633221705909333,425.74180317229565,7.787959814127359,349.59286276749475,0,311.95105699921254,496.69877036767826,14.27792632590016,0.43266443411818667,0.43266443411818667,3841.1948461012603,0,5702.949906111818,14.27792632590016,336.180265309831
1974,381.09820934881543,616.7325932542215,40.406618178724855,0,4363.914763302284,4473.225298796308,1.2759984688018373,79.11190506571393,3.8279954064055124,1112.6706647952021,0,587.809961294713,0,2145.8040917017565,520.1820424482157,526.562034792225,88.04389434732678,0,40.831951001658794,185.87044362213433,0,0,5.954659521075241,12.334651865084428,2.126664114669729,16.16264727148994,42.958615116328524,1641.3593637020967,1.7013312917357832,0.8506656458678916,0,26.795967844838586,99.10254774360936,0.8506656458678916,827.2723406065246,0,128.45051252605163,946.3655310280294,1.7013312917357832,468.71677087320825,7.230657989877079,375.1435498277402,0,313.895623325252,490.4087448428395,12.759984688018374,0,0,3890.5193313768023,0,5720.726468461571,27.22130066777253,328.35693930500616
1975,329.46483033163184,581.4793412308582,107.14629683135895,1.2038909756332468,3866.4965167421105,4622.54004943979,4.012969918777489,74.23994349738354,10.43372178882147,1040.1618029471251,0,547.3690969212495,0,1908.5684933705736,477.9447173263989,598.3338148897236,74.64124048926129,2.0064849593887444,69.8256765867283,140.45394715721213,0,0.8025939837554977,10.032424796943722,10.43372178882147,6.822048861921731,40.12969918777489,55.78028187100709,1520.1130052329127,10.032424796943722,1.2038909756332468,1.6051879675109955,64.20751870043982,147.67729301101159,1.6051879675109955,740.7942470063244,0,173.76159748306526,741.9981379819577,0.8025939837554977,728.755337249992,3.61167292689974,337.8920671610646,1.6051879675109955,318.62981155093263,533.724999197406,18.0583646344987,0.40129699187774887,0.40129699187774887,3401.794600147677,0,5035.87595107387,27.288195447686924,347.5231949661305
1976,281.2040396117266,580.8412589469556,112.95225022060986,1.1765859397980194,3709.775468183155,4478.478282184528,1.5687812530640257,65.88881262868908,11.373664084714187,986.3712128640062,0.39219531326600643,484.361211883518,0,1831.5521129522501,458.4763212079616,622.4139621531523,79.6156485929993,3.1375625061280514,88.24394548485147,132.16982057064416,0,1.1765859397980194,3.921953132660065,26.27708598882243,7.451710952054123,36.866359447004605,41.572703206196685,1649.1812922835572,6.66732032552211,1.1765859397980194,2.7453671928620453,67.45759388175311,183.93960192175703,3.529757819394058,642.0237278164526,0,173.74252377684087,654.9661731542308,5.098539072458085,778.8998921462888,9.020492205118149,312.18746935974116,0.39219531326600643,322.3845475046573,491.4207275223061,30.98342974801451,0.39219531326600643,0.7843906265320129,3206.196685949603,0,4864.0062751250125,53.73075791744289,405.9221492303167
1977,266.2171233294685,532.0528467687801,93.82437297858058,1.9069994507841581,3639.317751876488,4325.837554158785,0,65.2193812168182,11.060596814548116,1025.9657045218771,0,461.8752669799231,0,1693.4155122963323,475.605663025569,691.4780008543357,75.8985781412095,2.2883993409409897,64.07518154634772,67.12638066760236,0,1.1441996704704949,8.772197473607127,39.66558857631049,7.246597912979801,34.70739000427168,49.96338561054494,1670.9129187770795,3.432599011411485,0,3.051199121254653,57.59138341368158,199.0907426618661,1.1441996704704949,595.746628424971,0,167.81595166900593,705.9711966802953,4.5767986818819795,754.408982730213,4.195398791725148,325.7155061939342,0,311.9851101482883,440.89827302129737,34.70739000427168,0,0.7627997803136632,3136.2512967596263,0,4744.996033441143,40.04698846646732,416.48868005126013
1978,225.99699159848845,546.6485673404997,106.39468760318451,1.8343911655721465,3675.019261107239,4573.137175771361,4.402538797373151,59.43427376453755,12.106981692776168,1001.9444546355064,0,485.74678064350445,0,1642.1469714201855,444.6564185346884,688.9973217888983,71.90813369042814,3.668782331144293,63.8368125619107,71.17437722419929,0,1.1006346993432878,5.870051729830869,61.26866493010969,6.6038081960597275,26.048354551124483,51.362952636020104,1743.405363759768,8.438199361631874,0.7337564662288586,6.6038081960597275,52.83046556847782,229.29889569651834,3.668782331144293,541.879150310012,0,212.05561874014012,703.3055728803611,6.6038081960597275,750.9997431852369,5.13629526360201,263.7854496092747,0,322.48596690758336,424.4781157133947,39.622849176358365,1.4675129324577172,0.3668782331144293,2955.937924202957,0,4594.782991525113,28.249623949811056,352.936860256081
1979,236.43930209640484,536.3308306924446,103.50865998823122,3.5448171228846306,3853.2162125755935,4914.179977454964,7.7985976703461874,59.55292766446179,9.925487944076965,1062.3816917285237,0.35448171228846304,425.7325364584441,0,1654.366151250257,449.12832946948265,717.4709856718491,65.57911677336566,4.253780547461556,81.5307938263465,48.56399458351944,0,0.7089634245769261,3.8992988351730937,66.99704362251951,8.507561094923112,35.093689516557845,50.69088485725021,1773.8264882914689,7.089634245769261,0.35448171228846304,5.671707396615409,58.13500081530793,260.1895768197319,4.253780547461556,565.752812812387,0,246.01030832819333,719.9523576578684,5.317225684326946,785.5314744312342,2.8358536983077043,251.68201572480876,1.063445136865389,289.96604065196277,406.23604228257864,47.85503115894251,0.7089634245769261,0.35448171228846304,3110.931507043552,0,4647.6097298140385,32.6123175305386,389.92988351730935
1980,204.87714497463088,535.887349637991,103.32934268285732,1.4252323128669973,3672.1110541018184,5141.169260589476,8.195085798985234,55.940368280029645,11.401858502935978,1125.933527164928,1.068924234650248,488.1420671569466,0,1614.4319024000913,499.90023373809925,772.8322216521293,61.284989453280886,10.68924234650248,78.38777720768485,52.02097941964541,0,1.4252323128669973,7.1261615643349865,95.13425688387207,8.195085798985234,34.56188358702468,43.11327746422667,1982.4981471979934,7.482469642551735,1.068924234650248,4.98831309503449,62.71022176614788,305.71233110997093,5.700929251467989,497.40607719058204,0,297.87355338920247,705.8463029473804,4.275696938600992,841.9559888261787,6.057237329684739,278.632917165498,1.068924234650248,324.9529673336754,443.95986545806966,45.25112593352716,0.3563080782167493,0.7126161564334986,3036.8137506413545,0,4901.73023202782,42.40066130779317,383.743800239439
1981,223.17100257721964,569.385733273633,144.54993847813594,2.4679257788950038,3701.5361075169494,5396.648556792261,9.871703115580015,66.28143520460868,17.628041277821456,1094.348802527156,1.0576824766692874,511.56575788237865,0,1587.5813974806003,505.57222384791936,737.9098078896061,71.92240841351153,17.980602103377883,87.08252391243799,40.54449493898935,0,0.35256082555642915,6.346094860015723,111.40922087583161,8.814020638910728,43.01242071788435,39.83937328787649,1972.577818988221,10.576824766692873,0.35256082555642915,5.993534034459295,62.75582694904438,379.35544829871776,4.9358515577900075,466.0854113855993,0,313.4265739196655,636.3722901293545,5.2884123833464365,867.2996308688157,3.87816908112072,282.75378209625615,0,362.7850894975656,475.6045536756229,41.95473824121507,0.35256082555642915,0,3109.586481407705,0,4943.607895952249,46.53802897344865,375.12471839204056
1982,199.13920472795013,594.7128372096169,129.15310051965525,3.7190683395712254,3838.7547206810627,5570.826275555916,15.214370480064103,64.57655025982763,21.976312915648148,1120.1157644544974,0,511.87904237371225,0,1555.5848573061098,529.1219955844516,796.2187217900214,63.22416177271082,39.557363248166666,94.32909697639744,30.428740960128206,0,1.0142913653376069,6.4238453138048435,146.7341508521738,11.495302140492878,33.13351793436182,47.671694170867525,2097.216446396392,5.747651070246439,1.0142913653376069,6.4238453138048435,75.73375527854131,339.1114131445399,7.438136679142451,448.99297772278067,0,372.24493107890174,612.2938875421353,8.452428044480056,932.1337647452608,7.776233800921653,275.2110571282707,0.6761942435584045,370.2163483482265,456.43111440192314,33.13351793436182,0.33809712177920226,1.0142913653376069,3275.823012918691,0,4992.68019731348,62.54796752915243,392.86885550743307
1983,206.7637594820568,589.2767145238619,147.9653153793469,5.815230735432848,3934.0035925203206,5574.221728286575,24.87626481268496,56.5369654833749,20.03023919982425,1089.7096261452775,0.3230683741907137,519.1708773244769,0,1556.220358476668,537.9088430275384,775.3640980577129,60.736854347854184,73.33652094129202,98.21278575397696,27.137743432019953,0,0.9692051225721412,6.13829910962356,147.9653153793469,10.338187974102839,39.41434165126707,47.814119380225634,2120.9438765620357,3.2306837419071375,0.9692051225721412,5.492162361242133,79.15175167672486,371.52863031932077,11.953529845056408,408.68149335125287,0,385.7436387837122,629.660261297701,9.045914477339984,1022.8344726877996,9.045914477339984,293.3460837651681,0.6461367483814274,409.3276300996343,475.5566468087306,36.50672628355065,0.3230683741907137,0.9692051225721412,3244.575681997338,0,4858.625279454143,81.73629867025058,375.7285191838001
1984,199.84163493080953,615.2357251486244,150.19544260523108,6.912760956726116,4098.638814524339,5683.232155650239,27.96526023402838,53.41678921106544,21.36671568442618,1187.1095861141487,0.31421640712391435,550.8213616882219,0,1655.9204655430287,559.6194210876915,849.6411648630644,81.69626585221773,162.76409889018765,119.71645111421138,30.16477508389578,0,0.9426492213717431,8.483842992345688,189.47249349572036,15.08238754194789,49.96040873270238,55.93052046805676,2334.6279049306836,6.912760956726116,0.9426492213717431,6.912760956726116,101.49189950102435,407.538680039717,13.197089099204403,410.3666277038322,0,480.75110289958906,683.1064690873899,4.7132461068587155,1076.5054108065306,8.798059399469603,295.67763910360344,1.2568656284956574,451.528977037065,490.49181152043036,44.932946218719756,0.6284328142478287,0,3358.6591757475207,0,5133.981875997637,82.63891507358949,361.97730100674937
1985,219.45845049214154,671.196972904634,168.4701420218206,9.243494518011396,4132.4384040361265,5625.411857316226,28.62501528158368,45.62111810502399,31.01043322171565,1173.6256265449308,0.5963544850329934,541.7880496524743,0,1743.442336993956,574.2893690867726,827.4418479832782,87.66410929985001,272.53399966007794,131.1979867072585,33.09767391933113,0,0.5963544850329934,9.839849003044389,187.8516627853929,14.908862125824832,44.7265863774745,53.373726410452896,2358.283811062972,5.963544850329933,1.1927089700659868,6.26172209284643,102.27479418315835,394.4884918493251,9.541671760527894,355.7254503221805,0,518.2320474936712,594.5654215778943,6.559899335362927,1109.2193421613676,14.908862125824832,274.9194176002099,0.2981772425164967,470.52368869103174,487.81796875698853,46.51564983257348,1.78906345509898,1.1927089700659868,3336.305166517081,0,5204.683768125449,106.74745282090579,384.6486428462807
1986,184.71022511201275,652.7762289949304,168.69819321375775,16.29796103929524,4052.1877868226698,5520.147996923402,29.164772386107277,42.88937115604011,33.16778036067102,1189.179297586472,0.2859291410402674,490.65440602509887,0,1753.6034219999601,554.1306753360382,823.4759261959701,92.35511255600638,387.14805696852204,126.09475119875792,32.59592207859048,0,0.8577874231208023,14.582386193053638,186.99765824033489,21.444685578020056,47.46423741268439,52.896891092449465,2407.5233675590516,8.291945090167754,1.7155748462416045,4.574866256644278,103.50634905657681,408.0208842644616,12.866811346812034,334.2511658760726,0,454.9132633950654,609.0290704157695,6.862299384966418,1120.8422328778483,20.01503987281872,291.64772386107273,0.2859291410402674,454.9132633950654,459.77405879274994,40.88786716875824,1.429645705201337,0.8577874231208023,3111.48091280019,0,5172.744090559478,117.23094782650965,340.2556778379182
1987,160.05739239605103,588.0546640832843,186.4165894459949,18.478612364909115,4276.711785278525,5153.087151114288,25.272219852008057,44.02257651640113,35.8702475318824,1135.0759389444906,0.5434885989679151,458.1608889299525,0,1902.753584986671,513.3249817251958,770.1233447375357,103.8063224028718,575.8261706065061,130.43726375229966,25.815708450975972,0,1.6304657969037455,9.782794781422472,189.40577674031843,28.533151445815545,45.65304231330487,57.881535790082964,2225.8575570730964,8.695817583486642,0.8152328984518727,6.79360748709894,265.76592489531055,384.24643947031603,13.043726375229964,331.2563010709443,0,448.37809414853,529.9013839937173,6.250118888131024,1116.8690708790657,17.66337946645724,278.53790697105654,0.8152328984518727,503.81393124325734,455.1717016356289,48.370485308144445,1.902210096387703,0.5434885989679151,2937.8276217210655,0,5002.540809200174,127.17633215849214,333.43025546681594
1988,211.08765692700808,576.9384797038056,184.7339959642727,25.061814837111122,4748.051250119495,5104.859150016923,31.262676240107687,40.822337569727395,32.81289159085683,1155.685543983485,0,439.7444211625065,0,2128.7040458036963,512.0878041974664,728.6012148520965,137.9691662166736,754.696506589707,134.3519970649256,18.085845758739985,0,2.0669538009988555,12.66009203111799,199.20267257126466,29.712460889358546,42.630922145601396,62.26698325509052,2203.3727518647797,14.210307381867132,1.8085845758739987,5.425753727621995,533.7908191079545,394.2714375405317,12.401722805993131,340.0139002643117,0,448.52897481675166,525.2646346788341,7.492707528620851,1151.0348979312375,16.01889195774113,279.81387081022007,0.25836922512485694,518.0302963753381,469.71525127698993,53.740798825970245,4.909015277372282,0.5167384502497139,2857.046891430668,0,4915.732877225528,119.62495123280877,317.2774084533243
1989,209.77788370112734,639.512222975271,198.6062804271028,23.832753651252336,5342.260685638532,5231.5376843004215,29.790942064065423,34.259583373675234,46.42421804983528,1239.5514477156553,0.7447735516016355,465.23521190048837,0,2443.602022804966,544.4294662207956,737.0775582350852,180.97997303919743,923.2709461354942,196.12370192176402,16.88153383630374,0,1.489547103203271,11.41986112455841,215.48781426340653,49.403312256241826,43.693381693962614,59.83014197866471,2200.0610714312315,14.398955330964952,1.7378049537371494,11.668118975092291,537.2299885553131,395.47475590046844,19.364112341642524,366.1803295374708,0,509.4251092955187,548.8981075304055,10.923345423490654,1420.7796786053868,15.14372888256659,339.8649973808797,0.49651570106775705,578.6890495944708,512.1559456513913,63.5540097366729,5.213414861211449,0.9930314021355141,2949.7997800435446,0,5228.310332243481,137.53484919576871,318.26656438443223
1990,210.75995268852793,668.7856235428115,186.90951924340584,30.421471231023084,6406.518469483614,5183.8186977663345,32.85518892950493,34.315419548594036,45.99726450130691,1354.3638992051478,0.2433717698481847,413.2452652022176,0,2837.7148364298337,500.3723588078678,791.2016237764484,220.25145171260715,1042.3612902597752,259.1909348883167,17.279395659221112,0,0.9734870793927388,15.575793270283821,216.84424693473258,63.763403700224394,51.35144343796697,50.13458458872604,2258.7333959610023,21.416715746640254,1.7036023889372929,11.92521672256105,589.4464265723034,387.69122936815825,27.98775353254124,381.6069351219536,0,532.0106888881318,579.2248122386795,7.301153095445541,1458.770388470019,23.8504334451221,359.4601040657688,0.2433717698481847,613.2968600174254,573.140517992475,55.24539175553793,9.978242563775574,0.9734870793927388,2890.5265104868895,0,5417.212225050743,315.89655726294376,321.2507361996038
1991,233.53799167007494,661.6506416849585,188.7664595882471,38.237308480696214,7029.130536846971,5326.844284611419,29.28300206433064,31.461076598041185,46.46559005249159,1405.8261073693943,0,419.88436844308814,0,3161.596189821616,478.9343891347962,768.6183021182985,238.62016558206622,1231.5801446725507,300.8162939335784,22.990786744722406,0,1.6940579706637562,15.4885300174972,230.8759005733176,77.68465836900938,41.62542442202372,56.38792959495074,2168.394202449608,30.00902690890082,2.9040993782807245,13.068447202263263,610.344886001999,407.7839543669184,21.780745337105436,401.49173904731015,0,565.5733539201711,635.0297307173852,8.712298134842174,1466.0861694687192,40.17337473288336,376.806894331924,0.24200828152339374,627.2854657086366,595.8243891105953,64.13219460369933,25.89488612300313,0.4840165630467875,2857.39177994671,0,5470.597203836315,601.1485713041101,329.61527943486226
1992,240.41394257336216,703.0612708687675,182.28400421980294,44.01608500845635,7682.0029232421675,5475.457444339986,34.2081530228764,28.94536025012619,56.694631233718226,1469.0368371572306,0.478435706613656,382.2701295843111,0.239217853306828,3571.283332017635,474.12978525413314,813.1014833899084,254.04936021185134,1348.7102569438962,388.48979377028866,16.74524973147796,0,1.1960892665341398,15.070724758330163,238.02176404029385,85.16155577723076,43.53764930184269,63.87116683292307,2246.4948604044216,36.83954940925151,3.58826779960242,20.094299677773552,602.5897724798997,439.68241437794984,27.749270983592048,422.45872893985825,0,590.3896619612515,619.5742400646845,7.654971305818496,1557.547442880757,33.25128160964909,378.6818617847087,0.956871413227312,655.4569180607087,639.1901040358445,72.7222274052757,44.97295642168366,0.717653559920484,2825.880501113559,0.239217853306828,5460.386719581656,759.0382485425653,347.3443230015142
1993,264.75444726662084,687.3792584068892,177.98421764125305,52.15569058344209,7853.524368167722,5672.340644485295,36.017831165247,30.638544692515307,59.406033220602204,1556.718728804442,0.23388202055355195,350.8230308303279,0,3896.7083444427294,402.5109573726629,809.6995551563969,252.8264642183897,1449.132999349808,572.0754222739881,19.17832568539126,0,1.8710561644284156,14.734567294873774,249.31823391008638,103.37585308466998,40.46158955576449,73.20507243326176,2161.537633955927,56.599448973959575,5.145404452178143,23.62208407590875,654.6357755293919,422.3909291197148,32.74348287749727,453.0294738122302,7.484224657713662,668.4348147420516,565.5267256984887,7.7181066782672145,1660.7962279507726,44.437583905174876,390.58297432443175,1.1694101027677597,697.6700673112455,709.8319323800303,65.72084777554811,71.5678982893869,0.7016460616606559,2786.002628833911,0,5248.312541221707,902.7845993367105,321.82166028168746
1994,263.5169358113812,643.3919991238918,161.76061254568768,65.4799658682826,7730.286423516205,5834.561558012512,47.68401695634517,29.203608470871686,70.95564245657104,1604.3732403685133,0,302.9874378852937,0.22815319117868504,4138.470734790168,401.7777696656643,716.6291734922496,240.70161669351268,1579.5045425300366,607.5719481088382,23.956085073761926,0,2.73783829414422,18.480408485473486,223.13382097275394,105.40677432455247,40.611268029805935,62.05766800060233,2036.4953844609427,77.8002381919316,5.47567658828844,32.39775314737327,653.8870459181113,412.2728164598838,38.329736118019085,472.0489525486993,17.33964252958006,704.9933607421367,556.9219396671701,9.810587220683455,1722.556593399072,59.77613608881548,385.80704628315635,0.9126127647147402,706.3622798892088,764.5413436397735,78.02839138311028,79.85361691253976,1.36891914707211,2741.2605920119004,0.4563063823573701,5306.386920433856,1009.5778709656812,313.71063787069187
1995,292.5161284577677,678.7531778293255,172.30402087238372,70.56895945290134,7152.175171302254,6015.9481396063275,41.85162264083739,24.932881573264826,85.26155038000383,1569.8810790594962,0.2226150140470074,302.31118907583607,0,4421.356793987614,405.1593255655534,762.2338080969532,222.39239903296038,1675.4005957177776,773.3645587993037,25.37811160135884,0,3.5618402247521184,21.816271376606725,207.69980810585787,140.47007386366167,42.51946768297841,51.64668325890571,1941.4255375039515,79.02832998668762,7.123680449504237,45.85869289368352,653.5976812420137,419.6293014786089,39.848087514414324,513.1276073783521,30.72087193848702,779.3751641785728,526.9297382492665,9.127215575927302,1998.1923660859384,53.427603371281776,404.93671055150645,0.4452300280940148,700.7920642199792,768.6896435043165,80.58663508501668,98.61845122282426,1.5583050983290516,2886.203657119451,0,5316.936995498724,1095.7110991393704,316.1133199467505
1996,287.74845553196405,729.3987365226907,180.0607759616684,72.37309639137278,7295.731295260434,6055.143067660126,53.189866022575174,30.082793078341695,98.96802940266036,1637.5503014819044,0.4359825083817637,280.9907266520467,0.8719650167635274,4401.461413368095,408.07962784533083,743.1321855367163,241.5343096434971,1838.7562291000886,851.9098213779663,28.774845553196403,0,2.1799125419088186,16.567335318507023,185.2925660622496,125.34497115975708,37.93047822921345,59.94759490249251,1815.649156155855,83.70864160929864,6.539737625726456,48.176067176184894,660.5135001983721,444.04818478682637,44.25222460074902,513.5873948737177,49.04803219294842,830.1106959588781,504.21377094350976,8.719650167635274,2247.489830707992,74.33501767909071,401.97587272798614,1.0899562709544093,725.6928852014457,779.3187337324026,88.94043170987979,114.2274171960221,1.3079475251452912,2920.646823649435,0.21799125419088186,5135.873948737177,1126.5788016584775,320.2291524064055
1997,297.45749356493724,734.9979863068869,166.78632089513036,89.95955103398764,7767.383424679122,6338.755712759809,59.754154336444344,23.42012642490676,113.3796774588944,1722.583130504824,0,283.6680733334501,0.21887968621408183,4617.048100999842,413.24484757218653,770.0187361011399,235.0767829939239,2021.791661559474,997.2158503913569,38.74170445989248,0,1.532157803498573,25.390043600833494,178.16806457826263,154.0912990947136,43.55705755660229,62.818469943441485,1801.5986972281075,98.05809942390867,7.223029645064701,48.810170025740256,722.9596035651123,450.45439422858044,43.99481692903045,560.1131170218355,62.599590257227405,835.0260029067223,536.9118702831428,7.660789017492865,2423.4358857623142,83.1742807613511,394.42119455777544,1.313278117284491,733.4658285033883,806.1338843264634,103.53009157926071,119.94606804531685,2.4076765483549,3015.9431963438337,0.6566390586422455,5314.179901591693,1243.455497382199,334.01040116268894
1998,299.3305612079389,740.2164617063316,164.93724801253776,95.84476097791146,7596.1712651087155,6367.251846328198,57.08556093409672,24.856443506359458,130.6016523215497,1730.6825410868585,0,264.1523742116505,2.1064782632508017,4588.541600839221,365.0526830213639,740.2164617063316,244.56212636341806,2121.2236110935573,1105.2691447276954,36.442073954238865,0,1.474534784275561,22.328669590458496,161.98817844398664,155.24744800158408,42.55086091766619,73.72673921377806,1757.434815030144,111.64334795229249,6.319434789752404,52.030013102294795,715.1493703736471,467.2168787890278,44.236043528266826,569.5917223830168,76.4651609560041,848.700092263748,533.1496484287779,12.428221753179729,2612.243694257319,76.88645660865426,394.33273088055,2.1064782632508017,732.6331399586288,838.1677009474939,120.70120448427093,124.70351318444744,1.474534784275561,3087.88648609935,0.6319434789752405,5297.582184249441,1454.7338886010036,324.81894819327357
1999,288.71247598280684,702.7496522695109,170.47398652000234,123.50253180190194,8271.430220057217,6517.2893421364315,56.89214989563024,20.853706189501477,139.49712198608267,1772.362562940737,0.20246316688836385,228.78337858385115,2.6320211695487297,4611.90847855004,338.92334137112107,746.2792331505091,213.8011042341122,2234.5859729468716,1246.3632553647676,34.21627520413349,0,1.8221685019952747,36.03844370612876,148.40550132917068,158.3261965067005,40.897559711449496,71.87442424536916,1602.4959659213998,112.16459445615357,6.88374767420437,60.53648689962078,750.7334228220531,475.788442187655,77.94831925202007,615.0831010068493,78.96063508646189,883.7517234677081,565.0746987854235,11.540400512636738,2639.3098435567113,93.33551993553573,361.19428972884106,1.6197053351069108,773.4092975135499,802.968919879251,130.58874264299467,130.9936689767714,2.8344843364370935,3010.8297547968587,1.8221685019952747,5278.6196871134225,1538.9225315184535,358.56226855929236
2000,257.9889256282143,677.8311655879575,168.98837923245478,138.19494123898525,8121.581505911777,6454.792792082331,61.96240571856675,24.59719742161286,164.48202245292265,1768.1817413689187,0,218.746068673122,3.004237853021418,4711.771542732467,291.2233068772637,738.1036875141998,202.0349956156904,2222.572716638408,1398.6604854472841,39.05509208927844,0,1.6898837923245478,32.85885151742176,125.4269303636442,162.60437379478427,36.426383967884696,82.05324636064748,1508.6906968141936,107.4015032455157,10.702597351388803,76.04477065460465,779.2241931274303,459.64839151227704,157.9102521494383,655.2993816902969,84.68195448204122,898.0793531875902,550.9021162978026,10.327067619761126,2723.3416137639156,101.39302753947287,353.18571259583047,2.4409432555799024,738.2914523800135,808.8910419260169,139.13376556805446,129.18222767992097,1.3143540606968707,2943.214271631921,3.004237853021418,5272.812961784217,1691.1981463852446,374.96643703023574
2001,270.4597999218388,662.5443309361452,160.70535039244976,171.114674224688,9003.334636020643,6642.609562698827,58.986168382683275,21.914365962606787,164.722984152261,1697.815502952961,0,217.68270189522744,6.939549221492149,4885.990511079538,286.8955743937938,689.3894292403385,197.41191337981613,2283.294313587272,1457.3053365133512,47.11588681960459,0,1.4609577308404524,26.4798588714832,118.88543534714182,158.5139137961891,44.741830506988855,105.73681576957773,1432.2864353727084,119.433294496207,14.79219702475958,96.24059051911482,808.0922448711253,453.26213599325035,347.34270050731755,656.1526408637183,85.10078782145635,985.0507500191751,531.6059943095697,10.774563264948338,2840.46706818655,122.90306910695307,353.18653143067934,2.374056312615735,748.0103581903116,777.9599916725409,166.9144207485217,140.06932244432838,2.556676028970792,3029.113235181323,4.565492908876414,5401.891209782573,1627.5069121562642,341.13363015124565
2002,221.78713740721284,640.2467602983338,185.353205743827,223.90950235847805,9046.226877276016,6724.359620591892,66.14704098109857,22.284831988284548,176.86374593876624,1646.7783384358524,0.17686374593876625,209.9372664293155,9.196914788815844,4675.569987637225,283.5125847398423,661.4704098109856,190.65911812199,2357.9474608556316,1584.522299865407,48.46066638722195,0,1.2380462215713635,29.71310931771273,105.41079257950469,159.35423509082838,43.33161775499773,113.36966114674917,1384.4894032086622,105.41079257950469,17.155783356060326,132.6478094540747,807.3830002104678,435.4385425012425,511.8436807467895,692.9521565880862,93.56092160160735,1087.5351737774736,501.2318559904635,12.203598469774871,2985.6368951923127,118.14498228709584,342.0544846455739,3.006683680959026,807.2061364645292,762.8133362338988,159.35423509082838,130.34858075687072,3.006683680959026,3008.275454672475,5.129048632224221,5391.691294943288,1616.0040466425069,327.5516574785951
2003,218.6505560451833,647.2056458937426,194.7671876156325,281.55463909202837,9631.725186525744,6863.777339729142,64.75420313645813,24.051561164970163,190.7305619655676,1690.0006054938476,0,184.17104528421208,13.959997039807856,4753.463088422285,271.63126770228536,677.1439527983907,190.7305619655676,2429.039484926567,1669.6492845081036,48.60770053619844,0,3.027469237548692,32.46119793593875,98.72913569117124,144.30936698982097,40.534449236068596,110.67081990594663,1335.113933758973,108.65250708091416,20.18312825032461,144.47755972524035,773.182004722852,432.5917154986242,662.6793775523248,693.2904553986505,84.43275318052463,1141.1877098204375,535.693862310699,12.44626242103351,3042.942969207274,119.58503488317332,339.749325547131,2.354698295871205,792.6923620314991,751.3169491183337,147.8414144336278,148.85057084614402,1.8501200896130896,2983.0663553979775,3.700240179226179,5410.423912970351,1607.2497796675166,365.31462133087547
2004,209.6118195431369,637.9014433672943,184.60220647311309,346.85207126489246,9715.609437377492,7046.61479256089,71.12108716788015,17.81934931239195,225.08651763021413,1707.218712192499,0.1563100816876487,176.78670238873067,25.791163478462032,4905.635603685167,247.59516939323552,661.9731959471923,180.0692141041713,2521.7505478668363,1670.0169127508386,62.83665283843478,0,2.1883411436270817,30.94939617415444,85.65792476483148,153.96543046233396,38.921210340224526,128.33057706555957,1210.777892752527,115.20053020379709,28.604744948839713,180.85076451260954,778.7368269678658,419.53625924964905,802.3396493027006,735.438934340387,87.53364574508326,1213.4351641412168,567.8745267712277,16.256248495515464,3006.6244212619226,130.51891820918667,353.729714859149,2.8135814703776765,806.247401344892,739.971926709329,160.68676397490285,186.32161737167723,2.657271388690028,2909.555860533893,6.5650234308812445,5422.240423662845,1554.660072465354,371.8616843349162
2005,188.3233793695236,586.5295242228984,191.89281415666392,378.21731004538896,9728.851455829672,6911.853521818527,77.09979140223103,18.561060893129692,235.4399185597759,1671.2093673391007,0,161.62400716171396,39.54933744151481,4914.255037543315,220.87662462824338,623.6516460091577,183.75450284198396,2567.9941632602363,1737.6008543799105,71.1031409598353,0.14277739148561305,1.8561060893129695,34.12379656506152,79.52700705748646,135.6385219113324,44.974878317968106,133.7824158220194,1137.5074779658792,125.92965929031071,35.26601569694642,232.86992551303487,789.987307089897,402.7750213809144,825.2533227868433,754.0074044355224,82.66810967016995,1297.5609338212512,578.8195450826752,14.56329393153253,3158.2358996617604,123.93077580951213,330.38688389770857,4.568876527539618,816.2583471232497,729.1641383170257,150.77292540880737,184.46838979941205,3.1411026126834867,2858.1178227590017,10.137194795478525,5428.824756457464,1457.6143896766237,397.6350352874323
2006,169.87142306651253,589.8831833958018,178.5383324066407,372.67710162551214,10029.880836663428,7029.66349724459,71.73534192290717,12.66702134326428,252.27373033111593,1719.3814760146618,0,155.60435692199383,41.467827765844106,4945.071795343603,221.73954204051049,643.8846954381389,178.40499533986952,2675.541581830958,1740.5820696312828,70.80198245550875,0,2.133393068339247,30.400851223834266,74.40208325833123,123.0701126298203,44.66791736835298,162.27121026055397,1081.496948581227,130.27031423546526,42.93453550032734,241.6067649894197,786.5553568833261,391.21095390670934,837.0901051896119,746.5542368519651,90.40253127087558,1393.9056960261555,588.2831385945474,12.933695476806685,3213.1566350524486,126.80355049941399,320.67564558474305,3.0667525357376673,797.7556704921071,684.5525008033558,149.73752598406088,173.73819800287743,2.666741335424059,2848.2130832996654,7.866886939500973,5329.082547644667,1322.037017036477,495.48054012179006
2007,172.37543777132288,575.0932746883958,170.97711194869416,386.82777075083743,10478.926594250339,7081.249086321195,70.67901430741557,16.39854828355505,291.36025322409444,1717.5254717760643,0.12712052932988413,139.57834120421276,41.44129256154223,4921.598413535794,199.3249899892583,641.4501909985953,194.11304828673306,2816.609568362243,1758.4582822202874,66.73827789818917,0,1.9068079399482618,23.77153898468833,72.33158118870406,122.41706974467843,47.03459585205713,185.46885229230097,1016.2015114630937,136.9088100882852,51.9922964959226,300.1315697478564,818.6562088844537,389.497301866765,864.673840501872,785.6048712586839,87.3318036496304,1510.700370556343,579.2882521562819,13.093414520978065,3311.7440301021416,127.75613197653355,317.54708226605055,4.703459585205713,800.0966116022906,695.603536493126,151.1463093732322,174.02800465261137,3.1780132332471034,2848.771062282703,14.618860872936676,5394.741023701623,1320.2738176201765,441.74383942134733
2008,163.3069477728373,545.2325600842936,174.65600412866723,388.73504612495435,10678.506320827071,7031.277999316668,79.32393073969565,11.82691136028595,284.32372765131873,1616.583480074641,0,138.5779512922394,51.84726798347578,4804.473678551717,171.90833785304525,618.3443757660614,182.3016841999632,2895.9207907544614,1826.361827030824,74.54538069513568,0.23892750222799897,3.3449850311919853,20.30883768937991,67.6164831305237,114.44627356721149,41.33445788544382,200.69910187151913,965.3865727522299,137.38331378109942,59.612411805885735,335.33474937699657,829.3173602333843,370.5765559556264,863.2450655497602,781.2929322855566,86.37229205542162,1583.7309485182911,578.5629466450995,14.932968889249935,3329.4547435471654,117.91072234951748,295.19492900269273,4.0617675378759825,824.5388101888244,649.4049510557012,154.94448519485732,178.47884416431523,3.464448782305985,2819.5834537926157,29.149155271815875,5240.157978864473,1300.0045396225423,424.3352439569262
2009,150.41912237279328,501.28312069539214,172.75408296754136,393.82461130331336,10866.64205262846,7016.368335407295,68.37232835126967,11.281434177959497,289.67076444821254,1578.8310155114023,0,128.88183894214333,61.9909110384845,4870.502810102696,164.7773113265599,579.2275750158395,159.76334058080013,2983.426547607652,1833.8598002616382,71.56303700766226,0.6837232835126967,3.418616417563484,20.397744624795454,58.00252521799377,114.86551163013304,41.36525865251815,208.3076937102016,890.5495767752875,146.43073655230253,67.80255894834242,380.4920072748157,812.1493069324982,345.1663042933264,990.828991690483,840.4098693176899,92.07473551304317,1633.8707398341742,614.0974624749871,14.130281192595731,3395.939595326979,119.08180521179469,279.41491519552204,5.583740148687023,836.1935757360282,628.3416975481683,160.1052022225565,166.94243505768347,6.495371193370619,2801.784061954446,48.54435312940147,5210.313282008505,1263.634581812049,637.0021924726624
2010,154.34768993311246,484.80460792608295,167.6169204982012,403.8092245567812,10785.761372526747,7170.055274306841,73.56461425285208,13.16307672056805,300.8399953716924,1580.9492064469352,0,123.77538271114797,71.97230658504144,4862.695309804688,162.73384365024856,568.1353758748404,158.69999755846158,3012.5399536532314,1936.6707394358348,77.59846034463907,2.9723076465798823,2.547692268497042,20.487691992497044,53.92615301652073,103.92461378577516,40.23230707334912,230.24768876542018,853.2646022574676,149.25230539611837,75.68769114326629,408.47999371569244,832.1399871978464,340.8599947560001,991.0522924453493,822.1615258128995,94.6892293124734,1786.9938186616334,602.5292214995504,15.923076678106513,3477.599946498462,97.66153695905328,274.08922655247346,12.10153827536095,833.732294865657,614.0999905523079,153.07384379886395,141.0784593680237,6.050769137680475,2748.6414961747464,80.99538336930179,5147.187613120191,1245.1845962279292,720.1476812284972
2011,155.52617729984212,432.08249257404157,176.79220154310974,398.7624545891982,10821.956337030224,7154.008155569297,70.36408021505144,10.78001228921401,302.91834532691365,1507.1437181438387,0,115.83613205319054,73.30408356665527,4714.393374408447,151.2141723841565,523.3205965854801,161.79818444993026,3057.211485221093,1969.5082452393997,80.85009216910507,6.8600078204089145,1.9600022344025474,20.874023796387128,42.04204792793464,92.70810568724049,34.30003910204458,243.92227807139702,752.0528573402574,152.1941735013578,111.62212724922507,430.31849056307925,847.896966602542,317.9123624200932,883.9610077155488,806.4429193449281,89.5721021121964,1828.290084250696,617.0087033899218,15.386017540059996,3550.544047620214,96.23610970916506,261.8562985161803,23.128026365950056,835.1569520789253,586.4326685332421,163.26818612573217,135.92615495581663,11.4660130712549,2764.877151959953,156.70217864048365,5032.40373694026,1165.711328910915,678.3567733267216
2012,155.83729045023946,410.1512667974794,181.9019491592312,396.843606541128,11047.009998182817,7017.266918625034,71.21892661330142,13.032329354495877,319.7509540215749,1478.1598350951451,0.09177696728518224,112.33500795706307,77.36798342140862,4768.088781367073,141.15297568461028,508.90328359633554,151.70732692240625,3072.2339798714756,2006.978720592365,87.83055769191941,18.080062555180902,1.9273163129888269,17.804731653325355,38.36277232520617,88.47299646291569,37.07789478321362,275.69800972468744,694.9351962833999,177.771985631398,136.472350353066,430.43397656750466,889.869474797127,304.9748622886606,796.5322990680967,806.0771036657557,90.12498187404896,1914.1922066670459,594.8065249752661,14.77609173291434,3625.281984731984,92.87829089260443,259.7288174170658,37.445002652354354,845.0823147619581,570.2102977428373,156.112621352095,126.92754575540704,13.950099027347703,2766.5249018445334,236.0503598574887,4977.064935875434,1132.9866611355749,598.8447115358141
2013,152.64413563844823,401.22358843314055,179.34598728574375,421.8370699979908,11477.360395848427,6886.294470107407,77.67020690890841,12.698600457671477,349.7333728787466,1443.4655698323002,0,111.41717250874768,79.7576480800325,4724.8361141238875,132.726467797306,512.4668075109613,155.07948367142632,3104.807811900676,2069.958851315914,88.19438947999231,35.13859304725532,1.652557593806562,16.438599222602118,37.486964364769904,82.10601939754709,34.877662900864806,306.3319918624585,671.5472200937087,186.825984815605,167.2562238363168,437.7538089278119,986.663860217981,296.67757644600965,710.5997653368216,829.2360052290402,86.88973874803976,2012.6411958254657,625.1016540361979,13.220460750452496,3677.723436658772,88.80322648823683,247.36177877820327,57.578585636839165,840.108094661978,562.3044654715486,159.60227287552848,120.54972763241553,24.179526898853908,2768.99071349609,328.51105430565184,4868.782578215985,1085.1215021226667,566.0444642364793
2014,139.6261040251808,370.6770248273962,176.5444737763427,442.35673598470834,11749.582283164726,6680.814560273179,70.26934647018903,12.112543783527272,352.6741344094139,1405.221004146472,0.08296262865429638,109.17881930905405,88.93593791740572,4727.542431236425,117.55804480313799,478.6114047066359,149.33273157773348,3060.4084084283395,2165.98830890637,97.39812604014395,47.28869833294894,1.7422152017402242,15.348086301044832,38.07984655232204,79.81004876543312,35.67393032134745,326.4579437546563,620.6434249627912,189.73553173237582,200.52067345743436,418.9612747041968,1309.3162054221054,284.06404051231084,626.2019210826292,833.60849271837,87.60853585893699,1975.7550014020683,609.941245866387,13.439945841996014,3687.3569931688567,78.73153459292726,245.5693808167173,84.20706808411083,858.497281314659,544.8985450014186,153.14901249583113,122.86765303701294,31.52579888863263,2742.4956154250754,420.6205272772827,4704.478820470531,1113.8562523125831,517.023101773575
2015,136.30738986458329,345.4605026672986,157.85890833208742,458.78490789310445,11909.16233780693,6579.336626765872,72.05046395409128,11.213151674974473,353.5721443045142,1399.6558119117071,0.07952589840407427,104.09940101093322,92.40909394553431,4746.980401637597,108.07569593113692,458.1487007058719,129.30911080502477,3019.7574141995083,2257.978833386881,104.41750460454952,55.111447594023474,2.385776952122228,17.257119953684118,30.776522682376743,79.20779481045797,37.536224046723056,349.5958493843105,580.2209547561258,203.42724811762196,261.242576257384,416.3180781453288,1490.394861990756,262.7535683270614,568.3715958939189,813.7089924704878,91.45478316468541,2034.0339034810077,607.100708416703,12.008410659015215,3760.54115783346,78.73063942003353,219.25290190003278,110.70005057847139,865.7984559251565,503.7965663898105,150.94015517093297,126.12807486886179,41.03536357650232,2691.3154537906817,529.4039056759225,4567.64950073641,1159.1694951377865,462.68167691490413
2016,127.05194338092072,324.86995081408224,155.46735963952125,458.07208017974114,11577.686191041905,6475.445187829794,62.12466349140609,10.042708759888955,339.427985993146,1290.6048513289852,0,97.85802256729005,89.99512656148552,4573.636410346637,109.22418907073025,442.8912413566532,125.65063518186646,2998.7995459761432,2245.28498716246,116.54213188801367,69.28690539768348,3.191868675623621,15.414390189596999,27.636911703570377,71.4667181517679,34.02064905481762,363.79517856558977,547.2108517306935,219.30473315199364,304.7845332943043,379.8323723992109,1633.691808730773,262.27818458965805,506.6507644136226,818.2861377921922,92.56419159308501,2050.191745671904,592.8312186554604,10.821213314919106,3798.323723992109,73.41297953934328,224.20931184868363,139.8194180834152,880.0993994615862,508.3634744346889,130.6330643340594,129.30960659050817,50.36924471045079,2721.7297748409123,603.1074787818584,4408.282042858233,1183.7161759233452,426.620496156523
2017,125.01285429901479,289.7781079392755,147.8052531491114,478.48689168468826,11626.041965641034,6481.559644714849,61.700635270968625,10.129955044487387,345.4161186002858,1260.411982201976,0,96.38805708997089,95.62063625326729,4462.245197096693,106.97846463648042,429.90915272135106,121.55946053384864,3044.972395872504,2286.2234146236647,126.70118013976268,82.42099786196555,2.1487783427700515,12.432217554598157,30.850317635484313,68.53068071763057,32.845611810913645,383.86390251913565,529.8273456601584,235.52145478433172,404.891233444814,361.4552140873908,2289.44658213782,266.6787407544975,453.39223032448086,749.4631891247258,93.31837374315653,2070.7316436772967,602.8858093143401,12.969412140290668,3950.9894356847617,76.43511533567754,219.86606971557848,157.3212715242359,903.0240985491142,488.15639422715356,132.22661016402853,164.91873780760147,56.405431497713856,2762.638270049253,600.6602888878998,4334.239401534535,1233.3987687500096,423.1558493583594
2018,121.12709130010239,275.32262163612234,146.76442044030813,492.16240839299275,11737.28945807888,6492.11484928966,62.34701202502204,8.025598687368747,349.8566538901117,1220.039622677964,0,97.49616183173886,105.37313832119338,4460.672337098925,101.50896117542324,419.18890921710283,112.20975942524824,3004.6949752321107,2270.2040731399557,152.26344176313484,94.30078457658279,2.080710770799305,12.632886822710066,30.541861671375514,59.67181246256579,30.616172770332632,396.6726462330961,480.7184991535966,254.29258063125792,617.2279879378224,352.38323125465377,3138.454953354923,251.09720337610185,414.0614433890617,736.2743684671256,93.26042919118314,2001.5694504099743,608.0134116671397,12.409953525838711,4036.5788953506517,69.92674411864807,217.9544532412272,174.48246035131314,926.5107817973477,460.8774357320461,135.91499999256888,281.4904428495631,70.81847730613349,2818.0998057507873,621.1664761825497,4246.656372102425,1223.4579332299913,422.2356642743447
2019,114.07000647366807,266.18700950607047,140.19182500653045,529.392724505673,11708.963190950493,6432.923712932571,57.283444445706365,9.582732342218538,334.3308839396245,1175.907733194017,0,96.46617224499995,113.1472248407137,4565.568603845586,94.904541789231,401.3390271326194,106.4748038024282,2880.427375665822,2263.4413792320183,175.39949346386672,104.55825733398447,1.9165464684437075,10.789446785312723,29.52901225454009,60.54867176231417,27.32853297595657,407.727515360765,434.6301491215119,262.6378493793229,895.3111335733512,330.7817238128769,2733.066247203262,233.25080352985267,414.2579699939806,731.8368181353565,96.46617224499995,1974.3977785096936,594.0584220150143,11.215346000522436,4105.100569001352,64.23979829413167,215.57598609864962,199.74673193335528,928.2473395495689,441.3025701597974,127.69878136037887,431.93278742518373,86.10262467489693,2922.591397971584,707.1346636531931,4172.7475610171605,1253.7053231723244,426.963963247737
2020,106.32890829500856,230.3177683728108,138.07990174421252,495.21704511471586,12747.162408792808,5818.308016633582,51.19540029018931,8.61461062575301,300.52684497269786,964.4056595530494,0,91.37640556602298,116.60490811287109,4415.234077430582,87.31523198531086,343.3537663692985,95.68371087889949,2602.9046005712717,2146.391770339403,191.98275108820994,99.49875272744725,2.0305867903560664,9.783736353533774,26.028430676382307,56.67183133084658,27.505221069368538,397.6873462445836,395.5952265211864,271.0525700460143,1113.5614892446586,301.8190365665608,2436.5195496281563,216.04212790727726,337.4466047973536,701.9677001327881,96.05290847714606,1838.2348416696102,554.965523097617,11.445125545643284,4304.351732090532,61.90213063933948,206.8737208841544,205.2123316920449,932.5931331708044,399.16413663756975,108.91329148273448,514.7229848887423,144.66392557960947,2769.904980844798,675.6931377242414,3817.0724353381174,1120.3301118791787,477.06482986759346
2021,90.90522194322679,207.3456185896072,147.3663304535331,431.6011973159694,10835.369054205501,5135.293867302209,45.84982480032912,10.157325048587763,276.85803861485863,660.9070661502888,0.05674483267367465,81.59906938474414,130.56985998212537,4061.284419287568,75.75435161935566,308.9756139081585,91.64290476798456,2333.290774708828,1838.7595579577535,206.4377012668284,82.96094536891233,1.645600147536565,12.483863188208423,21.165822587280644,53.340142713254174,20.541629427870227,430.97700415655896,283.951142699068,273.73707281780656,1390.5321246683973,294.84615057241353,2681.8175369905375,189.64123079542068,264.6011547573449,614.7735171865912,88.69217346895348,1727.4261962520038,512.4625838759558,9.589876721851017,4498.616844703579,53.85084620731724,191.34357577563094,214.77919166985856,969.6557007277526,360.10270814713937,98.16856052545714,593.0402462725739,160.07717297243622,2461.4206068859853,546.9066973088763,3264.64371338185,997.3471790725058,475.7486771360883
