Year,Surgical Procedures, Operative[majr],Organic Chemicals[majr],Digestive System Diseases[majr],Geographic Locations[majr],Cardiovascular System[majr],Anesthesia and Analgesia[majr],Physical Phenomena[majr],Eukaryota[majr],Equipment and Supplies[majr],Nervous System[majr],Bacterial Infections and Mycoses[majr],Natural Science Disciplines[majr],Biomedical and Dental Materials[majr],Population Characteristics[majr],Endocrine System[majr],Therapeutics[majr],Persons[majr],Congenital, Hereditary, and Neonatal Diseases and Abnormalities[majr],Behavioral Disciplines and Activities[majr],Polycyclic Compounds[majr],Mental Disorders[majr],Health Care Facilities, Manpower, and Services[majr],Plant Physiological Phenomena[majr],Eye Diseases[majr],Skin and Connective Tissue Diseases[majr],Chemical Actions and Uses[majr],Metabolic Phenomena[majr],Occupational Diseases[majr],Health Occupations[majr],Endocrine System Diseases[majr],Virus Diseases[majr],Pharmaceutical Preparations[majr],Health Services Administration[majr],Cells[majr],Musculoskeletal Diseases[majr],Technology, Industry, and Agriculture[majr],Chemically-Induced Disorders[majr],Health Care Quality, Access, and Evaluation[majr],Reproductive and Urinary Physiological Phenomena[majr],Humanities[majr],Tissues[majr],Genetic Phenomena[majr],Viral Structures[majr],Musculoskeletal System[majr],Plant Structures[majr],Cell Physiological Phenomena[majr],Lipids[majr],Mathematical Concepts[majr],Wounds and Injuries[majr],Nervous System Diseases[majr],Dentistry[majr],Nutritional and Metabolic Diseases[majr],Social Sciences[majr],Fungal Structures[majr],Chemical Phenomena[majr]
1945,3251.5965485302,7595.1835421440055,3646.468093404183,0,2130.3563593818553,916.491980695169,1837.858918734461,6137.571296251158,1223.614293374933,2871.349875688588,9579.291181202163,2271.730122361429,385.12163018573585,2339.9795251791547,1940.2330229610488,4070.5893823429046,2876.224833032711,1779.3594306049824,1657.4854970019012,1330.8633549456442,1725.7348998196267,2954.224150538683,107.24906157071126,1321.1134402573978,4182.713401257739,4153.463657193,965.2415541364014,511.87052113294004,6522.692926436894,1725.7348998196267,1598.9860088724224,745.8684736508555,653.244284112514,1360.1130990103836,2505.728074879345,2359.4793545556477,1087.1154877394822,565.4950519182956,1511.236776678204,916.491980695169,2744.6009847413834,662.9941988007605,0,2837.2251742797253,394.8715448739823,843.3676205333203,887.2422366304296,48.749573441232386,3534.3440744893483,5284.453761029591,770.2432603714717,1569.7362648076828,2681.2265392677814,4.874957344123239,1496.6119046458343
1946,4307.275828821479,9725.209523103167,4869.094415189497,1.8541867536898318,2623.6742564711117,1446.2656678780686,2970.40717941111,7010.680115701254,1789.2902173106875,3665.727212044797,8781.428465475043,3354.223837424906,511.75554401839355,3860.41682118223,2239.8575984573167,5798.041978788104,5175.03522954832,2469.7767559148556,2844.322480160202,1468.5159089223466,2284.358080545873,5314.099236075057,178.00192835422385,1991.3965734628791,4316.546762589928,5651.561225246607,1286.8056070607433,741.6747014759326,10596.677297337388,2169.398501817103,2115.6270859600977,1012.3859675146481,1516.7247645182822,1791.1444040643776,3220.7223911592378,3378.3282652228736,1145.8874137803161,1145.8874137803161,1995.1049469702589,1173.7002150856633,3491.433657197953,1114.3662389675887,1.8541867536898318,3797.3744715567755,389.3792182748647,1055.0322628495142,991.9899132240599,81.58421716235259,3361.6405844396645,6767.781650967886,1420.307053326411,2321.4418156196693,3686.1232663353853,16.687680783208485,1857.8951271972112
1947,4514.988470407378,9580.32282859339,5194.465795541891,0,2570.3305149884704,1203.6894696387394,2990.007686395081,6679.477325134511,1629.5157571099155,3289.7770945426596,8179.861644888548,2963.8739431206764,550.3458877786319,3183.7048424289005,2141.4296694850113,5129.900076863951,3558.80092236741,2347.425057647963,2152.1906225980015,1589.5465026902384,1763.2590315142197,4282.859338970023,161.41429669485012,1732.5134511913914,4019.9846272098384,5372.790161414297,1352.8055342044581,479.6310530361261,8238.278247501921,2264.4119907763256,2058.4166026133744,1023.8278247501921,1357.4173712528825,1672.5595695618756,3025.3651037663335,2661.029976940815,956.1875480399693,954.6502690238278,1941.5833973866256,1172.9438893159108,3372.790161414297,919.2928516525749,6.149116064565719,3425.0576479631054,364.33512682551884,974.6348962336664,963.8739431206764,78.40122982321292,2682.551883166795,6308.993082244427,1346.6564181398924,2227.5172943889315,2536.510376633359,21.521906225980015,1938.5088393543429
1948,5169.806520909592,9201.916418163573,5342.227624121995,0,2591.969699111042,1240.866628036802,2771.457240979691,5531.608180109388,1438.7269104116908,2973.5573865483275,8084.005822745454,2782.7635428296844,513.0234464434614,2450.6409259861216,1797.7019941489887,4683.635541359865,2750.257925010953,2603.2760009610356,2406.8290063173963,1905.1118617239283,1625.2808909365858,3786.1978320166204,103.17000438119196,1691.7054143052983,4006.6707180914964,5350.70735050949,1181.5085433243353,479.10454089348053,7725.030739008154,2083.1861158613283,1967.2965218988936,1028.8734683494213,1385.021976624221,1623.8676032053368,3148.8050652232287,2071.8798140113345,842.3194878245262,852.2125019432706,1840.1006260864651,702.4040024308549,3230.7757536356826,766.0019503370692,1.4132877312492051,3369.2779512981047,278.4176830560934,946.9027799369675,1023.2203174244245,137.08890993117288,2196.2491343612646,6221.292592959,1376.5422502367257,2121.3448846050564,1883.9125457551904,21.199315968738077,1854.233503398957
1949,4934.26288479292,9099.735778181008,5430.872568681755,0,3245.4716200299235,1317.9256995511414,3358.4821570687295,5876.547926017891,1607.6146818196287,3974.469168815459,7899.5957087829875,2575.36688632095,483.87610225066055,2653.3600738547734,2572.183490911406,4631.840320886257,2642.21818992137,2747.270238436316,2782.287587941298,2153.566994556394,1906.8538503167479,3438.067042307325,98.68525769585841,1863.8780122879061,4025.40349536816,5607.5510139114385,1228.7906280839143,748.0979212427976,7380.702257027346,2449.622767643969,1957.7881768694488,1072.804253016267,1128.513672683284,1835.2274536020118,3177.0286187247316,2398.688441091268,768.7899914048323,1050.5204851494605,1970.521758507624,636.6790819087639,3466.7176009932195,791.0737592716391,1.5916977047719096,3769.1401648998817,319.93123865915385,1045.7453920351447,982.0774838442683,148.02788654378762,2215.6432050424983,6449.559099735779,1150.7974405500909,2306.3699742144972,1905.2621526119758,19.100372457262917,2013.4975965364658
1950,5766.271913465125,10109.334203655353,4943.351361432301,0,3949.086161879896,1250.6993659082432,3198.4334203655353,6484.287579261469,1929.0842969041403,4134.418127564342,9270.095113763522,3745.104438642298,648.0790749720254,3953.748601268184,2603.9723983588215,5422.417008578888,3819.7034688549047,3046.9041402461767,2548.0231256993657,3291.682208131294,2047.9765013054832,5133.3457665050355,73.43342036553524,1649.337933606863,4429.317418873555,7281.56471465871,1243.7057068258111,743.6590824319284,10328.468854904886,2311.4043267437523,2124.906751212234,1095.6732562476686,1856.8164863856769,2110.9194330473706,3572.5941812756437,2603.9723983588215,877.704214845207,1035.0615441999253,2502.5643416635585,1986.1991794106675,4463.120104438642,789.1178664677359,1.1656098470719882,4655.44572920552,377.6575904513241,1060.7049608355092,1212.2342409548676,146.86684073107048,1965.2182021633719,6625.32637075718,1415.0503543453935,2694.8899664304363,2720.53338306602,9.324878776575906,2121.4099216710183
1951,6065.246915363943,9295.807206634496,5480.586779167991,0,3754.5390624247507,1152.9459357933365,3190.106047909382,6411.997572745398,2077.6143554772157,3933.693568738502,8261.334412113158,3426.089134182873,760.9250536981921,3577.310948652007,2576.5500235983086,5984.338428641604,4255.401123086852,3151.578197089221,2686.3543984357693,4032.902784600418,2179.713160150644,5612.544668227044,90.54044942737981,1822.3673437936447,4920.969746005144,7440.691189643714,1435.1624430510203,386.24170447212026,9814.969996436173,2590.997967655869,2109.399832403849,1039.2887758738598,2017.8961867059652,2198.0138892902205,3869.159418614731,2456.1504897853038,1002.6873175947063,1037.3623833328518,2255.805665520463,2357.9044701938915,4193.756561774593,864.9502509126285,3.852785082016162,4474.046676491269,387.2049007426243,1141.387580547288,1134.6452066537597,141.58985176409396,2277.959179742056,6746.226678610301,1557.4883694050338,2814.4595024128066,2847.208175609944,15.411140328064649,2197.0506930197166
1952,6134.107337634727,9161.413174095505,6222.846684291287,0,3563.4393891774976,1174.871975005084,2894.1968164759387,5739.402118651901,1790.5011924349706,4126.379619530051,8230.574402395963,3640.1619493076487,677.5618864506109,3226.0449982437003,2857.2220887023723,6364.27501802518,4579.320034756244,3562.5150209831577,2505.962174853488,3793.60706956795,2432.9370875006935,5712.595441016066,108.1510787376828,1981.845408663179,4882.512802499492,8161.246787820525,1735.9634689689597,411.34384648093027,8994.102530920116,2722.2643323288535,2177.8114658630825,934.5362444769,2073.3578599027564,2361.760736536577,3938.7328760791997,2240.668503078146,1198.9055480579025,1185.040025142815,2036.3831321291898,2578.062894011943,3681.7585180529104,728.4021371392654,2.7731045830175076,3917.4724076093985,307.81460871494335,1209.9979663899724,1174.871975005084,124.78970623578783,2476.382392634634,7010.40838586826,1128.6535652881257,3027.305836460779,2526.298275128949,26.806677635835907,2621.5081991458837
1953,6393.4486430905945,9863.758216738277,6335.610150196468,0,3746.6490396974036,1221.9529213029268,3216.9218904924537,6209.834379934633,1888.472696559069,4711.541992581983,8010.17223017884,4284.638830744372,791.3774742021959,3035.143769968051,3175.608681282362,7122.397267819765,4171.716058903456,3876.097095222357,2593.5514670779626,4008.2993646946493,2570.599684183467,6063.861040725643,130.366126840733,2013.3303955051226,4806.103338107305,8922.73511806397,2126.2531673460394,461.7898718372443,8556.424663067826,2824.905438654475,2299.7686460284235,1150.3433586721017,2184.0916602401676,2486.137123131725,4038.5957181153835,2507.2527633946606,1210.0179941977892,1082.4060813043957,2126.2531673460394,2095.956813925306,4096.434211009511,860.2328228856818,1.8361426315596197,4278.212331533913,358.96588446990563,1410.1575410377877,1432.1912526165033,134.95648341963204,2919.466784179795,7561.235356762513,1166.8686423561383,3146.2303991774083,2384.231207080166,25.705996841834672,3306.892879438875
1954,6789.56410111193,9956.391232938777,6409.1672802099265,0,3849.276018953767,1447.0181797587359,3502.8600555020666,6567.744614978006,1903.8719299239206,4967.812576692907,7805.214173793208,4534.556644201544,814.5966661003191,2714.6929451964284,3399.9735704442055,7640.973362783409,3710.520851031696,4461.875365766175,2652.3947065375396,3930.4525117517137,2665.6094844348795,5901.342243869287,85.89605633271034,2026.5805818277927,5033.886466179608,9193.709765720865,2316.361782862321,651.2997677974741,7939.249778180514,2851.560287704593,2295.5957033093578,1211.9839157274735,2335.2400370013784,2805.3085650639027,4410.904079590719,2486.2660701138357,1301.6556228879954,1110.9852560835172,2160.616186215099,1512.1481565384834,4438.277548092352,976.949651696211,10.383039776481471,4466.594929300938,370.0137811255215,1556.5120537652679,1565.9511808347963,161.40907288893922,3115.8558456513942,7576.787298710615,1188.386098053652,3151.724528515603,2269.166147514678,30.20520662249155,3332.955768250552
1955,6949.024520550469,9587.14835762053,6688.343987767359,0,3990.3465300934026,1325.5098469077577,3415.559772296015,6138.427810836204,1723.4391407674877,4903.188961146626,7307.345111549162,4339.455794845342,699.1396621285533,2616.9377867025296,3562.0198596193877,7591.053959949154,3592.4172362336726,4601.978592877803,2671.284611558372,4163.51946353236,2782.7416591440833,5545.21840054531,84.74420147012766,2048.598957277869,5063.466037840128,9443.451668171183,2405.0772830272103,740.5906302389418,7451.041800998508,2861.0379322414838,2217.166227593449,1140.3621893480224,2775.372598146681,2873.012656362263,4267.607450120669,2395.865956780457,1462.7586079843775,1470.1276689817798,2114.92050625449,1738.1772627622927,4596.45179712975,886.1295849376394,10.132458871428309,4490.521545292091,284.6299810246679,1526.3167590869732,1716.0700797700854,169.48840294025533,3186.197748751865,7451.962933623183,934.9496140454303,3165.011698384333,2233.7466148376043,14.73812199480481,3111.586006153166
1956,6710.211557150332,9852.732301711892,6528.93025342005,0,4090.977050160723,1221.3127009045377,3577.969649398221,6071.989235254541,1470.8081034611646,4909.546236076849,7083.987441130299,4186.289900575614,580.2870598788966,2394.0345368916796,3187.3738506391564,7049.413171862151,3435.000373775884,4350.7512895268,2599.611273080661,4061.0749794423264,2952.8294834417284,5222.583538910069,57.000822306944755,2158.5557299843013,4680.60850713912,9277.117440382746,2360.394707333483,603.6480526276445,6878.410704941317,3087.388801674516,2340.7714734245346,1159.6396800478433,5002.05576736189,2979.928235030276,4260.110637661658,2226.769828810645,1293.2645585706812,3663.003663003663,2166.965687373851,1576.3997906855052,4457.27741646109,972.7517380578605,6.541077969649399,4489.982806309336,259.77423936607613,1522.2022875084099,1690.4014352993945,162.59250953128503,3160.2750990506092,7782.948344172834,331.72609703221946,3379.868430888839,2191.2611198325485,17.754354489048367,2974.3215967705764
1957,7053.770768141021,9800.141667189699,6170.592401976168,0,4271.534757776004,1160.2363510835746,3677.0705377076815,6101.552062692214,1476.7459584502685,4675.017260084821,6694.223027194721,3934.4027114024157,569.3586421468856,2312.4030521209734,2733.818110087959,6456.6166647239725,3547.0595091859514,4341.471724842866,2436.1376861623435,4203.39104627496,2837.8269329053433,4852.5495611007,52.90103919160039,2057.7607617749645,4755.713760546584,9580.467860377123,2475.589308610317,563.9788754494347,6676.290471536551,3078.1231787248157,2486.3488420052186,1069.6769450098182,5725.865021653561,3158.8196791865794,4077.8631566677727,2271.158174107183,1154.8565843861238,4717.15876588152,2159.9763290265314,1604.0671036232727,4451.756942140609,1020.3624169498515,6.276394480359369,4380.923347290839,268.09170708963586,1504.5414197204316,1772.6331268100676,162.2896287064351,2933.7661056765505,7450.976875969478,335.33879080777194,3452.016964197652,2137.560634453819,22.41569457271203,3009.082839440863
1958,6653.025057322164,9810.996720532754,6115.886689382382,0,4259.653417862591,1151.924289068138,4137.244334012369,6429.217404013922,1470.7360074541652,4435.045538006194,6076.606162475221,4090.6558020992247,557.2353817062365,2445.441175127205,2670.1623290611956,6174.35072943025,3611.98147420731,4614.091660652787,2304.762078762024,4308.068951027231,2839.159944824562,4824.196804574811,73.08005005983429,1937.5348272113565,4548.319615598936,9647.480108523874,2868.3919648484957,555.4083804547406,6459.362924663603,3064.794599384301,2432.652166366734,1141.8757821849108,6020.882624304598,3605.5869698270744,3981.949227635221,2275.5300587380902,1132.7407759274315,5034.3019484968345,2194.2285030465246,1703.6786670198871,4439.613041134933,1080.6712402597996,4.567503128739643,4429.5645342517055,333.427728397994,1682.6681526276845,1891.8597959239603,161.68961075738338,2932.337008650851,7239.492459052334,397.372772200349,3344.3257908631667,2154.0344755136157,30.145520649681647,3456.686367830162
1959,6662.727272727273,9990.90909090909,6242.727272727273,0,4480,1130.909090909091,4316.363636363636,6225.454545454545,1857.2727272727273,4561.818181818182,5650.909090909091,4011.8181818181815,572.7272727272727,2322.727272727273,2594.5454545454545,6290,3530,4452.727272727273,2314.5454545454545,4093.636363636364,3020.909090909091,4832.727272727273,79.0909090909091,1834.5454545454547,4600,9556.363636363636,3008.181818181818,489.09090909090907,7169.09090909091,3013.6363636363635,2424.5454545454545,1008.1818181818181,5758.181818181818,3542.7272727272725,3850.909090909091,2277.2727272727275,1007.2727272727274,4996.363636363636,2163.636363636364,1421.818181818182,4505.454545454545,1075.4545454545455,6.363636363636364,4560.909090909091,331.8181818181818,1604.5454545454547,2048.181818181818,170.9090909090909,3059.090909090909,7180.909090909091,360.9090909090909,3450.9090909090905,2086.363636363636,21.81818181818182,3410.909090909091
1960,6890.805724367771,10214.574682326103,5812.585767496569,0,4433.1770954001895,1120.1012279232236,4377.929461246458,6779.419365186862,2236.638092352658,4624.761633191353,5948.9226711340025,4475.058366452211,667.4270642120083,2331.9848158115165,2384.559177344906,6203.774660939922,3298.818413501809,4369.018552511985,2857.728431145408,3892.2849352176936,2985.1544260483684,4652.385450268219,92.67345083851652,1812.4788365917557,4302.18673700344,9777.049063463492,3166.045873358165,565.8427046390191,8304.075849655148,2882.678975601932,2298.12336262052,975.7445064247653,5811.694676623122,3569.7100390297805,3796.0471208853883,2344.4600880397784,1030.1010497050488,5509.614870524497,2065.5486446507816,1177.131043823849,4488.42472955392,1088.913047352569,16.039635722050935,4396.642369588851,286.040170376575,1719.805385753239,2053.964463295967,198.71326477874214,3026.144606226943,6988.825720446971,344.8521680240951,3348.7195024148564,2033.4693732066796,36.53472581133824,3452.08604373474
1961,6977.866533533033,10183.890830421036,6079.214511565984,0,4684.639707106008,1122.4829422532866,4581.461141620902,6830.587452155101,2375.6032617740057,5183.890830421035,5411.882176734897,4768.680312864038,766.3504742885672,2426.360459311033,2470.460975203861,6503.577966383757,3201.863870860376,4481.610916957896,2888.999833582959,3873.356631719088,2902.3131968713597,4643.0354468297555,82.37643534697952,2124.313529705442,4317.690131469463,10206.357130970211,3115.327009485771,544.18372441338,8754.368447329007,2895.656515227159,2323.1818938259275,1034.2819104676319,6132.467964719587,4163.754368447329,3789.3160259610586,2582.792477949742,1001.8305874521551,5995.173905807955,2046.0975203860876,1127.475453486437,4679.647195872857,1298.8850058245964,12.481278082875688,4391.745714761191,316.1923780995174,1671.659177899817,2133.4664669662175,178.0662339823598,3249.2927275753036,7416.375436844733,357.7966383757697,3320.8520552504574,2088.533865867865,34.115493426526875,3690.2978865035784
1962,7586.678759527106,11339.443410186643,6297.834423281938,0,4754.403551482171,1071.650198100148,5012.172418731204,6913.61560615463,2395.5001829840726,4853.8514169331875,5152.990596209843,5285.057361528792,798.7652553025603,2301.6213979983136,2254.6820055054336,7089.439432272025,3339.8571133069195,4948.5257848425545,2771.0153229271086,4512.5463427053,2892.7395102391524,4971.5976896271895,93.87878498575905,2010.4380479577387,4315.241777650484,10229.605231753305,3055.8340095788185,572.819704997852,9327.41419638169,2981.049214759654,2266.6157493595556,990.500739892119,4356.612089678108,4461.62903559438,4064.6331567139246,2704.186357344026,1132.1145002943656,4250.003977914618,2210.1293617833785,1152.7996563081772,4655.751268954763,1430.4580966474136,13.524909701338169,4268.302385157605,354.82998392922497,1680.2711346603658,2312.759558928827,185.37082120069374,3373.2715960984615,7433.926838194345,358.8078985472656,3670.8196095279013,2209.3337788597705,38.983563256798256,3736.0574092637676
1963,12306.768404691255,15152.607036880034,7732.089868588385,0,4980.924120389996,1145.965804719514,6099.335876783948,8630.069238377844,3310.018369365551,5471.244877773068,5842.871273138336,25920.587819697612,1020.206302105412,2599.2652253779847,2130.1398897838067,9287.127313833545,3654.090716405257,6425.74537233291,3295.8880881729547,6678.677405680373,3486.6468842729973,5832.273562243889,89.72728557298291,2361.8765013423767,4979.511092270736,12017.80415430267,5418.256323300834,719.2313127031229,22097.640243040838,3915.500918468277,2446.658188497951,1397.484809947718,1961.9895435919175,5432.386604493429,4740.0028260562385,3507.84230606189,1754.2744100607601,3266.9210117281336,2718.666101455419,1961.2830295322879,5505.157552635297,1810.0890207715136,20.48890772926381,4660.873251377702,303.80104564080824,2028.4018651971176,3040.836512646602,128.58555885262118,4529.461636286563,8904.90320757383,419.6693514200932,4898.968489472941,2888.2294757665677,28.967076444821252,4925.816023738872
1964,16003.331071494664,17213.620381222627,8023.56424649929,0,5558.571340447844,1342.9153044229226,7594.843007834187,10123.989883412498,4615.384615384615,6010.116587502313,5950.28067361668,42575.411757448644,1189.3158966134106,3172.5371661217696,2477.94707297514,14553.081241132564,4128.678058108691,7543.643205231016,4118.191351551416,7358.583677749676,3905.372894947875,6742.335451236814,119.05496267966195,2729.6280303497624,5471.593362531614,13450.126457343778,7614.58269076553,721.1152920856208,34447.597310468205,4119.425081734625,2506.3228671889456,1746.3450743322437,2002.3440873480968,6998.334464252667,5104.558633026957,3930.0474986120535,2208.3770279439887,4694.960212201592,3361.91474924434,2415.026833631485,6362.346554808464,2484.7325889827894,17.27222256492505,5177.348713836284,362.7166738634261,2631.5464807846524,3448.2758620689656,103.01647029794583,4803.528468323978,9632.965270495342,558.2629079020418,5500.586021837024,3477.2685213743757,44.41428659552156,6915.057676886065
1965,8544.334236747258,12159.3101614263,6296.361259951227,0.5658124784283992,3728.704232843151,1063.1616469669623,4541.210951866333,7598.295772814974,3319.621810939419,4478.40576676078,4310.925273145974,18452.276546506957,1009.9752739946927,1982.6069244131108,1692.9109354577706,9592.218946796653,2788.3238936951516,5430.668167955776,3557.828864357775,4790.734254853257,2965.989011921669,5148.893553698434,132.40011995224543,2074.268545918512,4094.7849063863255,9180.307462500778,4678.137571646005,562.4176035578289,16756.536548657044,3020.8728223292237,1875.6683659901435,983.3820875085579,1669.7126238422063,5462.3536667477665,4175.130278323158,3153.8387547598973,1588.2356269485167,2489.009092606528,2224.774665180466,1410.5705087219992,4422.390331396368,1980.3436744993974,12.447874525424785,3884.302664410961,244.43099068106847,1638.027125050216,2539.932215665084,80.34537193683269,3508.0373662560755,7589.808585638548,1912.4461770879893,3883.1710394541046,2465.8107809909643,25.461561529277965,4669.08457199115
1966,4346.643727280295,9714.460138191303,5501.567833060465,0,3025.224075255987,904.0708161056692,2783.8055332019867,5433.859644254517,1870.8549546299635,4114.659932846796,3646.2524627466214,2133.3629325415545,639.3428975774898,1046.1470155673335,1564.5031495407497,4328.32921719344,1364.153508893637,4267.835835391403,2283.2089241612784,3868.801509559619,2390.3210589116743,3333.2408358076423,99.34234259233565,2023.4758720204236,3436.468074479008,6292.421677720121,2194.411299497738,541.1105252934484,4089.130615756029,2612.8701057246717,1569.4980159280738,520.5760745900047,1221.5223242778254,4952.13253045481,3583.539140327996,2212.1708244304464,1213.1975469656186,805.8384438216277,1572.2729416988095,648.777645197991,3706.745844548658,1669.9503288287037,0.5549851541471266,3211.6990870494215,169.82545716902072,1089.9908427449566,1977.9670893803589,2.7749257707356327,2862.0584399367317,6637.622443599634,1265.3661514554485,3099.592085911702,1652.7457890501428,0,1985.1818963842718
1967,4013.4945881078943,9691.425834430984,5369.200893391712,0,3178.9334485648983,782.4986854230335,2866.0380993039253,5734.158696772648,1791.9896708091023,4378.4523914888305,3591.7887097361995,2406.3266294246578,675.2500299359111,1088.6259156484118,1592.590471529647,4017.1389598962915,1486.3830651249239,4232.677519952936,2187.664322120816,3943.210275045945,2413.094748460253,3225.789657272864,91.10929470993403,1991.909494629758,3436.121971917512,6099.116500153584,2266.7992523831585,553.9445118363989,3826.5903778172296,2697.3557479552474,1549.8992591512779,472.7270834092578,1216.1789282423194,5373.36588972131,3474.1275634250846,2196.51493932121,1205.2458128771273,1010.0116099272689,1644.6529256496094,711.1731232786851,3970.803375729525,1957.027650369383,0,3269.0014941924333,183.2598385022673,1358.8300525310162,2022.105718019336,52.58307866116193,2842.089370408742,6604.122305117219,1184.9414557703421,3184.6603185180943,1725.3497295355508,0.5206245411996231,2141.8493624952494
1968,3921.078801097249,9591.318091632758,5281.590338062136,0,3245.6270987764046,832.5446658051374,3012.6298899388444,5837.901199575321,1777.9848864078556,4374.582646752211,3329.6982566043903,2389.062102163271,756.6404204518705,1050.1688629255802,1661.7264852971555,3987.3749141273174,1614.6466369134835,4299.158808015104,2005.2172158514968,3822.5954447844656,2475.535293072056,3279.255561907599,124.9057202015786,1909.616299235673,3344.1104550891873,6397.094500785465,2304.0301311029657,499.6228808063144,3700.0917576636866,2545.194252415244,1545.4680841864554,491.9363749477558,1439.7786286312735,5565.5106482126475,3448.8390974120493,2314.1186700423236,1282.2052585308204,1174.113769894839,1584.8614267115688,767.2093660073887,4027.2486632685905,2133.9661889823547,0,3318.648904432712,175.34841489836998,1449.8671675706319,2088.3275604471623,44.677815302872354,2705.650062212657,6452.821668260016,1203.8989800967538,3250.431164938004,1948.0488285284664,0,2453.4365887287
1969,4157.959748497767,9449.444150344098,5022.150399821682,0.46436896900801505,3294.233466142858,794.0709370037057,3102.913450911556,6047.941452360388,1874.6575278853566,4415.220157328207,3089.911119779332,2379.890966166077,677.0499568136859,1067.5842597494266,1596.9648844185638,4218.7920834378165,1582.1050774103073,4081.803237580452,1706.0915921354472,3883.5176878140296,2305.5919311247944,3381.0704633473574,139.3106907024045,1892.3035487076613,3267.3000659403933,6327.027202734204,2428.1853389429107,457.4034344728948,3996.823716251985,2425.3991251288626,1549.5992495797461,518.7001383819528,1463.6909903132632,5901.200858153855,3366.2106563391003,2330.2034864822194,1267.2629164228729,1225.9340781811597,1614.1465362718602,679.836170627734,4003.3248818180973,2242.9021203087123,0,3298.877155832938,174.60273234701364,1443.7231246459187,2111.4857020794443,28.326507109488915,2497.3763153251048,6167.7486463644545,1079.657852943635,3081.0881093681796,1927.5955903522702,0,2546.5994260399543
1970,4016.8439473900085,9333.898444122391,4893.221404938339,0,3007.3920137084942,696.3623271626881,2816.439255147521,5832.945959002124,1808.3545249879232,4406.496951136146,3034.7360841468194,2239.0236343915485,672.664132782806,1039.986145670978,1556.3333424480234,4014.109540346176,1547.218652301915,4044.6437523356394,1626.516456573059,3622.6335985708165,2340.652429520658,3303.6194434570198,112.56642330443978,1722.2207031071978,3132.26326871018,6134.18646833101,2343.386836564491,490.3703298606364,3757.9867472405276,2410.3798091383883,1577.7528642913783,475.3310911195574,1383.1542296719624,5848.440932250508,3211.1053384740185,2229.9089442454406,1343.5053275363905,1182.1753119502703,1559.5234839991615,664.9166461586138,3718.3378451049557,2276.849598497899,0.9114690146108483,3017.8739073765187,143.5563698012086,1363.1019113505236,1982.4451067785951,24.15392888718748,2478.2842507268965,5987.895691485968,1121.562622478649,2991.441305952804,1946.8978152087718,0,2494.690692989892
1971,4101.798281304492,9578.91065823713,4954.439367248209,0,3025.15447692459,688.5512702429602,2652.710835293171,5922.882257732788,1831.8146455749404,4619.1059564155985,2998.7749152724246,2063.865365871107,706.882830035143,910.7655438213701,1515.7070169633994,4087.9378336567434,1529.5674646111474,4017.294261774674,1553.7114701910955,3661.8408462921066,2405.0112224914824,3274.6425345840526,105.51824660866144,1748.651959688453,3124.413166531043,6217.975659265486,2207.8351769219075,418.9432079335414,3476.7368035125055,2382.6556617693086,1523.3079076089386,444.8756583712633,1358.3238694792942,6599.361525185775,3095.3509375922167,2145.686718114264,1464.2892273023992,1267.5602929472677,1492.0101225978951,634.4508132952991,3861.2524479338986,2316.930313246117,0.4471112144434807,3097.1393824499905,150.67647926745298,1505.4234590311994,2037.932915433385,27.720895295495804,2532.885029822318,6079.371182788007,1032.8269053644403,2939.756234965885,1767.8777419095227,3.5768897155478454,2476.9961280168827
1972,4069.882256910769,9716.986514181395,5002.435609933778,0,3129.8684770635755,694.697391922552,2510.2142020195815,6974.621383338672,1803.6678969056784,4923.004006688053,2885.4297864123687,1773.3873409722253,717.0786723951041,968.1000925970624,1559.2292062544707,4352.061930319614,1550.0133848834198,4009.7599936805796,1539.0421689655022,3887.3212240366174,2386.4588864654693,3579.2494810614867,119.36682918694513,1800.5959564486611,3004.3577669625965,6098.6795044521195,2073.559808486455,420.85584261132493,3555.9905033155014,2271.480543645691,1511.3947048523494,435.7766962596931,1461.3659602666444,7065.024202502315,3078.0843379310045,2157.3798980993465,1467.0709925439617,1255.984798283224,1533.3371366881847,637.6470691493797,3947.8823359035237,2402.257437387271,0,3115.825320688641,137.35962329233024,1607.9414049300256,2329.8474123290134,25.89206956628589,2457.991214250293,5888.471007464816,901.8339484528392,2949.0628387362913,1839.2146364797318,0.8776972734334202,2407.5236210278713
1973,4240.976783226465,9876.431037615846,4674.073881778771,0,3138.1151406592076,670.6298728831893,2324.7060045170165,7287.367063852618,1905.4541678564938,5023.666744546264,2955.0980850272144,1796.422730458711,759.3260818774176,991.6668829988838,1697.7752394797642,4617.827505343406,1766.1362200704377,3840.7621816671426,1700.3712260844736,3993.4927269108625,2483.061187404273,3580.2981923279945,128.50133693310144,1567.110580376072,2949.0407829495603,5864.333740037901,1979.4397860907038,411.8965412805137,3317.238216384137,2216.9725604215882,1492.6922977077438,416.22318562169556,1497.0189420489257,7235.879996192552,2963.7513737095783,2054.29073319315,1479.27970025008,1390.5834912558516,1671.8153734326731,729.4722359232626,3836.868201760079,2653.5309744468386,0,3134.221160752144,139.75061222017428,1557.5919628254717,2433.7374419147995,36.34381246592768,2341.147253013508,5711.603194794181,1081.2284208613485,2842.605332156486,2108.806451892042,13.412597457663786,2129.5743447297145
1974,4374.122751052699,10025.094636553104,4785.844923652758,0,3133.426906554379,724.3417974565098,2347.4118497724467,7609.204202288291,2129.216111607333,5170.771128407979,2825.060609927268,1968.8656373612353,943.8135340904258,1107.141338097061,1819.5738165114203,4780.740929777551,2175.152056484199,4078.516439113607,1731.9552549870273,4075.5391093530684,2439.283739526179,4392.412062438859,140.78516439113605,1635.4047041810215,2994.3430734549784,6041.8527497767,2101.1441452936924,415.550168006465,3816.93675300923,2260.218621070988,1398.06898898388,525.711369146357,1750.669899196121,7957.551784271192,3072.178980051891,2261.49461953979,1404.874314150823,1654.5446812130492,1787.6738547913742,750.7124324784144,3993.8752073497512,3251.6694313300154,2.126664114669729,3332.9080005103992,187.14644209093615,1586.4914295436179,2495.002339330526,37.429288418187234,2327.4212070945514,5615.243928373952,1520.9901748117902,2936.923142358896,2338.0545276679,28.922631959508315,2344.8598528348434
1975,4319.560820572089,10054.897428488877,4761.790105621369,0,3083.1647885967445,694.6450929403833,2313.4771581752225,7348.951812257215,2128.47924491958,4994.542360910463,2644.547176474365,1867.6362001990435,1015.2813894507046,1149.3145847378728,1639.2982118206044,4920.302417413079,2558.669620212527,3750.120389097563,1664.9812193007801,3976.4518925166135,2434.6688497223026,5130.180744165142,133.63189829529037,1625.6541140967608,3132.925615589586,5702.028957590934,1821.0857491412244,451.86041285434527,4145.397926097146,2133.294808822113,1435.4393399467078,545.3626119618607,2258.0981732960927,7515.891360878359,3023.772833798838,2467.9765000481557,1395.7109377508107,1925.8242640213168,1799.415711579826,872.8209573341038,3877.33153552281,3086.7764615236442,8.025939837554978,3407.011461042088,161.7226877267328,1486.002760923304,2370.8626280137405,43.741372114674625,2479.2128158207324,5677.549841086391,1764.502873286462,2791.823172493499,2649.3627403768983,7.22334585379948,2048.621143535908
1976,4355.721149132268,10068.438082164917,4830.669673497401,0,2826.551622708109,647.1222668889106,1920.9726443768998,6695.558388077262,2157.4664182763017,4925.188743994509,2669.28130208844,1657.0251985488776,969.506814393568,1191.8815570153938,1582.1158937150703,5107.951759976468,2593.979801941367,3715.6583978821454,1661.7315423080693,4044.710265712325,2445.3377782135503,5331.110893224826,126.2868908716541,1700.558878321404,3197.1761937444844,5618.590057848809,1733.8954799490145,486.32218844984806,3993.724874987744,2211.9815668202764,1362.8787135993725,567.1144229826454,2354.348465535837,7341.504069026375,2929.306794783802,2390.4304343563094,1447.9850965780959,2082.5571134424945,1798.6077066379057,838.5135797627217,3668.5949602902247,3040.690263751348,16.080007843906266,3233.650357878223,169.03618001764877,1527.2085498578292,2501.8139033238554,51.76978135111286,2314.3445435827043,5880.184331797235,1618.5900578488088,2759.0940288263555,2618.295911363859,4.3141484459260715,1935.091675654476
1977,4435.680722523952,10020.519314090438,4781.229023006042,0,2895.969365960823,637.7006163422225,1737.657899554525,5945.261487764691,2215.551961921035,5099.316531396839,2621.361445047904,1515.683163483249,1009.1841093549766,1383.7188014889853,1490.510770732898,5250.350887898944,2574.4492585586136,3902.1022761945446,1741.4718984560932,4017.666442912064,2460.0292915115638,5420.073839018734,119.37816561908829,1683.8805150424116,3433.743211081955,5469.655824739122,1710.1971074632331,414.96308049063276,3975.331055104656,2387.563312381766,1418.0447916031,541.5878440227009,2357.0513211692196,7401.827668273632,3111.8417037895892,2394.809910294746,1457.7103801794103,2111.048392018063,1757.8720937328371,826.8749618600109,3733.904924635382,2781.549398913773,25.172392750350888,3315.890645023494,135.39696100567522,1543.5253554646977,2559.9560627326537,59.49838286446573,2271.999145664246,6031.457862940136,1565.6465490937937,2874.992372002197,2817.4009885885152,7.246597912979801,1853.222066272045
1978,4423.450856660675,10032.652162747185,4865.172249330448,0,2846.2413325017424,661.8483325384306,1561.0668819018967,5482.628315662032,2302.1609127930437,5154.272297024618,2620.9780973694833,1567.3038118648421,1069.8169277616757,1464.5779065928018,1498.3307040393295,5518.582382507246,2774.3331988113146,3763.8037935209304,1868.143963018674,3804.527277396632,2482.6650034853433,6182.265106211249,87.6838977143486,1660.1240048427928,3407.198150933705,5808.416186667645,1554.8299519389514,459.6984260923799,4158.197894118942,2370.0333859192133,1389.7347470374582,550.317349671644,3094.2510180870972,7345.269105183989,2934.65898668232,2573.2839270646073,1412.8480757236673,2399.016766335253,1671.1303518362256,871.3358036467696,3756.466228858642,2736.9116190336426,29.717136882268775,3310.342297391496,121.80357339399053,1463.1103936603442,2527.0572696921895,51.72983086913453,2256.668011886855,6159.885533991268,1496.1294346406428,2805.517848626041,2946.0322119088673,5.13629526360201,1756.2461019187733
1979,4456.189605178269,10026.16075036689,4791.883786715443,0,2827.3461372127813,598.719612055214,1556.8836803709296,5378.905502265138,2442.024515955222,5153.809614961964,2781.6179963275695,1617.5000531722567,985.8136418742157,1503.7114235276604,1527.8161799632758,5763.872641810409,2915.966565284897,3752.897887997958,1669.6088648786608,3839.7459075086313,2563.6117432701644,6305.520698187181,93.58317204415424,1643.3772181693146,3404.442364818399,6010.946395275468,1578.1525831082374,500.1736960390213,4167.287009663171,2515.7567121112224,1401.620690388583,541.6480563767715,3203.8057156631285,7665.667028238013,2899.305924807339,2658.258360451184,1543.7678570162564,2532.41735258878,1781.270604249527,905.3462931847346,3757.15166854542,2850.3874485115316,23.0413112987501,3384.9458706425335,114.49759306917356,1519.6631005806412,2594.0971705269726,40.05643348859632,2381.762624866183,6172.944537791295,1467.9087705865254,2768.502172972896,3088.953640881667,4.253780547461556,1835.86078794195
1980,4298.144347528647,10407.402656633032,4931.30380251981,0,2876.831423522034,632.8031469129469,1533.906276723106,5382.746137620433,2364.4604070463483,5327.874693575052,2646.656404994014,1584.5020238298844,958.112422324839,1563.1235391368791,1556.353685650761,5509.948121543812,2800.9378028618667,3772.9462402371587,1628.6842255287613,3991.7194002622427,2590.003420557551,5957.114759705832,73.39946411265036,1635.810387093096,3429.1089447579957,6271.022176614788,1549.227524086426,484.5789863747791,3798.2441137905475,2562.5676985348614,1338.2931417821105,565.817228208198,2939.541645288182,7943.175987685992,2868.9926458012656,2516.6039564449006,1475.471751895559,2524.4427341656688,1740.9212701670372,908.9419075309276,4011.3163445641644,2980.8733823613247,33.136651274157686,3363.9045664443306,117.93797388974403,1626.9026851376773,2896.0720597457384,50.95205518499515,2292.1298671683485,6143.463884613192,1420.6003078501794,2836.5686106835415,3116.2704520836896,2.8504646257339945,1904.1103699903083
1981,4340.728884250755,10470.703958200389,5013.062378586866,0,2779.236987861331,599.0008426203731,1480.7554673370023,5358.924548457722,2474.2718737550194,5428.379031092339,2781.3523528146693,1506.844968428178,979.0614125702037,1441.973776525795,1499.7937519170493,5712.895617316378,2789.461251802467,3799.1954561960806,1641.523203790734,3856.3103099362215,2928.7227778972565,5771.420714358745,62.05070529793152,1770.9130267699436,3527.7236205176296,6648.944609168697,1514.953867415976,511.91831870793504,3476.249739986391,2610.007791594245,1430.6918301079893,603.9366941781631,2870.550241680446,8203.73784987255,2967.1519078829074,2549.367329598539,1496.973265312598,2416.8044591893217,1766.6822968632662,883.8699896699678,3997.6872009843496,3177.6307207400955,29.967670172296476,3356.0264984716487,120.92836316585519,1452.550601292488,2891.7038912138314,42.65985989232792,2284.2415887801044,6481.125656203837,1357.0066175666957,2843.0504972870444,3009.1066461241226,3.87816908112072,1911.5847961669585
1982,4399.31974859098,10674.064231691194,5097.152207943253,0,2761.239193570745,595.7271285749545,1447.3937783367649,5366.953711123057,2547.8999097280685,5398.396743448523,2906.959053057581,1445.0270984843105,935.5147359630528,1437.5889618051683,1469.7081883741923,5770.303577405646,2758.872513718291,3918.545641420955,1575.1944903693034,3768.09242222921,2994.5262075983946,5919.0663109884945,56.12412221534758,1782.4480260199546,3619.6677857681393,7090.91093507521,1529.213281807332,584.90802067802,3446.223962295409,2739.6009777768763,1497.7702494818664,630.8892292399916,2908.6495386664774,8343.560771267154,3055.0455923968716,2448.837453046762,1437.250864683389,2339.970179833859,1763.17649007854,907.1145777335997,4057.1654613504274,3331.609038012259,40.57165461350428,3501.333793145419,107.85298184756553,1544.427652287396,2930.6258515821255,36.85258627393305,2319.0081582835487,6522.56967336437,1435.5603790744929,2991.821430624161,3007.7119953477836,3.380971217792023,2000.52066956754
1983,4565.279195688975,10522.660015765736,5049.558688600855,0,2813.9255392011164,614.4760477107375,1422.4700515617126,5229.184704650893,2715.389685072949,5364.873421810992,2893.400359252032,1511.3138544641588,1028.003566674851,1442.8233591357275,1435.392786529341,6212.281767313234,2814.571675949498,3724.332217670548,1571.7276404378224,3799.2840804827933,3047.8270421151933,6305.0023907059685,49.75252962536992,1781.3990152875954,3699.7790212320538,7036.106121499553,1514.8676065802567,579.9077316723311,3418.063398937751,2723.789462801907,1761.0457077135804,636.4446971557061,3167.0392721915664,8179.7681661346805,3132.1478877789696,2600.7004122352455,1449.9308633679232,2467.919310442862,1735.5233061525141,931.4061227918277,4109.429719705879,3487.200031014564,40.383546773839214,3465.231381569595,112.42779421836839,1473.837923058036,2863.3550004522954,39.73741002545779,2328.9999095408552,6610.302004316193,1464.1458718323145,2851.7245389814298,3152.5011953529843,3.553752116097851,2062.791569207707
1984,4679.624951296457,10669.218103892512,5270.351796689416,0,2961.489637142893,689.0765808227443,1423.086107864208,5199.024672272287,2754.4210248482336,5352.676495355881,2880.4218041049235,1490.328418988726,1102.5853725978156,1492.5279338385933,1541.859909757048,6614.255369958398,2780.5009866395185,3676.960396164046,1523.635358143861,3758.656662016264,3092.5178789135653,6242.851576737931,59.70111735354374,1654.3493835074094,3753.0007666880333,7215.665573193569,1635.1821826728503,614.2930759272526,3289.5315661802592,2733.368525570931,1799.8315800057817,662.3681862172115,3146.248884531755,8149.516735165843,3131.4807133969307,2648.5300956474744,1537.460880057313,2479.7958850219325,1840.6797129318904,891.746163417669,4254.490152457801,3673.189799278559,39.90548370473713,3662.506441436346,111.23260812186568,1368.7266694317711,2935.095458944484,44.61872981159584,2419.4663348541408,6662.330480248356,1555.6854316705,2920.32728780966,3265.022686424594,5.02746251398263,2122.531830122042
1985,4662.299363987941,10270.118763995695,5109.26705052017,0,2801.0770161999694,648.5355024733802,1395.4694949772045,4990.294330756088,2730.7071869660763,5319.183829251784,2747.1069353044836,1432.4434730492499,1042.4276398376724,1485.5190222171864,1469.715628363812,6599.556908617621,2736.968909058923,3610.926406874775,1411.5710660730952,3618.97719242272,3066.156584797135,6219.679101651604,43.832054649925006,1630.4331620802036,3694.4160347793936,6802.913788013871,1496.5515801902966,603.8089160959057,3187.8128997438657,2740.845213211637,1952.7627612405365,607.6852202486202,3099.5524359589826,7939.863613729272,3104.9196263242798,2570.586007734718,1452.4213482978553,2469.802099764142,1780.7144923085182,876.6410929985001,4154.503519982348,3511.3352078742646,39.95575049721055,3661.914715345095,117.18365630898317,1322.4160705606628,2886.653884802204,52.18101744038691,2448.9296927879873,6489.827683371549,1575.866726699685,2765.5939243405064,3300.5238974151016,5.367190365296939,2025.8161856570782
1986,4566.28838241307,10166.782467968787,5104.692954991894,0,2762.3614315900236,675.0787019960713,1320.9926316060353,4947.431927419747,2670.5781773160975,5470.110397241356,2728.3358638062314,1393.6186334302633,1034.2057031426473,1475.3943677677798,1467.102422677612,6518.326628294976,2809.825669002708,3527.7937421548195,1353.874482825666,3609.569476492336,3212.127970446364,6179.500596162259,39.17229232251663,1652.098576930665,3653.0307059304564,6686.452963226654,1447.6592410868739,665.6430403417424,3033.4222572961967,2706.0333908050907,2088.7123752991533,613.0320783903333,3113.4824167874717,7991.719492075474,3156.943646225592,2551.059796361266,1501.127990461404,2515.604582872272,1846.2444636970065,901.2486525589228,4117.379630979851,3744.8139602043825,36.59893005315423,3617.8614215825037,108.93900273634188,1266.952023949425,2957.651034920526,80.91794691439569,2402.6625721613673,6634.413859557324,1453.091894766639,2760.931785884822,3352.8051078381754,3.145220551442941,2042.1059253095896
1987,5247.38242303522,9956.98287739169,5083.248866146911,0,2810.3795452630893,692.4044750851239,1353.8301000290767,5292.220232450074,2684.5619346020167,5434.070756780699,2760.1068498585573,1458.4516553304004,1060.8897451853704,1551.3882057539138,1437.7990885696195,7116.711459185365,2965.545540268429,3606.590342751085,1335.3514876641675,3475.6095903998175,3136.200960344354,6284.086925566519,37.22896902930219,1703.836757764414,3568.274396523847,6836.814830716889,1442.4187416608468,623.9249116151666,3035.927313834774,2713.0950860478324,2509.830350033832,668.4909767305356,3119.081069476865,8268.363800398378,3129.6790971567393,2673.1486740236905,1475.8432904973736,2726.1388124230625,1869.0572918506602,966.0509846654692,4241.113282046126,4307.147146820728,43.75083221691717,3659.8522254499408,113.86086148377822,1220.1319046829694,2984.83938553179,94.8387605199012,2473.6883582024657,6753.932819374281,1411.1681472201917,2742.9869589910677,3275.3340416801407,3.260931593807491,2152.7583405119117
1988,5336.61634495392,9662.233911994275,5022.697736427219,0,2931.7155974917514,679.5110620783737,1314.5826174352721,5267.373392620458,2771.0099394640906,5507.9151412117,2682.9060336965144,1589.7458421932447,1025.467454520557,1659.505532976956,1376.8496006903624,7120.914213666182,3105.856455225905,3564.720199047651,1410.4375999565939,3449.22915541684,3224.18956033309,6367.767922427224,41.339076019977114,1603.1810418997372,3577.6386603038936,6974.935601470637,1443.7672299977005,595.79943313792,3212.821314427596,2674.379849267394,3009.4847342543335,677.4441082773749,3410.7321408732364,8453.582676860195,3117.224701131399,2615.213296713802,1444.542337673075,3067.876179132551,1900.0472815681978,976.1189325217094,4327.167782391104,4622.483806708815,59.683291003841944,3824.898008748382,117.81636665693476,1346.8787705758791,2941.791997271621,129.70135101267817,2449.8569926338932,6682.978377079548,1506.2925824779159,2771.5266779143403,3499.094415865937,6.459230628121424,2366.14536369344
1989,5788.131785197377,9673.863661753645,5250.901796642064,0,3043.3929896948166,699.0941071034018,1322.4695697939708,5190.326881111798,2740.021896342417,5453.48020267771,2833.8633638442234,1569.2378732246461,1095.313636555472,1681.2021638154251,1360.949536626722,7609.103118863376,3095.0306226058633,3559.7693188052835,1424.503546363395,3455.501021581055,3289.913035274958,6562.944536713612,45.182928797165886,1596.049721082305,3658.3276854672336,7311.69021392379,1553.5976286410119,584.8954958578178,3344.529762392411,2670.013182491863,2899.899952086235,734.0984640286787,3679.6778606131475,8545.283473226633,3091.8032705489227,2695.335483246319,1477.1342106765771,3302.574185652186,1893.2143681713576,1073.9634614095585,4421.720575858911,5130.2484812826,69.76045600001986,3859.913060100743,114.69512694665188,1441.1368223491647,2998.9548344492523,149.69948387192875,2448.31892196511,6692.783392542831,1430.213476925674,2745.7318269046964,3658.3276854672336,5.958188412813084,2558.2971497516182
1990,5878.401728913053,9772.10667471416,5193.0668250205645,0,2995.6631150613052,775.1390869664683,1331.4869528394183,5474.161219195218,2827.9799656359064,5597.794078278096,2743.286589728738,1537.622841900831,1126.0811790875505,1666.6098799203687,1303.4991993068772,7858.96119193758,3164.3197515660972,3597.278130126018,1533.9722653531082,3408.178264953978,3346.3618354125397,6644.5360603951385,45.02377742191417,1507.2013706698078,3563.206082347272,7215.729604228828,1630.5908579828374,562.675531889003,3240.9818590682753,2676.6027247903353,3042.8772384118533,726.9514765365277,3848.681168379193,8639.697829610557,3001.7474093075098,2739.636013181015,1503.3074223522367,3658.6078161277605,1857.9000910210418,1123.6474613890687,4242.456691993555,5525.999406172881,94.42824670109566,3732.3494623917604,122.17262846378871,1490.8954620899794,3017.0798308079457,146.50980544860718,2420.0888793703484,6856.999615472603,1394.2768694602503,2849.3966813825464,3693.1666074462028,25.55403583405939,2751.8046016734243
1991,6026.9742430585975,9639.431861358296,4985.370599381911,0,3137.395361669276,749.4996478779505,1271.2695028423873,5653.555464668001,2934.3504134711493,5510.044553724629,2772.930889695045,1656.7886953091534,1082.2610349726167,1828.614575190763,1229.886086701887,8077.026395843266,3599.147162815912,3503.7958998956947,1506.2595442016027,3328.3398957912336,3258.88351899402,7022.8383215273625,50.3377225568659,1508.6796270168365,3409.6546783830945,7201.4404332916265,1586.1222771043224,530.7241613808025,3407.476603849384,2564.31975102188,3150.7058171530625,769.8283435259154,4158.428301416475,8680.837058244133,2969.1996060105175,2880.866583254479,1424.4607450466956,4100.588322132384,1880.4043474367693,1154.6215111481115,4305.327328301174,5600.797659295901,100.4334368322084,3792.7537880346267,118.82606622798632,1677.8434158016887,2991.706376192193,157.3053829902059,2383.5395647239047,6870.615112449148,1230.1280949834104,2806.570040826797,4136.889564360893,30.49304347194761,2889.336873107798
1992,6196.220836353459,9603.40072100261,4954.919395544329,0,3067.968968660069,716.9359063605635,1283.1645651378253,5660.612062799471,2878.747646694368,5548.418889598569,2783.5389410782504,1634.336373792249,1070.0214578414416,1912.068301481476,1200.395187893663,8164.983769068653,3703.810022749618,3672.4724839664236,1482.9114726490268,3312.688832592954,3295.7043650081696,6951.431599243115,62.196641859775276,1545.3473323621088,3605.969920747125,7174.143420671772,1639.3599487116921,489.9181635723837,3418.1839059012655,2638.81213982762,3262.6923012518273,770.9991412079066,4258.0777888615385,8820.440687129361,2849.3238507376286,2802.197933636183,1365.2162888220673,4300.419348896847,1842.4559061691891,1214.5090412387658,4243.007064103208,6040.968449557327,95.6871413227312,3610.754277813262,125.11093727947105,1836.2362419832118,2978.2622736700087,183.95852919295072,2382.8490367893137,6985.639752265992,987.491298450586,2845.0179293781052,4264.058235194209,27.510053130285222,3125.1420356004005
1993,6449.530598784749,9217.05654799493,4814.9291571359745,0,3046.3133177100144,734.1556625175996,1244.7201133860035,5722.157514863203,2857.5705271232982,5767.764508871145,2770.80029749793,1657.7557616835763,993.2969412909353,2062.3716572412213,1154.207771431779,8306.319959959397,3719.4257728631374,3730.6521098497074,1431.5918478082915,3179.626069425539,3253.7666699410147,6943.2555441732975,48.64746027513881,1511.5794988376063,3557.3455326195253,7100.190379964732,1558.3559029483167,438.0610244968029,3408.83044956802,2721.6850731816844,3224.7652993923743,786.5452351215953,4682.551933502664,8823.900871444408,3005.85172815425,2619.2447481792283,1349.0314945528878,4857.963448917828,1854.6844229896672,1278.8668883868222,4204.497083491204,6463.797402038515,108.75513955740166,3714.280368410959,121.61865068784701,1917.364804498019,2759.807842531913,230.3737902452487,2381.62061529682,7078.673234073804,969.440975194473,2928.2028973304705,4586.894187096261,38.35665137078252,3365.796157786166
1994,6548.224740019438,9044.448804705431,4951.380554959822,0,2968.957476808228,695.410926712632,1342.225223704204,5904.604587704368,2798.2988898065714,5708.849149673057,2676.6932389083327,1747.19713804637,1016.194313509863,2009.8014610930363,1126.8486112315254,8414.97415024344,3642.009390785349,3471.8071101660494,1505.811061779321,3126.6113319126994,3322.3667699440116,6843.911275787013,66.62073182417602,1444.4378533522547,3553.029646225662,7413.837947351369,1647.7223466924634,424.36493559235413,3346.0947018265942,2611.21327304005,3109.9561489566554,801.9584669930779,5186.606495065046,8825.87804755625,2867.8856131160705,2745.3673494531167,1309.599317365652,5378.939635228678,1772.0658358848466,1266.2502110417017,4190.03335599655,6981.943956450119,109.5135317657688,3626.2668205940195,162.21691892804503,2140.533239638423,2802.4056472477882,255.30342092894855,2300.0123202723234,6969.623684126471,934.2873178767152,2819.745289777368,4716.382768045776,51.33446801520412,3684.674037535763
1995,6418.881315031411,8866.978624506351,4999.042755439597,0,3046.7090822473433,643.8026206239454,1367.7466463048133,5788.658210264333,2730.5957623005925,5615.463729335762,2775.118765109994,1743.298175002115,985.9618972141958,1995.966215945468,1063.4319221025544,8373.218523350088,3676.2643419722804,3563.1759148364,1434.7537655329627,3060.7338281323046,3195.193296616697,6888.598994670597,60.328668806739,1512.891635463462,3565.4020649768704,9802.18429851783,1674.7327506756365,389.57627458226295,3493.4974154396873,2500.857067804081,3312.5114090194697,773.5871738133507,5220.767309430417,8765.24356308687,2824.0940682003356,2615.0585700101956,1225.9408823568697,5051.802513768738,1781.365342404153,1290.2766214164549,4088.3247329732903,7323.588732118449,102.6255214756704,3593.2289417327465,188.10968686972123,2355.7120786454325,2777.3449152504645,247.99312564836623,2336.7898024514366,7017.047857775719,961.029015640931,2889.0976523020618,4493.484058538845,47.41699799201257,3834.543616959702
1996,6619.522424760318,8841.289287473788,4879.5162338087,0,2971.8747683842926,615.1713193266686,1376.1787877070371,5638.125798392968,2829.3084881434556,5699.1633495664155,2703.091551966935,1821.098937510627,1037.8563612027885,2013.8032062153668,1038.2923437111704,8547.87305933286,3665.9589217280604,3539.5239942973485,1456.6175605034725,2967.9509258088565,3352.9234807099538,6791.299533062734,73.46305266232719,1547.0839309926887,3674.4605806415047,12493.514760187822,1614.879211046053,421.37709435097463,3511.1851312525337,2581.670423382614,3275.318594218,811.5814393526532,5064.808799870949,8614.142400606888,2875.086651523541,2692.627971765773,1234.0484899745823,5139.36180880423,1749.5978061360179,1278.3007145753313,4084.9381122829354,7205.7009072796,91.12034425178862,3520.340763928551,201.8599013807566,2546.355840203691,2676.4966189556476,249.81797730275062,2404.4435337254267,7081.227901136606,930.168681632493,2917.376954836572,4440.481847868264,45.77816338008519,3823.130615999686
1997,7005.24435728169,8878.197832215588,4997.023236267489,0,3104.151709888109,616.1463166926404,1405.8642245530477,5886.331401355304,2849.8135145073456,5755.222469313067,2786.9950445639042,1896.5924810450192,1106.2179341259696,2176.758479399044,1063.0986359417955,8822.821271603425,3997.618589013991,3593.5666882627957,1549.6681783956994,2910.005428216218,3537.314608905777,7234.630268434047,80.7666042129962,1618.3963998669212,3748.9712654747937,13208.732423961197,1697.8497259626329,405.14629918226547,3806.317743262883,2764.450436883854,3267.2170761176,843.1245512966432,5444.632194575286,8814.066084154862,2909.786548530004,2819.170358437374,1292.2656674079392,5657.821008947802,1870.5457983855433,1416.8082088637518,4279.316745171514,7608.914531860127,94.33714475826928,3654.415241030311,201.1504316307412,2802.0977429126756,2700.9753278817698,279.0715999229543,2458.6755152427813,7471.23920923147,961.5384615384615,3116.6278520023116,4620.769055665482,38.74170445989248,4076.4152760510606
1998,7323.592977844062,8877.331344817852,5086.09176661906,0,3007.208368616844,618.6726659167604,1517.5069408458776,6147.967459123789,2615.824707304845,5763.956471733169,2839.7433466884054,1945.9646195910902,1101.8987795064943,2098.0523501977987,1012.5841011446603,8877.331344817852,3944.380547937126,3675.804569372649,1442.5163146741488,2913.0487902495333,3482.0085691535746,6993.929129645311,74.35868269275329,1671.279854063186,3911.098191377763,13626.386589316786,1722.6779236865057,389.2771830487481,3669.063838930246,2709.984285672156,3296.2171863348544,887.2486444812376,5383.105201737423,8858.162392622271,2921.8959989551868,2954.9677076882244,1291.0605275464163,5628.509919406142,1812.8351933536399,1431.9839233578948,4189.995913432169,7656.416543437688,93.73828271466067,3566.899643162582,209.59458719345477,2980.666742499884,2622.776085573573,275.52735683320486,2462.473089740187,7464.305725829215,959.9221445633902,3188.997442735388,4512.708383362192,23.592556548408975,4119.007595960617
1999,7196.75573021378,8744.586641075322,4986.870263627289,11.337937345748374,2901.7021078440303,583.9037733060413,1469.4776652757446,6358.153292962178,2558.3245768013653,5575.025763437987,2774.9601653719146,2144.692326848438,1112.332638884671,2279.1278696623117,912.9064194996325,8887.525636898508,4006.948535887608,3549.9891682205716,1444.574695748476,2847.441979117949,3521.846788023089,6809.241228789452,92.72813043487064,1616.2634612698084,3801.853347829696,13669.503175634773,1691.5797593522798,403.50909160850915,3735.647892257201,2741.756206002223,3137.7741604358625,932.1404203540271,5208.972357703825,8579.579160061305,2905.548908014909,3088.57561088199,1221.2578226706107,5765.948529813713,1674.977779667434,1555.1195848695224,3967.8731446781544,7581.840673635448,84.83206692622444,3401.9885932251777,235.86958942494388,3101.5332535628454,2597.1975048439313,288.91493914969516,2405.667348967539,7697.244678761816,897.7216819830053,3164.09437213135,4722.453367671087,25.510359027933845,3874.1326984088423
2000,6964.5744027669025,8966.898931805677,4821.426224367749,0.3755297316276773,2767.6541220959816,547.7101135789674,1469.4478398591014,7250.540293401379,2484.5047044487133,5475.035722265721,2686.1641703327755,2214.6865922742268,1132.9732003207023,1920.8345772755695,873.1066260343498,8715.669541346762,3423.3290335179063,3457.6900039618386,1467.382426335149,2816.285222341766,3522.6566475334266,6352.4609402137885,144.2034169450281,1577.0371079704307,3698.5923268009938,13232.72891823028,1844.0387471577092,346.0506476949046,3601.142361443611,2611.621518604682,2960.8641690184218,916.1047803057187,4745.756983444771,8604.700505650784,2773.4748329362105,3068.2656722639376,1213.712092620653,5490.807970994083,1585.6742917978672,1434.8991045493551,3946.4419496752603,7529.746648866558,84.49418961622739,3265.04325163684,318.07368268864263,3326.442362757966,2592.657267157484,312.25297184841367,2396.442982382023,7642.405568354861,901.2713559064256,3161.3970457076016,4190.536275233251,22.531783897660638,3866.6418817043796
2001,6978.812460508487,9565.620742677862,4914.844426263637,5.84383092336181,2748.2441114272465,524.4838253717224,1663.48299627821,7617.616228318475,2555.0324515235966,5240.455380524703,2668.9871545291517,2459.5223398699018,1211.4991982994452,2151.8081178116313,838.7723572187748,8789.852187601582,3478.175117698407,3555.7884971493063,1448.5395901283086,3008.4772072332016,3631.2104400039443,6250.89027111723,176.77588543169475,1609.0623208044033,3703.3452279641924,13802.398162115176,1925.177049815006,322.50641908302987,3543.370356437162,2661.1345067258844,2917.3499687720287,1003.1301019383257,4809.290230210415,8670.418893105374,2919.7240250846444,3590.1210038240565,1179.7233676536655,5692.987037652533,1583.8607999474057,1560.6680959703135,3848.1626630337514,7608.302622784366,84.55292867239119,3262.68385239944,396.1021647741177,3412.432019810587,2591.1911553618975,336.93337667507933,2385.561354746104,7626.381974703517,855.5733711234399,3295.555401343351,4664.107555708145,24.65366170793263,4011.789928887882
2002,7141.934924753319,9678.161041515228,5030.181798244451,3.714138664714091,2755.537161725978,515.3809556655648,1715.5783356060324,7997.0711363672535,2663.921741329697,5100.396705382141,2599.543337807986,2736.7896046564683,1358.3135688097248,2031.4569858526688,856.7279853273836,8973.535877695182,3473.9576977292463,3324.8615599028662,1376.17680714954,3009.8672283859237,3743.1443190480486,6181.918511797696,194.19639304076532,1606.98399559963,3711.8394360168872,13749.564473025624,1952.2220276721018,329.32029493798274,3496.065665971592,2790.556183421854,2831.4117087337086,1129.8056090568386,4784.694918881443,8595.754916369979,2959.107333301498,3904.797782836081,1215.938253329018,5795.294363175553,1659.158800651566,1492.5531519772483,3865.710894983614,7546.952902953094,62.78662980826201,3209.0158063129743,536.0740139404005,3538.336101250957,2572.1294571874773,373.71309516861305,2409.2379471778736,7561.102002628195,895.4611456879735,3478.379291377715,4578.471791116842,48.63753013316071,3988.2774709191785
2003,7275.176770564925,9667.213853699232,5018.8712249140535,7.064094887613614,2686.878948324464,517.1926614145682,1980.9740377693608,8243.12596290341,2812.518921682735,5110.87265118845,2544.2515086888366,3105.1742813124415,1419.5466869394977,2024.7041489783974,821.9578979944698,9382.799938105072,3659.8739227255296,3332.402666864013,1454.1943904358882,3043.6157401489513,3778.6179939316057,6397.715269882064,210.24091927421472,1627.432907917841,3780.4681140212188,13605.278560808401,1965.668498846198,337.22643451584037,3466.4522769932523,2826.815304193381,3029.4875503737244,1250.6811805784484,4988.091954332308,8772.764886739013,2898.129024011195,4221.469466290812,1239.0758818345118,6230.363498139788,1696.2237367043645,1409.1187373434966,3860.023277874582,7842.659059869886,45.58023129864975,3121.9935548543785,605.9984257159964,3666.4334394068856,2561.7435531724514,542.9261499337321,2394.3917814301763,7679.1757210422575,876.4523442703462,3458.715411163961,4585.102160267494,59.54022833845761,4071.9461245029906
2004,7164.31628407169,9682.628010141398,4926.737464712999,10.78539563644776,2537.381556035601,475.3389584121396,2156.9228172078642,8209.40549023531,2827.1804474845017,5004.736195475136,2450.316840535581,3295.172832057322,1521.209714984197,2050.4756515785757,800.6202384041366,9307.952744336104,3659.6879425529187,3239.213822813144,1450.401247979692,3010.5321733041137,3855.388164825855,6239.585840807561,211.01861027832572,1602.9598877068372,3674.0684700681827,13196.009716234677,1996.861293559712,315.74636500905035,3501.34582980333,2825.773656749313,2882.357906320242,1321.9143608324448,5022.555544787528,8812.762405549633,2883.9210071371185,4392.782225667991,1186.3935200092535,6289.917687110984,1659.2315171143907,1454.934240348634,3673.59953982312,8147.819318050376,40.32800107541336,3035.698096455825,610.0782488268928,3865.392010053864,2549.1048121621748,771.077632965171,2402.173335375785,7606.048574920986,893.6247370082875,3576.3746690134017,4626.309487709338,60.804621776495345,4256.636144518049
2005,7282.78918489815,9800.811261138422,4990.783719379604,9.566085229536075,2497.6049092578287,498.00754150181825,2370.247476052662,8361.186822788985,2914.2293376128473,4998.350921128341,2477.187742275386,3630.971842870625,1618.0961777064524,2193.489065393473,739.4441105039899,9382.901836260033,3695.7927786050936,3290.733318960409,1456.4721705447384,3006.8918646870106,3870.8378605664548,6252.364750546481,251.57376379765014,1666.7832682030466,3750.0481873696262,13441.349189238583,2034.149496495529,288.5531081924239,3477.7717018065623,2825.9929096747387,2837.4151009935877,1378.2301600106227,4956.374368031571,8765.389618084755,2977.194167258003,4714.652244246428,1226.6005702529017,6379.722183751647,1689.0565412748024,1486.169867973746,3623.97575068783,8289.798127046179,43.54710440311198,3140.531503117544,684.474814782029,3904.818879740031,2495.8915805600013,824.9677680038722,2470.0488727011057,7548.355133061389,853.6660236924804,3665.9523037846,4675.2456841963985,80.95478097234259,4241.202414080135
2006,7315.671505468819,9598.9354368589,4875.736520622578,16.26712214608676,2615.673238850688,474.9466318390248,2423.6678627001556,8668.909396129759,3055.6855591956573,5015.873777799112,2484.0695539475105,3648.9021692607394,1646.7127746243561,2200.994961192247,733.7538784419297,9264.926084597037,3827.707175800923,3297.825672452162,1540.9764806747924,2912.4815494833856,4081.980962133606,6209.640536601692,241.6067649894197,1700.447612533151,3691.7033676942956,13504.11144845389,2125.2595072662034,280.2745143530685,3404.4953258691244,2864.346868378981,2830.345916352325,1382.7053824173743,4954.938738284672,8681.30974333948,2941.2823559059652,4979.07274737026,1234.034552967483,6545.3832707315805,1678.9803447829872,1429.2400187205242,3629.8349687124573,8142.894667717363,42.66786136678494,3188.4892776997754,696.9528480130778,3963.4443097740073,2390.2002589405834,856.4239798714364,2454.6020621910748,7652.61427319965,842.5569249272314,3755.1718114773885,4524.660023814,82.2689701978322,4382.656047702669
2007,7506.085895341669,9810.781092092468,5037.786577343309,16.779909871544707,2623.1321227221592,453.0575665317071,2552.580228944073,8867.165402876739,3167.335108783393,4940.412251876617,2464.739943177123,3922.0496914149153,1724.2628598305485,2380.2047911727504,704.1206119582282,9240.009915401288,3889.6339564357945,3276.404522948433,1583.5404338623664,2871.906998620742,4191.672334123599,6182.7611850175745,261.86829041956133,1688.5419910888509,3740.267334473181,13770.839821777017,2233.1263387380745,300.1315697478564,3344.032644551932,2862.5000794503308,2781.6514227965245,1474.7252607559858,5038.295059460627,8725.934494791236,2945.3826645734152,5357.876070195956,1280.1037303519333,6748.066178947569,1694.8980175553452,1449.5553959486688,3567.5105351138677,8312.030051293134,42.331136266851416,3144.7076545626737,735.3922621733797,4045.6108459235625,2422.0274453222823,894.5471648943945,2449.993961774857,7669.3086550012395,856.5381266247592,3835.989093058584,4724.815834133134,81.99274141777526,4444.515066960738
2008,7683.550080399104,9582.187476853898,4977.576653915902,22.8175764627739,2571.576706479953,453.962254233198,2578.386140293451,8641.888291835608,3380.5852290239573,4792.407839689203,2451.9934916148395,4037.5163963998402,1712.1544809658405,2293.345630135448,701.2522190391769,9350.547263443854,3943.1400330197803,3298.9914870130956,1484.0981800892157,2769.52814207585,4177.169521452106,6115.588347027861,292.0888714737287,1613.2384950434491,3770.992767664508,13406.938932519704,2188.4564566573563,280.7398151178988,3372.342230197091,2841.3258564953635,2712.7828602967,1515.0392916277415,4929.313298465846,8589.68263259879,3005.110659272657,5459.61288966089,1227.6095064474587,6672.289427219098,1716.5746397570588,1446.7060259905338,3576.7447083531447,7986.390689473093,36.436444089769836,3149.0644793650263,743.9007781868747,3953.2944518644713,2359.40908450149,930.981012431398,2477.558734353235,7633.85315993568,925.7246073823819,3874.9262311336875,4648.93187460129,78.48768448189766,4301.0534313573235
2009,7773.591871897606,9281.657527565445,4922.351825769075,25.297761489969776,2528.294748549367,462.3108935351685,2633.3602264491515,8667.44611120987,3461.007261141271,4713.0185471336035,2434.8525664692984,4177.891123904334,1779.845660864135,2224.379749027973,653.5255051575526,9475.60703232188,3978.357878999211,3145.24105803899,1460.5468874637056,2639.7416437619368,4052.3139474991685,5987.934563123613,306.08012325251724,1548.1774216339163,3719.4546623090705,13204.747774480713,2204.4378199255198,253.43343042203958,3232.529730567445,2785.0328415083845,2839.274888667059,1689.1383719181172,4746.407034145141,8366.266004822528,2990.6056420845357,5589.09598107454,1190.590144356776,6491.040945908372,1731.1873538541481,1426.4746771686564,3461.5770305441984,7669.55197892309,36.237334026172924,3155.0410917693393,735.9141608208326,3837.3969287150103,2318.163792749798,849.2982720033548,2552.2250634723114,7626.705319822961,888.4984069247494,3861.7830591602965,4631.085706992666,74.1839762611276,4216.977304945142
2010,7655.496805300049,9308.736779865589,4901.229155365705,18.895384324686393,2477.9491926469354,446.48307005410663,2706.286112210983,8730.835250294842,3491.612253975196,4570.241468150131,2355.023040691953,4170.5722435296575,1882.5322787302725,2210.6538121437875,634.7999902338463,9613.186005950984,4077.263014195954,3150.5399515301547,1435.6245932980833,2611.384575209468,4095.839936987078,6046.735291588688,301.58307228333734,1499.6353615440712,3682.9014818015157,12936.332108671813,2236.5553502068406,236.1923040585799,3121.347644286959,2784.415341778226,2846.090725444758,1860.9830482925686,4717.264542811315,8221.084488906392,2973.2630311805688,5905.656832220664,1174.6984434661777,6557.016822199742,1676.912281893657,1408.979978323385,3396.816870818202,7509.0044998614685,35.98615329252072,3149.159951551386,775.87844960187,3787.144557120853,2292.392272424734,822.5861411909825,2487.5030386537996,7650.932189985659,870.9922942924263,3885.4430171470303,4668.539928176308,75.47538345422487,4266.429165131859
2011,7748.47683326359,9226.61251833827,4818.175492720062,29.30203340431808,2426.4827661903537,412.9724707886167,2812.309206032495,8738.375961748598,3524.9660184612612,4468.413093990927,2371.3087032919216,4073.9626443174143,1854.1621137448096,2304.1786267636344,605.1506898717864,9785.115155031277,4208.026797150548,3138.2575776136387,1436.0936371467465,2594.3569575669317,4059.654628006276,6045.136891456056,339.0803865516407,1501.6557118875116,3682.0601975486247,12847.618646285255,2246.6525611839197,242.8442768424756,3110.0335454382416,2759.389145703626,2807.8992010050893,1887.4821517296527,4748.203412951891,7967.409082846355,2988.2194065701233,6050.526897600663,1182.665348238497,6477.023383806657,1657.2798892990736,1400.2255962571796,3305.4457682081757,7536.306591389514,37.338042565368525,3064.561493600103,819.4769342037051,3805.1483378691055,2212.0585217467146,779.1988882867327,2470.582816464411,7637.148706349525,891.7030165414388,3908.7344559572803,4616.68726302348,77.0280878120201,4318.9629236177325
2012,7739.918759028559,9052.23761423938,4864.821704885655,36.89434084864326,2381.5205240831942,376.8362276729583,2842.699784691235,8717.802345452175,3570.582912230015,4337.654804799568,2311.1275901754593,3765.5171907437425,1823.7001169238563,2309.475604764326,583.8850658683294,9714.2248792674,4276.7148985222075,3122.344204009185,1436.0342071112466,2533.2278510056,4137.856347019726,6139.328449574981,364.44633708945867,1503.5820550331407,3652.998628852109,12561.972397159318,2293.0475276202783,249.5415740484105,3021.66487089734,2819.7555428699393,2696.6826297405096,1883.6304765610803,4904.561131720139,7734.595694926019,2982.4761058665677,6131.34385342117,1173.368526741055,6585.915172384678,1619.4045877470405,1401.0671825755921,3218.985350560482,7572.150462831247,31.387722811532328,3036.073854761114,868.8525492888203,3742.297618020591,2170.984161130986,839.3003658229916,2501.840128194068,7662.9178834762915,879.4069005266163,3908.3221518394857,4525.430479865051,76.54199071584199,4286.259703119867
2013,7951.585281104395,8912.591010260643,4915.228144273497,43.22742758536113,2410.559669070993,380.6101068682903,2812.5660479433054,8624.52412864552,3573.6123082489585,4306.391136028974,2273.9192490778296,3672.243903584571,1828.0766056119116,2280.964363030373,567.5230683993589,9833.065590010898,4423.722725189239,3163.691048269468,1440.5083615065412,2505.625219072602,4250.813014847795,6276.848624854641,358.43104442509696,1550.7078599987997,3554.1295239851343,12347.997317638094,2298.01179926122,220.74690384637128,3094.109675898665,2776.2097808795606,2681.579114455269,1864.954732968437,4952.280225060949,7543.316578718712,2930.8543809736693,6137.598903397572,1177.6647273758342,6641.194085931255,1601.763191975876,1397.7158174984975,3184.2175531188545,7334.224554744449,32.877198445204236,3035.4003929608007,836.976932905292,3628.320662275502,2132.7560398805635,828.192284643478,2520.846144278715,7826.251834121488,842.2825125485657,4031.2837850179126,4476.082707898268,72.45160398109822,4147.484676877153
2014,7879.624544327762,8473.885853378488,5049.022617271823,61.39234520417933,2300.8025804696017,371.5066511139392,2766.471815106167,8387.60471957802,3394.332988761882,4141.743310308439,2198.841509853471,3523.6717268339303,1732.3426489303629,2363.107514588978,536.021543735409,9781.293918341544,4494.915220489778,3076.9179715305445,1438.9867940087709,2431.30279534281,4129.050028124331,6329.053014778962,368.60295911103884,1505.6887474468251,3531.055400784163,12166.303566895256,2287.3626346276055,219.93392856253973,3084.882383881357,2834.8330211173075,2659.7818746567423,1844.4251602423171,4982.652514348387,7213.600561491071,2910.7438263359886,5917.807264539615,1160.3982869876436,6635.102151884662,1602.3402098290805,1403.6447142020404,3021.2500477035114,7090.318095310787,31.52579888863263,2931.3185582422543,801.1701049145403,3566.8122937341645,2027.6066443110037,782.3375882100148,2460.0908274858507,7586.683502549442,783.9968407831008,3937.8211690761777,4555.726827293377,70.68415961346052,4015.8060400112167
2015,7778.905278292928,8023.924571275881,4920.744489650499,47.87459083925271,2278.735092870344,357.15080973269755,2635.329221314213,8008.417021087087,3250.939200860152,4021.3861045988237,2128.6697225818557,3320.842465557333,1611.194701666545,2453.851121156116,507.4547577163979,9764.030754255431,4633.815048208599,2948.979364619882,1457.471140051469,2339.5724051494612,4070.2150062189253,6368.2748924014595,352.0611522348368,1455.8010961849836,3435.7573887512203,11727.127556360003,2242.709860893299,216.54902135429424,3083.696236516384,2808.6956798350952,2541.7272388926176,1737.958983722639,5179.044607666933,6978.7952144495375,2781.895452072922,5695.565317801395,1122.9056854655287,6673.0976609842755,1571.1136488708914,1422.4002188552722,2922.5767663497295,6772.902663481389,26.164020574940434,2795.0172253095943,739.1932256658704,3495.799442046297,1952.2017540232152,693.3067822867195,2391.264239112109,7354.2369808151725,777.2066051030179,3842.9299885800806,4503.153997130706,67.11985825303869,3849.212534554003
2016,7406.692336556861,7346.9810371860485,4606.878554846425,49.27933833340859,2161.1286447637003,340.2064905481762,2457.27177749717,7779.907420238316,3082.4109351863817,3747.3316756376344,2002.6251173595615,3089.33962572615,1486.8658496520864,2372.6483323653924,473.33076945833216,9330.999895680388,4602.285377971747,2823.9474229163716,1408.4704409605501,2202.778638457814,3974.6550057064387,6142.868041920913,350.9498534075923,1445.060155046967,3341.730802466925,11069.011314785203,2181.1362118279753,203.34538977387555,2845.4341486352037,2779.884065101665,2433.2938372022413,1683.5939507082055,5014.737091226721,6609.737223572495,2716.2023925001986,5359.848160471587,1079.474416004808,6468.594347745529,1526.647432414127,1331.943443201086,2719.705662997834,6345.746328961771,28.804668536115603,2609.0023152725466,725.7219461991072,3342.8985592994704,1843.2652349448897,640.2421460567966,2357.9345962753227,7247.566005508699,714.511480606673,3737.055415511236,4268.462624774817,66.795690821587,3662.552529594851
2017,7344.6778597553775,6999.10825698775,4472.29841005751,41.36398309832349,2097.821599212933,358.3855307405764,2299.6532792659773,7530.700670572327,3014.2755624043602,3680.6270749140867,1932.3656668196393,2971.9906743019924,1383.966736911254,2342.475361954038,458.0734974283728,9286.63628703381,4639.979862877245,2780.135465126095,1398.1640223902705,2094.828657949789,4035.635953973168,6004.530852619898,339.27675190665707,1465.006377267153,3311.34416829232,10770.828185218554,2180.933275827932,193.08308251462321,2673.540710907966,2661.108493353368,2311.394818067542,1659.8545277061946,4891.31018689767,6332.21954989233,2694.5680418336447,5153.844855133969,1093.5746923026154,6342.963441606181,1478.6664681604768,1262.4072763774052,2649.2134703844627,5990.7172775592335,26.782987200955287,2582.908310093272,717.001287732164,3250.027243439703,1761.53778856942,639.7220094761125,2345.2380769661704,7257.805821040531,695.7437305554746,3618.6194713084374,4190.8084471546335,63.84941361373867,3591.682999940141
2018,7376.714171275194,6836.472481856945,4482.1482446975315,25.563018041248608,2041.2515772530753,365.9821623638063,2290.4910031552495,7509.953971705307,2936.7003196863475,3521.7516017757384,1903.0329331928358,2869.002908536413,1370.6682202640422,2348.0821048470157,437.0235729668112,9327.752074394328,4713.107140256254,2796.549587053223,1404.702703586402,2021.1875805346538,3991.694991580552,6024.549414651474,361.07762983263655,1474.0349589133934,3332.9270993257014,10715.511847418507,2143.2064050222416,203.76103334041767,2643.9889008942596,2642.2054345192887,2252.1464760933764,1613.516891655904,4784.594417453001,6156.525926399315,2689.7645378518446,5226.819767346812,1076.8421349875973,6181.420144549949,1443.8646527368035,1240.1036193963857,2589.1473098639067,5674.395516365533,24.96852924959166,2491.651148032168,692.2078867855545,3181.5553907500516,1718.8157188781404,736.9431683577396,2269.3123399524707,7145.903897914385,667.8338463276198,3625.044029326132,4165.211407645423,63.61030070729304,3493.58769527099
2019,7274.358595781895,6647.789867005871,4589.70289270747,12.918942861361288,1924.2836375200172,370.31936762484526,2170.808299923906,7487.095253779145,2854.092607525355,3246.4167679360353,1873.1047484923167,2793.0470533452963,1375.0156163045576,2364.876375654465,408.50833058864947,9108.351599677453,4779.228043475791,2790.491658054038,1374.2348010766732,1933.5824370520959,3980.3830821474407,5956.484457517973,346.18507876296155,1460.692341764245,3330.8867789526284,10452.418539676772,2005.7723540301424,221.46759190905067,2635.535326920238,2686.2883167327286,2211.7656077865736,1598.6836874921917,4660.260196027212,5898.3492146418475,2627.9401242489976,5168.286976569864,1100.097672886688,5932.421151858624,1385.4501470771957,1198.7643244102715,2433.304182898159,5359.941623414235,24.489204874558485,2320.65384047519,689.8147622346647,3029.8470170018963,1650.0045429249624,924.4142466126816,2267.132505763836,7110.529364331225,587.1020681665891,3552.6383036718194,4092.820474962805,57.63836045838113,3325.705005167577
2020,6579.470398351901,5376.624623264618,4257.52517004626,10.829796215232355,1530.26251179894,334.4930240113811,1675.9724972402478,6520.829513163741,2467.2244832156616,2565.184912617082,1605.3942230421142,2202.386739406798,1127.2833333128224,2091.935124598036,356.70641283921566,7947.962829185809,4304.597863822696,2573.122660979383,1100.7011062390702,1538.3233260273232,3597.153732649251,5278.910325595361,269.02198325565826,1359.9393531411947,3155.039608748999,8832.49874165152,1617.3316120520865,219.1187745593319,2619.4569595593257,2601.735474843491,5635.432139635454,1502.0188955330782,3868.3293685613476,4968.784343068253,2384.2165565432274,4478.120734998579,965.3901864817068,4552.206386380055,1137.3132013985205,1080.026040737263,1962.6544322786997,4204.360715898756,20.8596643009305,1854.3564701263765,546.289379538823,2452.271980486676,1350.217149720702,912.5333969994081,2032.801975945546,6590.607859232339,472.8190574877581,3346.0378329085506,3523.1911471338576,51.99532841972351,2625.3025881982294
2021,4447.773474627967,3523.116426210438,3097.4734363252046,5.617738434693791,893.0501766182916,242.13020101856975,1140.7413712388816,4885.389624207346,1665.9715424664143,1513.384687406903,1199.0750592274192,1456.9235788965966,776.7232696372587,1325.1620774283242,223.12068207288874,5134.953398306167,3067.228440510136,1818.9556113546412,608.0776269310976,965.4565831099006,2602.8854747414566,3438.907094522705,186.2932856676739,1028.1028783816373,2249.9893603438736,5959.2855825566385,1022.7688641103119,161.43904895660438,1874.281823211474,1909.7473436325206,5715.282802059837,1116.6815621852434,2195.854789973188,3290.4626122483724,1747.4003773531372,3210.2821636804697,690.8115929693153,2322.9632151622195,706.1894426238811,740.5200663914542,1201.1178732036713,2685.108737285611,14.413187499113361,1142.3302265537445,366.0041707452015,1550.8362769715282,865.3019534408647,838.745371749585,1446.93648834603,4783.2489253947315,345.8030103133733,2417.386616731214,2341.5755202791847,36.4869274091728,1724.6456994509936
