Year,subthalamus,zebra fish,race,ethnic differences,Medulla oblongata,vitamin C,basal ganglia,antibiotic resistance,metabolome,ancient dna,biosimilar,PCR,single cell,cumin,pineal gland,viral therapy,amygdala,lithium,pituitary gland,Dorsolateral prefrontal cortex,neural networks,miRNA,epstein-barr,hippocampus,cerebellum,ncRNA,Orbitofrontal cortex,Brodmann area,Norepinephrine,lncRNA,GWAS,MRI,coral,carbon dating,sleep,LSD,Insular cortex,HMM,mass spectrometry,cannabidiol,multiple sclerosis,Cingulate cortex,cholesterol,thalamus,artificial neural networks,hypothalamus,vitamin D,CRISPR,BRCA2,somatosensory cortex,metagenomics,rnai,acetylcholine,junk dna,Synthetic Biology,opioids,epigenetics,eugenics,neocortex,vaccine
1945,0,0,326.622142056257,4.874957344123239,29.249744064739435,545.9952225418027,19.499829376492954,29.249744064739435,0,0,0,0,4.874957344123239,0,4.874957344123239,0,4.874957344123239,9.749914688246477,311.99727002388727,0,0,0,0,0,43.87461609710915,0,4.874957344123239,0,0,0,0,0,9.749914688246477,0,136.49880563545068,0,0,0,0,0,29.249744064739435,0,121.87393360308097,38.99965875298591,0,326.622142056257,170.62350704431336,0,0,0,0,0,151.1236776678204,0,0,116.99897625895774,0,151.1236776678204,0,1213.8643786866865
1946,1.8541867536898318,0,469.1092486835274,3.7083735073796635,16.687680783208485,354.1496699547579,25.958614551657647,16.687680783208485,0,0,0,0,22.25024104427798,0,11.12512052213899,3.7083735073796635,1.8541867536898318,12.979307275828823,400.5043387970036,0,0,0,0,1.8541867536898318,77.87584365497293,0,1.8541867536898318,0,7.416747014759327,0,0,0,1.8541867536898318,0,113.10539197507974,0,1.8541867536898318,0,0,0,46.354668842245786,1.8541867536898318,114.95957872876956,20.396054290588147,0,435.73388711711044,146.4807535414967,0,0,1.8541867536898318,0,0,146.4807535414967,0,0,77.87584365497293,0,140.9181932804272,1.8541867536898318,979.0106059482312
1947,1.5372790161414298,0,325.90315142198307,4.611837048424289,19.984627209838585,307.45580322828596,30.745580322828594,24.596464258262877,0,0,0,0,18.447348193697156,0,12.298232129131438,0,6.149116064565719,12.298232129131438,328.97770945426595,0,0,0,0,1.5372790161414298,90.69946195234435,0,1.5372790161414298,0,9.223674096848578,0,0,1.5372790161414298,1.5372790161414298,0,84.55034588777863,0,1.5372790161414298,0,13.835511145272866,0,56.8793235972329,1.5372790161414298,106.07225211375865,15.372790161414297,0,361.26056879323596,159.87701767870868,0,0,0,0,0,138.35511145272866,0,0,181.3989239046887,0,81.47578785549577,4.611837048424289,1099.1544965411222
1948,1.4132877312492051,1.4132877312492051,233.19247565611883,5.653150924996821,16.95945277499046,255.80507935610612,42.398631937476154,43.81191966872536,0,0,0,0,19.78602823748887,0,12.719589581242845,11.306301849993641,2.8265754624984103,24.025891431236488,292.5505603685854,0,0,0,0,1.4132877312492051,87.62383933745072,0,1.4132877312492051,0,26.852466893734896,0,0,0,2.8265754624984103,0,110.236443037438,0,5.653150924996821,0,19.78602823748887,0,83.3839761437031,2.8265754624984103,169.59452774990461,26.852466893734896,0,312.3365886060743,185.14069279364585,0,0,0,0,0,156.87493816866174,0,0,172.421103212403,0,65.01123563746343,1.4132877312492051,1175.8553923993386
1949,4.775093114315729,4.775093114315729,264.221818992137,3.1833954095438193,15.916977047719097,240.34635342055836,28.650558685894374,31.833954095438195,0,0,0,0,15.916977047719097,0,12.733581638175277,14.325279342947187,3.1833954095438193,23.875465571578644,491.8345907745201,0,0,0,0,3.1833954095438193,79.58488523859549,0,4.775093114315729,0,68.44300130519211,0,0,0,3.1833954095438193,0,116.19393244834941,0,0,0,9.550186228631459,0,92.31846687677076,3.1833954095438193,154.39467736287526,62.076210486104486,0,520.4851494604145,128.9275140865247,0,0,0,0,0,132.1109094960685,0,0,149.6195842485595,0,87.54337376245503,1.5916977047719096,1075.987648425811
1950,1.1656098470719882,12.821708317791868,266.92465497948524,2.3312196941439765,19.815367400223796,307.72099962700486,39.63073480044759,18.64975755315181,0,0,0,0,25.643416635583737,0,20.980977247295783,6.993659082431928,2.3312196941439765,20.980977247295783,504.70906378217086,0,0,0,0,4.662439388287953,87.4207385303991,0,4.662439388287953,0,86.25512868332711,0,0,0,10.490488623647892,1.1656098470719882,102.57366654233495,2.3312196941439765,3.496829541215964,0,11.656098470719881,0,145.7012308839985,4.662439388287953,173.67586721372624,66.43976128310331,0,544.3397985826184,166.6822081312943,0,0,2.3312196941439765,0,0,150.36367027228644,0,0,164.3509884371503,0,51.286833271167474,1.1656098470719882,1205.2405818724355
1951,1.926392541008081,6.742373893528284,327.4867319713738,0.9631962705040406,32.74867319713738,326.5235357008698,29.859084385625263,29.859084385625263,0,0,0,0,28.895888115121217,0.9631962705040406,22.153514221592935,19.263925410080812,1.926392541008081,21.190317951088893,561.5434257038557,0,0,0,0,4.815981352520203,112.69396364897274,0,1.926392541008081,0.9631962705040406,128.1051039770374,0,0,0,0.9631962705040406,0.9631962705040406,167.59615106770306,5.7791776230242435,1.926392541008081,0,2.8895888115121218,0,124.25231889502123,5.7791776230242435,163.7433659856869,39.49104709066567,0,619.3352019340981,150.25861819863033,0,0,0,0,0,128.1051039770374,0,0,137.7370666820778,0,64.53415012377071,1.926392541008081,1142.3507768177922
1952,0.9243681943391692,7.394945554713353,235.71388955648814,3.6974727773566767,25.882309441496737,287.47850843948163,39.747832356584276,31.42851860753175,0,0,0,0,25.882309441496737,0,19.411732081122555,36.0503595792276,9.24368194339169,15.714259303765875,639.6627904827051,0,0,0,0,6.470577360374184,77.64692832449022,0,2.7731045830175076,0,132.1846517905012,0,0,0,2.7731045830175076,0,213.52905289234806,6.470577360374184,0,0,0.9243681943391692,0,94.28555582259526,0.9243681943391692,217.22652566970478,38.82346416224511,0,689.5786729770202,101.68050137730862,0,0,0.9243681943391692,0,0,143.27707012257122,0,0,132.1846517905012,0,56.38645985468932,2.7731045830175076,1041.7629550202437
1953,2.754213947339429,6.426499210458668,253.3876831552275,5.508427894678858,33.96863868385296,262.5683963130256,31.214424736513532,172.59740736660424,0,0,0,0,29.378282104953914,0,28.460210789174102,27.542139473394293,3.6722852631192393,13.771069736697147,698.6522713084353,0,0,0,0,15.607212368256766,96.39748815688003,0.9180713157798098,3.6722852631192393,0,151.48176710366863,0,0,0,4.5903565788990495,0.9180713157798098,224.92747236605342,10.098784473577908,1.8361426315596197,0,3.6722852631192393,0,98.23363078843964,4.5903565788990495,261.6503249972458,39.477066578531826,0,762.9172634130219,103.7420586831185,0,0,0,0,0,156.99019499834748,0,0,148.72755315632918,0,55.08427894678859,0,979.5820939370572
1954,0.9439127069528609,2.831738120858583,210.492533650488,4.719563534764305,55.6908497102188,295.4446772762455,38.7004209850673,128.3721281455891,0,0,0,0,34.92477015725586,0,35.868682864208715,20.766079552962943,7.551301655622887,13.214777897340053,760.793641804006,0,0,0,0,12.270865190387195,107.60604859262615,0,0.9439127069528609,0,163.29689830284494,0,0,0,4.719563534764305,0,271.846859602424,9.43912706952861,2.831738120858583,0,1.8878254139057218,0,94.39127069528611,4.719563534764305,252.0246927564139,40.58824639897303,0,827.8114439976591,96.27909610919183,0,0,1.8878254139057218,0,0,137.8112552151177,0,0,185.00689056276076,0,43.4199845198316,2.831738120858583,1116.6487323252345
1955,3.6845304987012026,9.211326246753009,254.232604410383,7.369060997402405,45.13549860908974,233.04655404285108,48.82002910779094,116.0627107090879,0,0,0,0,34.08190711298613,0,26.71284611558372,31.318509238960228,7.369060997402405,23.02831561688252,706.5087231259557,0,0,0,0,21.186050367531916,125.27403695584091,0,1.8422652493506013,0,153.82914832077523,0,0,0,3.6845304987012026,1.8422652493506013,228.44089091947458,27.633978740259025,4.605663123376504,0,1.8422652493506013,0,85.66533409480297,2.763397874025902,272.65525690388904,45.13549860908974,0,783.8838635986809,107.77251708701017,0,0,1.8422652493506013,0,0,154.75028094545053,0,0,227.5197582947993,0,27.633978740259025,0.9211326246753007,1152.3369134688012
1956,0.9344397099499141,3.7377588397996564,261.6431187859759,7.475517679599313,42.04978694774613,217.72445241832997,60.738581146744416,69.14853853629364,0,0,0,0,55.13194288704492,0,28.03319129849742,21.492113328848024,6.541077969649399,14.951035359198626,700.8297824624356,0,0,0,0,14.01659564924871,123.34604171338864,0,4.67219854974957,0,177.54354489048367,0,0,0.9344397099499141,2.803319129849742,0,204.6422964790312,57.000822306944755,1.8688794198998282,0,0.9344397099499141,0,94.37841070494132,0.9344397099499141,276.59415414517457,36.44314868804665,0,772.7816401285788,80.3618150556926,0,0,4.67219854974957,0,0,153.2481124317859,0,0,190.62570082978246,0,31.770950138297078,3.7377588397996564,1150.2952829483443
1957,3.586511131633925,8.069650046176331,270.7815904383613,11.656161177810255,52.90103919160039,223.26031794421183,59.17743367195976,25.105577921437476,0,0,0,0,57.3841781061428,0,31.38197240179684,19.725811223986586,4.483138914542406,18.829183441078104,641.9854925624726,0,0,0,0,21.51906678980355,103.11219503447535,0,0.8966277829084812,0,203.53450672022524,0,0,0,7.17302226326785,0.8966277829084812,199.9479955885913,89.66277829084812,1.7932555658169624,0,1.7932555658169624,0,109.3885895148347,0.8966277829084812,390.0330855651893,39.45162244797317,0,730.7516430704121,95.04254498829901,0,0,0.8966277829084812,0,0,149.73683974571637,0.8966277829084812,0,174.84241766715385,0,32.278600184705326,5.379766697450887,1095.679150714164
1958,0.9135006257479286,8.221505631731358,335.25472964948983,9.135006257479287,28.31851939818579,217.41314892800702,57.5505394221195,31.059021275429576,0,0,0,0,74.90705131133015,0,26.49151814668993,20.09701376645443,6.3945043802354995,16.443011263462715,545.3598735715134,0,0.9135006257479286,0,0,17.356511889210644,117.84158072148279,0,1.8270012514958571,0,253.03967333217622,0,0,0,6.3945043802354995,0,151.64110387415616,76.73405256282601,0.9135006257479286,0,0,0,97.74456695502836,1.8270012514958571,405.59427783208037,44.7615306616485,0,636.7099361463063,107.79307383825558,0,0,0.9135006257479286,0,0,147.0736007454165,0,0,191.835131407065,2.7405018772437857,24.664516895194073,5.481003754487571,983.8401739305192
1959,0.9090909090909091,3.6363636363636362,345.45454545454544,7.2727272727272725,31.81818181818182,199.0909090909091,63.63636363636364,28.18181818181818,0,0,0,0,65.45454545454545,0,25.454545454545457,27.272727272727273,2.7272727272727275,23.636363636363637,592.7272727272727,0,0,0,0,29.09090909090909,120.9090909090909,0,2.7272727272727275,0,200.9090909090909,0,0,1.8181818181818181,0.9090909090909091,1.8181818181818181,173.63636363636363,62.72727272727273,0.9090909090909091,0,0,0,104.54545454545453,1.8181818181818181,462.72727272727275,68.18181818181819,0,676.3636363636364,80.9090909090909,0,0,2.7272727272727275,0,0,153.63636363636363,0,0.9090909090909091,202.72727272727275,0.9090909090909091,28.18181818181818,10.90909090909091,1021.8181818181819
1960,1.7821817468945482,0.8910908734472741,391.1888934433534,8.019817861025468,37.42581668478551,213.86180962734582,78.41599686336012,27.623817076865496,0,0,0,0,77.52490598991285,0,28.51490795031277,24.950544456523673,11.584181354814564,11.584181354814564,576.5357951203864,0.8910908734472741,0,0,0,36.53472581133824,88.21799647128013,0.8910908734472741,3.5643634937890964,0,195.14890128495304,0,0,1.7821817468945482,8.910908734472741,0.8910908734472741,163.06962984085118,58.811997647520094,0.8910908734472741,0,3.5643634937890964,0,95.34672345885834,3.5643634937890964,497.228707383579,86.4358147243856,0,686.1399725544011,58.811997647520094,0,0,3.5643634937890964,0,0,171.08944770187665,0,0,176.43599294256026,0.8910908734472741,34.75254406444369,8.910908734472741,1053.269412414678
1961,0.8320852055250457,0,329.5057413879181,24.13047096022633,44.93260109835247,247.96139124646362,91.52937260775504,39.9400898652022,0,0,0,0,90.69728740222999,0,37.443834248627056,29.1229821933766,5.824596438675321,19.9700449326011,605.7580296222333,0,0,0,0,31.619237809951738,120.65235480113164,0,0,0.8320852055250457,215.51006823098683,0,0,0.8320852055250457,7.488766849725413,1.6641704110500914,129.80529206190715,54.91762356465303,3.328340822100183,0,0,0,106.50690630720585,4.1604260276252285,442.66932933932435,81.54435014145449,0,712.2649359294392,71.55932767515394,0,0,2.4962556165751373,0,0,158.0961890497587,0,0.8320852055250457,173.07372274920954,0.8320852055250457,46.596771509402565,15.809618904975869,1058.4123814278582
1962,1.5911658472162553,0.7955829236081277,409.7252056581857,23.867487708243832,48.53055834009579,222.76321861027574,89.1052874441103,160.7077505688418,0,0,0,0,89.1052874441103,0,45.348226645663274,21.480738937419446,12.729326777730043,23.071904784635702,517.9244832688911,0,3.1823316944325106,0,0,50.12172418731205,98.65228252740783,0,0.7955829236081277,0,267.3158623323309,0,0,3.1823316944325106,8.751412159689405,0,194.12223336038315,70.80688020112336,2.386748770824383,0,3.1823316944325106,0,104.22136299266472,3.1823316944325106,545.7698855951757,97.06111668019157,0,657.1514949003134,89.1052874441103,0,0,4.773497541648766,0,0,181.3929065826531,0,0,171.05032857574744,0,42.16589495123077,3.1823316944325106,1111.4293442805542
1963,1.4130281192595733,0.7065140596297866,546.135368093825,4.945598417408506,79.83608873816588,304.50755970043804,125.05298855447224,438.0387169704677,0,0,0,0,86.19471527483397,0,63.586265366680806,9.184682775187227,40.27130139889784,35.325702981489336,579.3415288964251,0.7065140596297866,0,0,0,80.54260279779568,137.7702416278084,0,3.532570298148933,0,495.2663558004804,0,0,4.945598417408506,4.945598417408506,2.11954217888936,264.94277236117,99.61848240779992,0.7065140596297866,0,5.652112477038293,1.4130281192595733,144.12886816447647,2.8260562385191466,676.1339550657058,168.1503461918892,0,718.524798643493,156.13960717818284,0,0,4.23908435777872,0,0,337.713720503038,0,0,316.5182987141444,2.11954217888936,36.73873110074891,12.71725307333616,1224.3888653384201
1964,0.6168650916044661,1.8505952748133985,826.5992227499845,6.785516007649127,92.52976374066992,344.82758620689657,132.6259946949602,571.2170748257356,0,0,0,2.4674603664178645,111.0357164888039,0,71.55635062611806,30.226389488618842,43.79742150391709,56.13472333600642,639.0722349022269,0,0.6168650916044661,0,0,100.54900993152796,187.52698784775768,0.6168650916044661,4.318055641231262,0,629.2023934365554,0,0,17.889087656529515,6.168650916044661,0.6168650916044661,313.3674665350688,99.93214483992351,2.4674603664178645,0,9.869841465671458,0,137.56091542779595,9.869841465671458,771.0813645055825,200.4811547714515,0,796.9896983529703,212.81845660354082,0,0,9.252976374066991,0,0,372.58651532909755,0.6168650916044661,3.0843254580223305,407.74782555055214,0.6168650916044661,44.41428659552156,9.252976374066991,1334.8960582320647
1965,1.6974374352851977,1.6974374352851977,531.297917244267,9.052999654854387,75.8188721094055,272.1558021240601,113.72830816410826,413.60892173115985,0,0,0,0.5658124784283992,105.80693346611066,0,80.91118441526109,37.90943605470275,27.724811442991566,52.05474801541273,412.47729677430306,0,0.5658124784283992,0,0,62.80518510555232,132.40011995224543,0,3.960687348998795,0,476.41410683671216,0,0,16.974374352851978,7.355562219569191,1.1316249568567984,295.35411373962444,55.44962288598313,0.5658124784283992,0,15.84274939599518,0.5658124784283992,148.24286934824062,6.789749741140791,553.9304163814029,183.88905548922978,0,585.6159151733932,135.22918234438743,0,0,7.92137469799759,0,0,288.5643639984836,1.6974374352851977,6.223937262712393,268.19511477506126,1.1316249568567984,50.92312305855593,5.658124784283992,978.8555876811307
1966,2.2199406165885063,0.5549851541471266,487.2769653411772,5.5498515414712655,112.10700113771956,259.17806698670813,127.64658545383911,403.47420706496104,0,0,0,1.1099703082942531,149.29100646557703,0,56.60848572300691,48.28370841080001,38.84896079029886,70.48311457668507,380.16483059078166,0,0.5549851541471266,0,0,97.67738712989427,190.91489302661154,0,1.1099703082942531,0,548.325332297361,0,0,0,6.659821849765519,1.1099703082942531,307.4617753975081,77.14293642645059,0,0,17.204539778560925,0,132.08646668701613,5.5498515414712655,619.3634320281933,228.098898354469,0,664.8722146682576,146.5160806948414,0,0,8.324777312206898,0,0,310.7916863223909,0,2.2199406165885063,264.17293337403225,1.1099703082942531,37.184005327857484,3.884896079029886,833.0327163748369
1967,1.0412490823992462,1.5618736235988693,569.5632480723876,9.371241741593215,124.42926534670991,262.91539330580963,187.4248348318643,529.4751584000167,0,0,0,0.5206245411996231,155.14611327748767,0,55.70682590835967,34.88184426037475,51.021205037563064,91.62991925113366,393.0715286057154,0,0.5206245411996231,0,0,135.8830052531016,237.40479078702813,0.5206245411996231,3.6443717883973616,0,663.7962900295195,0,0,0,8.850617200393593,3.1237472471977386,426.9121237836909,92.15054379233328,1.5618736235988693,0,19.263108024386053,0,110.8930272755197,10.412490823992462,700.2400079134931,289.4672449069904,0,727.8331085970731,157.7492359834858,0,0,14.577487153589447,0,0,369.1227997105328,0,4.685620870796607,281.6578767889961,2.6031227059981155,51.54182957876268,6.768119035595101,831.4373922957981
1968,0.48040661615991775,1.921626464639671,638.9407994926906,7.686505858558684,122.02328050461911,266.14526535259444,176.7896347468497,582.2528187858203,0,0,0,0,165.74028257517162,0.48040661615991775,77.82587181790667,44.19740868671243,61.49204686846947,141.71995176717573,465.99441767512025,0,0,0,1.4412198484797532,142.68076499949555,237.8012749991593,0,0.9608132323198355,0,689.383494189482,0,0,0.48040661615991775,4.32365954543926,0.9608132323198355,414.590909746009,122.50368712077902,1.921626464639671,0.48040661615991775,24.981144040315726,0.48040661615991775,119.62124742381953,9.127725707038438,783.062784340666,266.14526535259444,0,802.7594556032226,155.17133701965344,0,0,12.97097863631778,0,0,365.1090282815375,0,3.362846313119424,318.02917989786556,1.4412198484797532,42.27578222207276,3.843252929279342,878.1832943403297
1969,0.46436896900801505,1.3931069070240452,606.4658735244676,7.894272473136255,123.98651472514,287.4443918159613,175.9958392540377,586.033638888115,0,0,0,0.9287379380160301,207.57292914658274,0.46436896900801505,68.72660741318622,47.83000380782555,59.43922803302593,144.88311833050068,487.58741745841576,0,1.8574758760320602,0,4.179320721072135,142.0969045164526,269.7983709936567,0,3.2505827830561054,0,753.6708367000084,0,0,0.9287379380160301,4.64368969008015,0.9287379380160301,479.69314498527945,84.51515235945874,0.46436896900801505,0.9287379380160301,36.22077958262517,0,126.30835957018007,14.859807008256482,758.3145263900885,292.0880815060414,0,895.3033722474529,188.5338014172541,0,0,16.252913915280526,0,0,397.4998374708608,0,5.572427628096181,325.5226472746185,0.46436896900801505,17.64602082230457,6.9655345351202245,849.7952132846674
1970,0.45573450730542414,0.45573450730542414,648.0544693883131,10.937628175330179,130.34006908935132,282.55539452936296,186.8511479952239,585.1631073801645,0,0,0,0.45573450730542414,204.16905927283003,0,74.74045919808957,48.76359228168039,52.40946834012377,175.00205080528286,487.1801883094985,0.45573450730542414,1.3672035219162724,0.9114690146108483,17.317911277606118,141.27769726468148,289.3914121389443,0.9114690146108483,2.7344070438325447,0,748.7717955028119,0,0,0.9114690146108483,7.291752116886786,1.3672035219162724,442.5182065935668,111.65495428982891,0,0,60.61268947162141,0.45573450730542414,134.44167965510013,9.570424653413907,755.6078131123933,256.5785276129538,0,871.364377967971,173.6348472833666,0,0,32.35715001868511,0,0,396.94475586302445,0.45573450730542414,5.4688140876650895,353.64997766900916,1.8229380292216966,29.167008467547145,9.570424653413907,832.6269448470099
1971,0.4471112144434807,0.8942224288869614,617.9076983608903,15.648892505521824,145.31114469413123,284.8098436004972,228.02671936617514,623.2730329342121,0,0,0,0.4471112144434807,225.34405207951426,0,84.05690831537437,68.40801580985254,59.912902735426414,203.88271378622719,535.1921236888463,0.4471112144434807,2.2355560722174035,0.8942224288869614,19.67289343551315,157.3831474841052,327.28540897262786,1.7884448577739227,6.259557002208729,0,832.0739700793176,0,0,0,6.259557002208729,0.4471112144434807,484.22144524228963,105.96535782310492,0,0.4471112144434807,232.49783151060993,0.8942224288869614,118.0373606130789,7.600890645539171,841.4633055826307,273.18495202496666,0,985.4331166334314,171.24359513185308,0,0,59.01868030653945,0,0,430.12098829462843,0,7.153779431095691,415.81342943243703,1.341333643330442,44.711121444348066,8.048001859982651,872.7610905936742
1972,1.7553945468668404,1.31654591015013,623.1650641377283,15.798550921801562,154.47472012428193,247.51063110822446,297.5393756939294,608.6830591260768,0,0,0,0.4388486367167101,294.4674352369124,0,81.18699779259136,73.28772233169059,64.51074959735638,226.00704790910567,615.2657886768275,1.7553945468668404,2.63309182030026,0.4388486367167101,24.575523656135765,181.68333560071795,340.10769345545026,0.4388486367167101,7.899275460900781,0.4388486367167101,879.0138193435703,0,0,0.4388486367167101,7.0215781874673615,0.4388486367167101,467.3737981032962,106.64021872216054,0.8776972734334202,1.31654591015013,391.01413531458866,2.63309182030026,140.87041238606392,12.72661046478459,940.0137798471928,330.8918720843994,0,1094.049651334758,194.84879470221924,0,0,80.74814915587464,0,0,429.1939667089424,0.4388486367167101,7.0215781874673615,462.54646309941234,3.0719404570169706,54.417230952872046,13.604307738218012,837.3231988554828
1973,0,1.2979933023545598,607.8935299360522,16.008584062372904,168.7391293060928,276.47257340152123,311.95105699921254,611.7875098431159,0,0,0,0,318.44102351098536,0,85.66755795540095,97.34949767659198,76.14894040480084,221.95685470262976,643.3720135337435,0.43266443411818667,2.5959866047091196,0,39.80512793887317,199.8909685626022,338.7762519145401,0.43266443411818667,5.624637643536426,0,893.0193920199371,0,0,1.2979933023545598,5.191973209418239,0,473.3348909252961,92.15752446717376,2.5959866047091196,0,410.16588354404087,7.787959814127359,153.16320967783807,20.767892837672957,946.237117416474,297.6731306733124,0,1180.7412407085312,196.86231752377492,0,0,80.47558474598272,0,0,436.1257495911321,0.43266443411818667,6.489966511772798,598.3749123854521,1.7306577364727467,29.42118152003669,11.68193972119104,850.1856130422368
1974,0,2.5519969376036746,601.8459444515332,20.841308323763347,181.61711539279486,272.6383395006593,353.026243035175,655.4378801412105,0,0.4253328229339458,0,1.2759984688018373,315.17162179405386,0.4253328229339458,85.91723023265705,101.65454468121305,80.81323635744971,236.05971672833994,671.1751945897665,0.4253328229339458,2.9773297605376206,0,42.533282293394585,196.92909701841688,347.9222491599677,0.4253328229339458,3.8279954064055124,0.4253328229339458,885.1176045255413,0,0,0,10.633320573348646,0.8506656458678916,467.44077240440646,91.44655693079835,1.2759984688018373,0.4253328229339458,484.4540853217643,6.379992344009187,158.6491429543618,16.16264727148994,945.9401982050955,285.8236570116116,0,1219.8545361745566,226.70239462379314,0,0,71.03058142996895,0,0,462.76211135213305,2.126664114669729,9.357322104546808,530.3900301986305,2.5519969376036746,29.34796478244226,13.610650333886266,831.951001658798
1975,2.4077819512664935,2.8090789431442422,534.1262961892837,72.2334585379948,148.07859000288934,271.67806350123595,379.6269543163504,518.0744165141738,0,0.40129699187774887,0,1.6051879675109955,945.4557128639765,0.40129699187774887,90.2918231724935,119.58650357956917,96.71257504253748,211.88481171145142,619.6025554592443,2.4077819512664935,3.61167292689974,0,67.41789463546182,191.01736813380847,327.8596423641208,4.012969918777489,12.841503740087964,0.8025939837554977,872.8209573341038,0,0,2.0064849593887444,20.86744357764294,0,449.8539278949565,72.63475552987255,5.216860894410735,12.440206748210215,342.3063340717198,12.038909756332467,153.29545089730007,14.04539471572121,902.5169347330572,273.68454846062474,0,1146.9068027866062,193.0238530931972,0,0,80.25939837554978,0,0,442.22928504927927,20.86744357764294,15.650582683232207,504.8316157822081,5.216860894410735,22.071334553276188,27.288195447686924,840.3159009920062
1976,2.7453671928620453,0.7843906265320129,460.8294930875576,63.53564074909304,125.89469555838808,213.35425041670752,361.21188351799196,490.24414158250806,0,0.39219531326600643,0,3.1375625061280514,918.5214236689872,0,95.30346112363958,139.62153152269832,79.2234532797333,240.02353171879597,565.5456417295813,2.7453671928620453,5.098539072458085,0,60.79027355623101,176.48789096970293,318.4625943719972,3.1375625061280514,13.726835964310226,0.7843906265320129,808.3145406412393,0.39219531326600643,0,3.529757819394058,20.00196097656633,0,474.94852436513384,58.82929698990097,3.921953132660065,10.19707814491617,351.4070006863418,13.726835964310226,164.3298362584567,17.256593783704286,906.3633689577409,251.00500049024416,0,1069.5166192763998,208.64790665751542,0,0,79.2234532797333,0,0,444.74948524365135,23.531718795960387,19.21757035003432,509.8539072458084,3.1375625061280514,29.80684380821649,34.51318756740857,933.8170408863615
1977,1.1441996704704949,1.9069994507841581,487.81045951058763,74.37297858058217,148.3645572710075,200.2349423323366,369.9578934521267,501.92225544639047,0,0.7627997803136632,0.3813998901568316,2.2883993409409897,814.6701653749923,0,84.67077561481662,148.74595716116434,83.52657594434613,227.31433453347165,508.4060535790566,0.3813998901568316,1.9069994507841581,0.3813998901568316,64.07518154634772,194.89534387014098,343.6413010313053,5.339598462195643,13.34899615548911,0.7627997803136632,807.4235674620127,0.7627997803136632,0,4.195398791725148,14.874595716116433,1.1441996704704949,431.74467565753343,49.58198572038811,1.9069994507841581,7.246597912979801,347.45529993287363,11.060596814548116,180.40214804418136,16.400195276743762,903.917739671691,262.784524318057,0,990.4955147372917,261.6403246475865,0,0,80.09397693293464,0,0,461.4938670897663,23.64679318972356,23.64679318972356,494.2942576432538,6.102398242509306,25.935192530664548,28.604991761762374,853.1915542808324
1978,1.8343911655721465,1.1006346993432878,497.12000587005167,70.80749899108486,151.88758850937376,180.50409069229923,359.5406684521407,460.06530432549437,0,1.1006346993432878,0,4.769417030487581,835.3817368015555,0.7337564662288586,92.82019297795063,112.6316175661298,70.073742524856,212.78937520636902,465.2015995890964,2.568147631801005,5.13629526360201,0,79.97945481894558,184.17287302344351,325.42099277249883,5.870051729830869,13.574494625233886,1.1006346993432878,763.4736031111274,1.1006346993432878,0,3.668782331144293,12.106981692776168,1.4675129324577172,416.7736728179917,46.226657372418096,2.568147631801005,6.6038081960597275,327.25538393807096,5.870051729830869,187.8416553545878,13.941372858348315,854.459404923506,239.93836445683675,0,957.919066661775,227.83138276406058,0,0,94.28770591040833,0,0.7337564662288586,416.4067945848773,26.048354551124483,13.574494625233886,501.5225446674249,6.970686429174157,22.01269398686576,34.48655391275636,826.2097809736949
1979,2.126890273730778,1.4179268491538521,483.1585738491751,71.959787594558,179.36774641796228,190.71116121119312,413.3256765283479,500.1736960390213,0,0.7089634245769261,0,4.253780547461556,858.9091888749459,0.35448171228846304,114.1431113568851,116.97896505519279,88.62042807211576,240.33860093157796,456.5724454275404,1.063445136865389,6.735152533480798,0.35448171228846304,72.31426930684646,222.26003360486632,315.8432056490206,4.962743972038482,12.052378217807743,2.126890273730778,766.0349802553686,1.4179268491538521,0,4.253780547461556,17.015122189846224,0.35448171228846304,450.54625631863655,38.28402492715401,4.962743972038482,8.507561094923112,305.9177177049436,6.380670821192334,168.37881333701995,13.82478677925006,851.1105912045997,258.0626865460011,0,945.7572083856194,240.33860093157796,0,0,97.12798916703888,0,0.7089634245769261,410.13534111775175,21.623384449596244,18.078567326711614,536.685312404733,7.7985976703461874,26.58612842163473,30.83990896909628,795.8114440875996
1980,2.494156547517245,1.4252323128669973,462.8441936035574,84.08870645915285,189.91220568952738,201.31406419246338,434.69585542443417,452.86756741348836,0,1.4252323128669973,0,3.206772703950744,1022.6041844820707,0.7126161564334986,102.6167265264238,107.96134769967506,99.76626190068981,245.85257396955706,515.2214811014195,0.3563080782167493,5.700929251467989,0,80.1693175987686,240.15164471808907,329.9412804287099,11.401858502935978,13.183398894019724,0.7126161564334986,849.4384584687305,0.3563080782167493,0,10.68924234650248,21.02217661478821,0.3563080782167493,467.1198905421584,34.91819166524144,2.494156547517245,6.413545407901488,336.3548258366114,7.1261615643349865,185.28020067270964,14.96493928510347,950.986260760504,270.43783136651274,0,1011.5586340573514,275.782452539764,0,0,107.96134769967506,0,1.068924234650248,459.99372897782337,24.941565475172453,24.941565475172453,589.6898694487202,9.620318111852232,18.884328145487714,32.42403511772419,717.9607776067498
1981,2.820486604451433,1.4102433022257166,428.008842225505,79.67874657575298,199.9019880904953,196.37637983493102,418.8422607610378,458.68163404891425,0,1.4102433022257166,0,5.2884123833464365,1145.4701222328383,1.4102433022257166,95.19142290023586,112.46690335250089,90.96069299355872,229.51709743723538,481.59808771008215,2.1153649533385748,2.820486604451433,0,109.64641674804946,280.6384171429176,354.32362968421126,22.563892835611465,19.74340623116003,1.4102433022257166,879.6392597632906,3.1730474300078617,0,17.980602103377883,15.86523715003931,0,455.50858661890646,32.08303512563505,3.87816908112072,8.108898987797868,340.57375748751053,8.461459813354299,182.27394681267387,19.038284580047172,919.8311938767237,262.65781503953974,0.35256082555642915,970.5999527568493,250.67074697062108,0,0,88.84532804022014,0,1.7628041277821458,435.06005873663355,24.67925778895004,23.269014486724323,626.853147839331,9.871703115580015,16.57035880115217,36.3137650323122,695.6025088228347
1982,0.33809712177920226,3.380971217792023,474.68835897800005,95.00529121995585,223.1441003742735,206.91543852887182,438.85006406940454,515.2600135915044,0,1.352388487116809,0,7.100039557363248,1222.8972894753747,1.0142913653376069,96.35767970707265,128.13880915431767,107.85298184756553,227.20126583562393,502.7504200856738,3.380971217792023,4.39526258312963,0,103.45771926443591,295.49688443502276,366.1591828868761,32.79542081258263,21.976312915648148,2.366679852454416,895.2811784713276,2.0285827306752138,0,39.89546036994587,16.56675896718091,0.33809712177920226,503.4266143292322,32.79542081258263,5.747651070246439,7.776233800921653,344.52096709300713,4.733359704908832,199.13920472795013,22.652507159206554,935.8528330848319,248.16328738593447,0,1004.8246459277892,250.19187011660972,0,0,85.20047468835898,0,1.0142913653376069,451.02156045345583,26.37157549877778,22.990604280985757,734.3469485044274,11.157205018713677,20.62392442853134,42.26214022240029,779.9900599446197
1983,0.9692051225721412,3.2306837419071375,454.5572024863342,115.3354095860848,210.31751159815465,199.97932362405177,461.01856997014846,516.9093987051419,0,1.9384102451442824,0,7.75364098057713,1435.392786529341,0,88.52073452825556,141.5039478955326,112.75086259255909,214.8404688368246,493.9715441376013,1.2922734967628549,3.553752116097851,0,120.82757194732693,317.2531434552809,367.0056730806508,43.61423051574635,22.61478619334996,0.9692051225721412,931.4061227918277,5.492162361242133,0,73.33652094129202,18.414897328870683,2.261478619334996,500.1098432472249,26.814675057829238,4.846025612860706,7.75364098057713,350.2061176227337,7.107504232195702,196.74863988214463,22.937854567540676,893.6071230115141,240.03980202370028,0,981.1586524171976,233.90150291407673,0,0,82.05936704444129,0,0.3230683741907137,466.5107323313906,23.26092294173139,18.414897328870683,720.1194060711009,13.89194009020069,17.768760580489253,56.213897109184195,774.3948929351408
1984,1.2568656284956574,2.8279476641152295,469.12509583600416,118.14536907859181,238.80446941417495,197.95633648806606,482.9506177494564,545.1654663599915,0,1.5710820356195718,0,11.626007063584833,1571.7104684338196,0.31421640712391435,96.1502205799178,156.16555434058546,102.12033231527217,216.1808881012531,475.72364038560636,2.8279476641152295,6.912760956726116,0,134.79883865615926,339.35371969382754,358.8351369355102,54.04522202531327,25.13731256991315,3.1421640712391437,984.4400035192238,6.912760956726116,0,166.84891218279853,15.710820356195718,0.31421640712391435,506.20263187662607,31.421640712391437,9.740708620841346,7.855410178097859,427.6485300956475,4.7132461068587155,211.15342558727045,25.13731256991315,897.0878423387755,260.485401505725,0,1004.2356371680304,263.6275655769642,0,0,90.18010884456343,0,0.9426492213717431,452.7858426655606,26.079961791284894,20.73828287017835,751.6056458404032,16.33925317044355,14.768171134823977,49.017759511330645,802.5087037944772
1985,0.89453172754949,4.174481395230953,486.92343702943907,121.95449218924713,231.3855401928014,201.26963869863522,510.4794391882422,542.9807586225404,0,3.2799496676814637,0,11.330735215626872,1543.0672300228703,1.1927089700659868,98.10031278792741,184.57171311771143,106.44927557838932,228.70194501015294,501.53412191274737,3.2799496676814637,8.9453172754949,0,138.95059501268744,352.14732341198254,382.5614021486652,59.63544850329933,33.99220564688062,3.2799496676814637,938.6619594419315,8.348962790461906,0,285.6537983308038,13.119798670725855,0.2981772425164967,486.6252597869225,29.817724251649665,9.243494518011396,6.26172209284643,401.34656842720455,3.2799496676814637,185.16806760274443,26.835951826484695,900.7934496423364,253.74883338153865,0,1026.9224232268145,262.395973414517,0,0,96.31124933282841,0,1.78906345509898,440.1096099543491,31.01043322171565,15.207039368341329,757.668373234418,11.927089700659867,18.48698903602279,46.51564983257348,825.9509617706957
1986,0.8577874231208023,4.574866256644278,486.9373271915754,122.66360150627472,213.58906835707973,181.27907541952953,500.9478551025485,502.3775008077498,0,4.574866256644278,0,18.299465026577113,1610.352922338786,0.8577874231208023,86.9224588762413,179.56350057328794,111.22643586466401,219.87950945996562,489.796618601978,4.003007974563744,11.723094782650964,0,129.8118300322814,396.5837186228509,343.9727566714417,71.19635611902659,35.16928434795289,2.5733622693624065,924.6948421242247,6.57637024392615,0,419.17212076503205,13.438669628892567,0.5718582820805348,518.6754618470451,26.877339257785135,11.437165641610695,21.444685578020056,384.2887655581194,4.288937115604011,191.28659535593889,22.302473001140857,872.9416675959363,253.04728982063668,0.8577874231208023,991.8881902686876,270.48896742409295,0,0,93.49882912016744,0,2.5733622693624065,460.9177753569111,53.75467851557027,16.012031898254975,781.7302716040911,12.294953064731498,16.012031898254975,52.896891092449465,785.4473504376145
1987,2.445698695355618,3.804420192775406,475.82426839640976,118.75225887448946,186.9600780449628,171.7423972738612,434.79087917433213,439.1387879660754,0,4.619653091227279,0,25.000475552524097,1643.7812675784594,1.902210096387703,78.26235825137978,164.13355688831035,105.7085324992595,195.92763992793343,435.0626234738161,1.902210096387703,14.402447872649752,0,128.53505365591195,382.8877179728962,334.2454883652678,73.09921656118459,37.50071332878615,4.891397390711236,864.962105257437,3.804420192775406,0,608.435486544581,18.750356664393074,0.8152328984518727,475.0090354979578,16.304657969037457,8.424073284002684,19.29384526336099,418.21447690581067,4.619653091227279,208.69962200367942,25.272219852008057,846.7552371920118,220.65637118097357,1.0869771979358303,873.9296671404076,222.8303255768452,0,0,84.78422143899476,0,1.0869771979358303,439.1387879660754,105.98027679874346,41.03338922207759,705.1764571608699,11.413260578326218,23.913498354588267,57.60979149059901,766.0471802452764
1988,2.842061476373426,6.975969078371137,514.671496448715,137.71079699154873,183.95888828889815,155.53827352516387,437.9358365866325,434.06029820975965,0,5.425753727621995,0,42.630922145601396,1687.6677785155655,0.5167384502497139,80.86956746408022,172.07390393315472,97.40519787207106,201.01125714713868,391.1710068390334,3.100430701498283,15.24378428236656,0,130.47645868805273,403.5727296450266,336.65510033768857,90.68759801882479,34.10473771648111,2.325323026123712,805.8536131644287,6.459230628121424,0,774.5909369243211,19.119322659239415,0.7751076753745707,467.1315590257413,13.951938156742274,7.492707528620851,23.76996871148684,433.54355975950995,3.3587999266231403,185.50910363964726,22.73649181098741,889.5652421048825,210.57091847675838,1.0334769004994278,795.0021057091849,213.67134917825666,0,0,77.76913676258194,0,2.0669538009988555,432.5100828590105,118.59147433230933,83.71162894045364,671.2432468743783,11.10987668036885,19.377691884364268,64.07556783096452,790.868198107187
1989,1.9860628042710282,4.716899160143691,528.7892216371612,168.07056481143576,183.46255154453624,166.58101770823248,453.81535077592997,456.04967143073486,0,4.220383459075935,0,102.28223441995794,1819.233528712262,2.2343206548049066,90.61411544486565,179.49042593599415,109.97822778650817,194.8824126690946,388.77179393605377,3.4756099074742988,22.591464398582943,0,149.45122602139486,479.1376515303855,357.9878204698528,99.79965591461915,49.899827957309576,3.2273520569404206,818.0096175091297,10.923345423490654,0.24825785053387853,965.2265228757195,27.06010570819276,0.7447735516016355,508.92859359445094,13.157666078295561,8.44076691815187,23.087980099650704,417.0731888969159,2.2343206548049066,194.137639117493,24.329269352320093,977.6394154024136,201.33711678297547,2.7308363558726634,786.4808704913271,218.46690846981312,0,0,62.06446263346963,0,0.7447735516016355,466.72475900369164,162.8571499502243,89.1245683416624,671.5374856941413,15.391986733100468,26.067074306057243,66.28484609254556,817.264843957528
1990,0.9734870793927388,11.92521672256105,568.5164543653594,182.7721991559867,191.04683933082498,177.904763759023,496.7217822601449,473.60146412456737,0,5.354178936660063,0,244.10188515772924,1894.4058564982695,0.9734870793927388,90.29092661367652,211.97681153776884,108.3004375824422,187.3962627831022,394.74901069375557,3.4072047778745858,33.585304239049485,0,146.99654898830354,539.3118419835772,365.5443983119734,130.93401217832337,46.97075158069964,2.4337176984818467,777.0860611252538,6.3276660160528015,0,1092.0091313088046,24.82392052451484,0.7301153095445541,526.6565099514717,16.305908579828376,7.7878966351419106,27.50100999284487,454.13172253671263,4.624063627115509,175.95778960023753,26.527522913452128,1063.291262466719,216.84424693473258,8.031268404990096,806.0473017371877,228.7694636572936,0,0,75.20187688308907,0,1.4602306190891081,470.6810028863892,190.8034675609768,102.45951510608575,714.7828880441184,20.19985689739933,22.390202826032993,71.30792856551813,881.0058068504286
1991,1.2100414076169688,11.858405794646293,666.4908073154264,199.17281569375305,189.2504761512939,185.1363353653962,507.73337463608004,484.74258789135763,0,9.438322979412355,0,492.4868529001062,1978.6597097352671,2.662091096757331,79.86273290271994,209.579171799259,111.08180121923773,188.7664595882471,372.6927535460263,5.566190475038056,50.57973083838929,0,158.2734161162995,567.5094201723582,392.2954243494212,135.2826293715771,48.401656304678745,3.6301242228509056,784.348840417319,4.840165630467875,0,1298.3744303730075,26.136894404526526,0.4840165630467875,534.11227732213,12.34242235769308,8.954306416365569,22.02275361862883,489.0987369587787,5.324182193514662,184.8943270838728,31.21906831651779,1076.936852779102,236.4420910483557,9.438322979412355,783.8648238542722,228.45581775808367,0,0,78.89469977662635,0,0.968033126093575,471.6741406890944,223.13163556456902,97.04532089088089,684.6414284296809,16.940579706637564,27.346935812143492,73.32850930158831,878.7320702114426
1992,1.435307119840968,18.89821041123941,686.0768032839827,210.99014661662227,177.26042930035953,194.24489688514433,526.5184951283284,518.6243059692031,0,12.439328371955055,0,755.9284164495765,2107.2700697798477,0.956871413227312,83.00859509746931,251.1787459721694,133.48356214521002,172.47607223422298,369.1131476524356,5.262792772750216,71.04770243212792,0,169.36624014123421,596.3701082939222,401.1683399955506,155.01316894282454,59.804463326707,3.1098320929887637,724.1124419597684,9.090278425659463,0.239217853306828,1421.432484349172,27.031617423671566,0.478435706613656,539.1970413535903,12.200110518648227,7.415753452511668,20.33351753108038,489.2005100124632,1.1960892665341398,188.02523269916682,29.9022316633535,1092.7471539055903,229.8883570278617,13.156981931875539,784.8737766997026,225.5824356683388,0,0,83.48703080408298,0,0.717653559920484,480.8278851467243,262.4219850775903,104.05976618847019,675.7904355917891,19.137428264546237,27.27083527697839,76.07127735157131,954.7184525475506
1993,0.7016460616606559,19.646089726498364,736.0267186820281,243.4711833962476,186.40397038118093,186.63785240173445,576.7530626850591,510.0966868272968,0,12.161865068784703,0,1007.3298625241483,2130.899089263412,1.8710561644284156,76.4794207210115,255.86693048558584,140.7969763732383,165.58847055191478,366.25924418686236,7.016460616606558,101.97256096134866,0,173.07269520962845,657.6762417965881,442.0370188462132,159.03977397641532,61.744853426137716,5.379286472731695,675.4512753586581,8.185870719374318,0,1556.2509647633349,22.920438014248095,0.4677640411071039,592.8909221032543,15.436213356534429,8.887516781034973,16.371741438748636,496.76541165574434,3.0404662671961757,188.27502654560934,33.44512893915793,1049.8963902648948,237.62413288240882,26.896432363658477,810.8689652591646,228.9704981219274,0,0.9355280822142078,82.56035325540385,0,2.1049381849819677,513.6049171356002,310.82920531567055,104.07749914633061,673.1124551531226,22.218791952587438,41.63099965853225,80.22153304986833,985.1110705715608
1994,1.5970723382507952,29.65991485322905,736.0221947424378,261.00725070841565,180.69732741351854,209.90093588439024,563.538382211352,530.6843226816213,0,24.18423826494061,0,1297.0508918508244,2213.7704140067804,2.053378720608165,80.30992329489712,296.59914853229054,120.23673175116701,163.81399126629586,318.2737016942656,7.529055308896606,115.21736154523593,0,164.7266040310106,683.5469607713403,432.80660366596544,184.80408485473487,74.14978713307264,5.47567658828844,607.3437949176595,10.03874041186214,0.22815319117868504,1670.5376658103316,35.820051015053544,0.4563063823573701,536.8444588434459,13.461038279542416,10.03874041186214,15.058110617793211,563.0820758289947,1.36891914707211,219.0270635315376,42.892799941592784,1014.5972411716123,243.2113017964782,31.713293573837216,730.5465181541495,231.1191826640079,0,0.9126127647147402,83.04776158904134,0,0.684459573536055,482.08769296056147,355.0063654740339,99.47479135390667,663.9257863299733,27.3783829414422,34.45113186798144,79.85361691253976,1037.868866671838
1995,1.113075070235037,34.06009714919213,785.608384571889,267.8058618985499,173.19448092857175,203.47012283896473,558.7636852579885,577.6859614519842,0,26.936416699687896,0,1537.824517036727,2201.2172588968087,1.3356900842820443,79.91879004287566,371.0992284163613,121.10256764157202,145.59021918674281,301.64334403369503,11.130750702350369,137.13084865295656,0,177.8693962235589,666.731967070787,428.7565170545363,213.4877984710801,88.60077559070893,5.342760337128177,591.4880923228986,12.911670814726428,0.4452300280940148,1779.139192263683,31.166101966581035,0.6678450421410221,591.0428622948046,12.911670814726428,10.462905660209348,18.477046165901612,604.177148123578,2.6713801685640886,223.72808911724243,48.75268807629462,1070.7782175661057,249.32881573264828,36.731477317756216,711.7001999082827,224.8411641874775,0,7.791525491645259,83.25801525358077,0,1.5583050983290516,465.0427643441984,379.33598393610055,97.28276113854223,660.9439767055649,25.823341629452855,32.27917703681607,84.5937053378628,1087.029113591537
1996,0.21799125419088186,54.49781354772046,820.955063282861,320.0111611522146,168.94322199793345,200.98793636399307,534.7325465302332,585.7425000108996,0,27.90288053643288,0,1766.8191152170973,2228.742582847576,1.743930033527055,70.19318384946396,444.04818478682637,120.54916356755768,158.47964179677112,285.35055173586437,13.733449014025558,166.54531820183374,0,180.93274097843195,689.9423195141411,448.84399237902574,204.03981392266542,103.10986323228713,9.809606438589682,551.517873102931,16.567335318507023,0.4359825083817637,1948.1878387039114,32.91667938282316,0.8719650167635274,592.5002288908169,14.387422776598202,11.335545217925857,16.349344064316142,731.3606578104086,1.3079475251452912,233.68662449262538,51.663927243238994,1006.9016031076834,244.36819594797856,41.636329550458434,652.0118412849276,233.25064198424357,0,20.273186639752012,102.23789821552359,0,1.3079475251452912,455.819712513134,344.8621641299751,97.87807313170595,666.181272807335,36.84052195825904,31.826723111868752,81.09274655900805,1109.7934750857796
1997,1.313278117284491,65.2261464917964,877.9264214046822,328.53840900733684,167.44295995377263,226.7593549177888,577.1857325465338,664.2998476597384,0,29.767637325115132,0,1971.4493337302351,2280.0696912920903,2.626556234568982,73.10581519550334,491.3848955506137,142.92843509779544,140.0829991770124,275.35064525731497,15.540457721199811,169.41287712969935,0.21887968621408183,183.85893641982875,735.2168659931009,452.8620707769353,229.8236705247859,120.16494773153094,8.098548389921028,537.3496296555709,21.012449876551855,0.43775937242816365,2136.046857763225,38.5228247736784,0.43775937242816365,604.7645730095081,17.291495210912466,15.759337407413893,20.35581081790961,715.0799348614054,1.313278117284491,255.87035318426166,61.72407151237108,1061.785357824511,253.2437969496927,53.40664343623597,659.9222539354568,235.29566268013798,0,33.26971230454044,90.61619009262988,0,0.8755187448563273,473.87452065348714,333.13488241783256,98.05809942390867,676.557110087727,40.71162163581922,33.70747167696861,96.5259416204101,1186.5467789665377
1998,0.8425913053003206,66.56471311872532,906.4175966768199,328.8212568934501,171.8886262812654,227.92094808373673,574.8579180411438,720.8368616844243,0.21064782632508014,28.85875220653598,0,2079.9366371338415,2198.7420111811866,1.8958304369257213,64.66888268179962,544.5246310503322,147.03218277490595,145.1363523379802,251.93480028479587,20.011543500882613,181.78907411854416,0,179.47194802896828,743.3761791012079,450.57570050934646,233.3977915681888,136.28914363232684,11.164334795229248,492.07332229538724,20.432839153532775,0.8425913053003206,2253.0891503730572,35.81013047526363,1.0532391316254008,636.1564355017421,18.115713063956893,17.273121758656572,20.432839153532775,775.1840008762949,2.527773915900962,277.0018916174804,58.98139137102245,1027.3294489874158,253.83063072172158,54.1364913655456,637.6309702860176,228.34224373638688,0,45.71057831254239,96.05540880423655,0.21064782632508014,1.8958304369257213,453.1034744252474,375.5850743376179,103.21743489928929,666.4897224925536,52.451308754944954,39.39114352278999,103.0067870729642,1224.2851666013657
1999,7.491137174869461,109.1276469528281,952.9941265435285,343.98492054333013,153.66954366826815,219.4700729069864,570.946130625186,711.0506421119338,0.20246316688836385,33.0014962028033,0,2092.051903457463,2138.4159686748985,1.0123158344418193,62.35865540161606,575.40032029673,149.01289082983578,158.5286596735889,231.8203260871766,21.66355885705493,189.30306104062018,0,174.72571302465798,739.1930223094164,426.18496630000584,305.92184516831776,148.00057499539395,10.528084678194919,466.27267334390194,18.01922185306438,2.0246316688836385,2365.174715589866,41.70741237900295,0.4049263337767277,643.2254812043319,19.63892718817129,18.829074520617837,15.994590184180744,914.7285880016278,1.4172421682185468,306.12430833520614,67.21777140693679,1043.4951621426274,267.656306626417,50.21086538831423,593.0146158160177,245.7902846024737,0,51.83057072342115,112.97444712370702,0,3.846800170878913,414.84702895425755,456.55444133326046,95.56261477130774,634.7220281950206,49.60347588764914,29.76208553258948,106.09069944950264,1353.871196982489
2000,20.46637037370841,124.30034116876118,936.9466804110549,353.56124232745816,151.71401157758163,237.33479038869206,566.4866001603511,744.8632226834978,1.502118926510709,33.23438124904944,0,2144.650297325665,2077.054945632683,1.502118926510709,52.57416242787482,586.2019110708042,144.57894667665576,157.53472241781063,227.38325250055857,27.038140677192764,188.70369014290785,0.3755297316276773,186.82604148476943,698.4853008274797,395.4328074039442,303.6157880209771,173.11920628035924,9.76377302231961,430.9203670427597,23.28284336091599,2.8164729872075798,2345.558703746472,55.76616514671007,0.9388243290691933,677.6434007221436,14.833424399293254,16.898837923245477,12.204716277899513,1122.833897566755,3.3797675846490955,308.1221448005092,71.35064900925869,1050.1688944967996,244.84538502124556,50.13321917229492,570.9929569398834,238.83690931520277,0,48.25557051415653,111.34456542760633,0.18776486581383864,11.641421680457995,423.2220075443923,506.5896079657367,97.26220049156842,648.164316789371,65.52993816902969,24.221667689985185,105.33608972156348,1348.9027960066169
2001,25.384140573352862,139.88670272797333,995.8253132841235,378.93591143674234,139.88670272797333,244.7104199157758,519.5530930301359,800.7874562169229,2.374056312615735,37.80228128549671,0,2209.6985678961846,2063.602794812139,1.278338014485396,56.24687263735743,618.8982187272867,140.7998013097486,159.60963209431944,204.16884288495322,29.21915461680905,201.42954713962737,0.9130985817752828,188.46354727841836,671.3100773211879,369.80492561898956,310.6361375199512,173.67135025365877,11.139802697658451,392.2671507306615,19.17507021728094,4.017633759811244,2414.963129079268,44.741830506988855,2.374056312615735,643.1866410025092,13.331239293919129,21.001267380831504,14.061718159339357,1255.8757893737238,1.4609577308404524,303.1487291493939,80.71791462893499,1136.2598751611617,217.68270189522744,57.89045008455293,555.8944165847922,220.96985678961843,0,54.05543604109674,93.683914490144,0.3652394327101131,19.540309649991052,381.67520718206816,515.9006987030348,89.84890044668784,593.8793175866439,81.26577377800017,29.767013765874218,84.55292867239119,1371.2914501101197
2002,30.597428047406556,159.53109883676714,993.6205246839887,406.43288816728483,136.18508437285,243.18765066580357,495.3953523744842,827.1917397556098,7.605141075366947,32.71979299867175,0,2329.1186702676123,2009.8796088481395,3.006683680959026,42.09357153342636,638.1243953470686,145.91259039948213,178.45551965221514,202.15526160800982,32.189201760855454,193.665801802949,8.312596059122013,167.13623991213407,670.8441883457403,357.2647667963078,320.30024389510567,186.59125196539838,10.611824756325975,368.05345529857254,21.04678576671318,6.367094853795584,2500.499640082277,59.24935488948669,2.6529561890814937,693.4827478259024,17.155783356060326,12.911053453529934,15.56400964261143,1280.4935205966676,2.476092443142727,294.8318644799233,77.46632072117961,1115.30278188986,212.59022261839704,58.01130866791533,545.4477924751551,233.6370083851102,0.17686374593876625,63.14035730013955,97.62878775819897,1.2380462215713635,38.202569122773504,372.2981852011029,483.7223451425256,96.3907415366276,574.8071743009903,112.30847867111655,30.243700555529024,88.78560046126066,1389.795315586825
2003,31.115656052583777,166.00622985891994,1075.9289284777212,441.84231594668967,124.96720241659321,257.8394633978969,501.0461588143085,852.9053613116342,14.800960716904717,42.04818385484294,0,2530.4597043844483,2046.232819112077,2.186505560451833,42.38456932568169,695.6451536945216,162.30598967969377,173.07032474653354,178.11610680911468,31.45204152342252,213.43658124718277,19.342164573227752,159.78309864840318,688.0764806006499,349.33631146603517,364.9782358600367,203.34501712202047,13.959997039807856,348.3271550535189,21.360477398260215,7.736865829291101,2562.920902320387,65.93155228439373,1.6819273541937179,682.0215421255525,16.987466277356546,17.492044483614663,18.83758636696964,1360.00645860104,5.382167533419897,309.3064404362247,89.47853524310578,1140.1785534079213,211.08188295131157,57.353722778005775,518.7063960333426,252.457295864477,0.16819273541937177,54.83083174671519,101.75660492871992,2.354698295871205,66.43613049065185,359.42787559119745,451.4293018655938,90.15130618478327,618.9492663432881,139.59997039807857,28.929150492131946,83.4235967680084,1470.5090857715672
2004,32.51249699103093,176.78670238873067,1101.9860758979232,461.42736114193895,109.88598742641703,238.68549473703956,489.09424560065276,828.7560531079133,21.57079127289552,44.54837328097988,0.4689302450629461,2651.1752955042093,2118.0016068676396,2.032031061939433,36.10762886984684,649.9373196572433,161.62462446502875,177.8808729605442,163.3440353635929,38.921210340224526,251.81554159880204,35.169768379720956,155.9974615242734,700.2691659606661,342.3190788959506,518.1679207945554,237.9039443286013,10.629085554760112,303.86679880078907,20.789240864457277,11.254325881510706,2667.900474244788,67.68226537075189,2.3446512253147307,739.6593065459537,14.224217433576031,20.476620701081977,17.663039230704303,1535.902862662836,6.252403267505947,315.2774347639874,105.19668497578758,1162.9470077561064,201.3273852136915,81.75017272264027,490.34472625415395,248.0640996382985,0.1563100816876487,61.27355202155828,99.41321195334456,4.689302450629461,112.3869487334194,338.7239470171347,453.92447722093175,89.878296970398,590.2268684525615,159.12366315802635,16.881488822266057,87.06471550002033,1457.4352016556365
2005,26.556594816324026,153.91402802149085,1161.208524952491,483.8725797447426,106.2263792652961,242.29323335108532,454.8887692731631,857.3782358711063,30.12602960346435,46.25987484133862,0.5711095659424522,2797.0090992031596,2050.997228690831,3.569434787140326,34.98046091397519,646.9243608213127,168.90565412748023,168.7628767359946,157.19790802565996,46.83098440728108,245.57711335525443,61.25150094732799,144.91905235789721,685.7598113053995,329.10188737433805,618.0833277412188,252.28765075507826,15.277180888960594,291.83698819659304,18.27550611015847,21.559386114327566,2727.619286941151,74.81535313846123,2.4272156552554214,736.7313400657632,14.706071323018142,17.133286978273564,17.276064369759176,1709.1881534742736,6.282205225366973,322.8196821489711,114.93580014591848,1164.2068501736887,188.89448893546606,73.10202444063388,482.5875832213721,256.71374989113224,0.7138869574280652,55.25485050493225,98.94473229952983,10.851081752906591,140.92128539630008,322.8196821489711,436.75604055449026,98.80195490804422,577.2489937763336,196.03335850974668,20.417166982442666,77.09979140223103,1464.467704467933
2006,27.73410988841021,165.87131106337642,1254.9684724505619,494.54718065439164,97.73606994329174,223.20624977499372,454.9460718233444,844.9569921291129,38.53441229687765,43.73455790095456,1.733381868025638,2849.5464539673776,2019.5232133166396,1.866718934796841,41.201153632301704,640.9512799691724,177.0716246721575,185.8718710790569,150.80422251823052,47.868006970861856,243.47348392421654,94.80265447432528,139.73724597622066,715.4867002942749,322.80903865308227,705.3530832196635,270.2742343452283,13.867054944205105,275.4743799493053,21.86727895047728,19.333874681824426,2832.7459835542063,75.86879099281447,3.3334266692800734,745.087529117482,15.333762678688336,24.534020285901338,19.733885882138033,1720.0481613485176,6.8001904053313496,320.4089714512006,114.26986622292091,1132.2983710210551,192.80539855115944,77.3354987272977,481.74682224435617,260.27395433738815,0.9333594673984205,58.66830937932929,100.536148345487,13.467043743891496,176.6716134718439,328.40919545747283,420.94511979668766,99.73612594485978,558.4156356377978,235.07324871763075,21.200593616621266,78.80220646178094,1511.242314784814
2007,27.585154864584855,175.80769206322975,1307.8160057458479,531.109571540256,96.1031201733924,228.181350147142,461.06615987948976,879.1655808454786,58.60256402107658,47.03459585205713,3.6864953505666396,2795.380439964152,2057.5728877335046,2.6695311159275668,33.55981974308941,623.7804374217415,179.62130794312628,170.08726824338495,138.43425644024381,46.398993205407706,253.85969707177864,137.92577432292427,124.70523927261632,693.9509696118374,314.24194850347357,810.5204950073412,314.1148279741437,12.712052932988414,252.58849177847978,19.322320458142386,35.46662768303767,2988.730765074906,73.47566595267303,2.6695311159275668,771.3673719737369,13.85613769695737,20.466405222111344,23.13593633803891,1877.188856614399,9.025557582421772,336.2338000775435,127.37477038854391,1158.0680221952443,177.33313841518836,79.70457188983735,448.09986588784153,263.90221888883946,2.16104899860803,57.58559978643751,94.57767382143379,24.28002110200787,180.63827217776534,303.18246245177363,405.76872962099014,110.08637839967966,548.52508405845,279.91940558440484,17.79687410618378,75.89095600994082,1487.3101931596443
2008,30.941111538525863,188.99165426234717,1378.253296602212,536.2727787507437,90.91191459775361,222.32204082315303,449.900486695322,841.9805178514683,83.26623452645764,42.170704143241814,4.65908629344598,2779.443633418312,2015.5924087953993,2.8671300267359876,29.268619022929872,615.5967094904394,182.3016841999632,170.47477283967726,121.25570738070947,45.6351529255478,259.23633991737887,210.73405696509505,118.7469686073155,680.4655263453411,291.4915527181587,906.2520159508,306.30505785629464,13.85779512922394,242.86980601476094,22.6981127116599,94.49582713117358,3069.262693620875,86.73068330876362,5.614796302357975,790.6111048724484,15.76921514704793,25.206851485053893,21.742402702747906,1831.02091332427,6.2121150579279725,346.5643419817125,132.12690873208342,1130.0076217873209,176.80635164871921,75.74001820627566,426.72451897920615,269.86861376652485,3.3449850311919853,58.65670179697374,86.61121955764962,38.108936605365834,188.27487175566318,285.51836516245874,393.3941324184003,106.56166599368754,549.2943276221696,322.3132005055706,14.932968889249935,64.74935310378771,1444.6751422215957
2009,27.34893134050787,197.0262595322421,1459.0654870160947,548.8018888995247,88.99798073723602,209.33327863547063,430.1758992100717,756.6537670873844,132.64231700146317,43.530382383641694,7.748863879810562,2783.2095794190177,2049.2326345681377,3.0767547758071356,24.272176564700736,608.6276762068856,181.18667013086466,164.7773113265599,117.0306353612566,50.709476860525015,263.23346415238825,292.2917037016779,122.1585599876018,659.3371530674106,278.389330270253,1013.1639522852312,311.2080478788625,14.35818895376663,216.62632699293943,25.41171537055523,248.87527519862164,3171.9062660959858,87.51658028962518,7.179094476883315,812.7190763354256,14.47214283435208,26.665208056995173,16.295404923719275,1835.6830623510054,7.2930483574687655,351.2058599643552,137.9981493889793,1119.141061229699,177.4261920715448,73.0444374552731,396.9013660791204,294.4568274328014,4.444201342832529,60.50951059087366,81.70493237976726,57.43275581506652,187.112271921308,266.8799883311226,379.3524684689612,119.99343625647828,526.5808821853619,366.2477722016346,17.434943729573767,61.0792799938009,1506.242393578471
2010,28.024614953467463,202.85999687907696,1524.5815150064382,557.6261452672901,76.64307574395268,211.77691981881662,418.03383972255625,745.1999885353848,152.54307457626038,44.58461469869823,7.749230650011836,2800.2322646118114,2091.3368909025094,4.139999936307693,24.83999961784616,622.6984519584854,180.9923049078107,166.44922820847341,109.65692138989351,53.289229949396464,248.18768848942017,413.7876859417279,123.88153655566866,689.469220162012,270.26768814972786,1107.290752195527,323.66307194364504,10.509230607550299,204.23999685784622,28.343076487029595,337.6753794203788,3208.4999506384625,86.72769097342014,7.961538339053257,817.596910498509,16.666153589751485,29.510768776757402,10.721538296591717,1887.3092017337046,9.766153695905329,368.14153279782255,134.8153825413018,1085.5292140687814,163.0523051838107,66.3461528254438,388.9476863238817,337.8876871094202,5.732307604118345,61.25076828844972,83.64922948231954,100.10307538302962,199.0384584763314,251.37230382504148,362.8338405717871,126.4292288241657,520.8969150631243,447.75691618835515,11.78307674179882,64.1169220905089,1501.4399769009235
2011,29.988034186358973,228.04625997273638,1555.0657727749808,568.4006479767387,71.63808166741309,214.81624489051916,405.3284620744468,773.9068822538458,176.79220154310974,41.062046810733364,11.760013406415283,2793.6891848056707,2087.3043795269928,5.19400592116675,24.990028488632476,626.5147142267742,184.24021003383945,170.5201943930216,102.01811630065258,54.58606222811093,252.25228756760782,510.18858161498304,121.22613819779754,659.3447516530169,256.7602927067337,1194.5233617566323,330.2603764968292,13.03401485877694,189.9242165136068,39.29804479977107,369.46042118488015,3265.755722961524,94.66810792164303,7.154008155569297,842.8009607930952,16.66001899242165,26.852030611314895,10.192011618893245,1936.776207924877,11.074012624374392,384.2584380546194,146.5101670215904,1026.453170156614,167.09019048281715,69.38407909785018,350.74239984633584,365.44241660435495,8.52600971965108,60.85806937819909,83.59409529726864,134.652153503455,191.9822188597295,225.9882576266137,347.90039660645215,139.16015864258085,499.40856932576907,509.11058038606166,15.58201776350025,62.91607172432177,1506.6537175852382
2012,29.55218346582868,224.3029080449854,1560.9426595863795,565.3461184767226,63.96854619777203,204.6626370459564,396.56827563927243,785.5190629938749,219.89761361529665,41.8502970820431,16.244523209477258,2755.9705506067376,2067.826849902441,3.5793017241221072,22.210026083014103,601.2309126852289,187.22501326177178,185.4812508833533,94.98916114016362,60.297467506364725,251.7442212632549,625.918916884943,114.812986073763,684.6561759474596,261.01369495905834,1309.1066613558396,344.9896200250001,10.829682139651505,181.62661825737567,54.423741600113075,347.6511520762703,3295.619118243609,104.35041180325221,6.883272546388668,866.2827942048352,17.345846816899442,29.368629531258318,10.370797303225594,1897.4887986211427,13.307660256351426,387.2988019434691,148.12802519828415,1003.0304754597568,162.2616781602022,60.205690539079555,340.1254407588854,391.33698850401703,13.307660256351426,55.34151127296489,81.6815008838122,184.28815030864595,189.24410654204578,219.43872877887074,358.3890572486367,166.20808775346504,509.9128302364725,557.1779683883414,17.98828558789572,59.930359637224,1434.290444732828
2013,26.266968069977985,239.0989908091705,1558.361810959588,567.0012081065778,57.578585636839165,208.13528010416331,398.96219383108945,767.2216071035623,232.57573714940773,43.66231116267864,16.873482799919632,2717.7614280880866,2061.435133200491,3.6530220494671375,22.353015874120338,600.400266844563,186.7390081001415,208.74411711240782,90.62973751297041,66.97207090689751,266.75758632656454,747.0430091160296,113.76554382626229,680.8537286483036,257.3641010565062,1394.7586091727385,375.5654573714071,11.046042863864916,181.78133531872183,80.62741523466752,351.9947674807977,3345.907267165507,108.80787104484259,6.8711605216167575,931.0857390368025,23.13580631329187,29.2241763957371,13.046507319525489,1906.3556495290645,11.74185658757294,413.74823545988505,162.47250448582412,1010.669433685908,170.03947873114888,58.01346921415668,334.07756409531606,396.0919622207939,28.70231610295608,53.577656725518004,79.40974121817848,153.51390279308325,186.13017109189698,221.2687641391523,339.7310506004438,179.17203385481673,509.33564575427516,629.7983966712271,14.959995059722562,54.88230745747056,1439.3776642055157
2014,24.971751224943212,235.44794012089315,1534.3108543325573,550.2081532352937,48.1183246194919,197.2021683112625,372.83405317240795,799.2619644554914,286.38699411463114,47.03981044698605,23.81027442378306,2638.3775164639337,2048.679151989195,4.9777577192577835,22.897685508585802,604.631637632512,184.42592349850088,228.31315405662366,77.32116990580424,68.9419444117203,273.6107493018695,839.6647646101337,113.65880125638606,662.7054776905195,249.5515869921235,1423.0579693071459,373.9955299735681,12.527356926798753,169.9904261126533,117.55804480313799,341.22529165512105,3292.537843403061,118.38767108968095,8.379225494083935,987.3382436147813,20.823619792228396,30.281359458818184,14.601422643156162,1892.1286717185376,11.94661852621868,419.95682624804834,158.87343387297759,1019.2788556466854,156.3845550133487,52.8471944527868,300.15879047124434,392.7450840494391,57.824952172044576,55.99977434165006,71.84563641462067,119.4661852621868,175.96373537576264,197.69994408318829,325.9601679827305,239.18125841033648,509.3905399373798,701.3660626434216,12.195506412181569,57.493101657427395,1467.608900894503
2015,26.24354647334451,238.41864341541466,1519.6603926034552,562.2481017168051,38.25195713235973,188.39685331925193,365.58055496352944,788.8173862700127,322.1594144349049,46.9998059568079,30.219841393548226,2499.101357348034,2025.5246323517717,6.043968278709644,19.642896905806346,588.2530704949373,181.1599965644812,240.64536857072875,76.18581067110316,66.80175465942239,291.70099534614445,948.9825456558182,112.21104264814879,667.9380206958199,234.9990297840395,1481.010805979075,375.04413687361426,9.543107808488912,168.27680102302114,156.42744216081408,351.186367352392,3288.157321313259,121.75415045663772,8.90690062125632,1028.5084440598926,19.642896905806346,28.549797527062662,11.92888476061114,1853.3510623069508,14.71229120475374,417.5109666213899,153.48498391986334,958.4461275659031,159.68800399538114,51.532782165840125,285.2593975754144,393.6531971001677,107.12138515028805,59.24679431103533,73.879559617385,140.6017883784033,177.34275344108562,194.04319210594122,297.58591182804594,275.8753415637336,504.27372178023495,745.7143493350044,12.80366964305596,53.52092962594198,1467.2528255551704
2016,23.58868801741359,264.38014688823944,1430.9692226009213,525.8798269228673,37.44606909695029,182.24791633255848,356.55508620380937,821.3223055568097,378.8203164776717,44.99756328074276,38.146723196477424,2371.8698278103625,1980.0484852636876,6.072335529235182,17.983455221196497,551.7261781498684,175.63062761480217,233.00641332052436,73.17942817283424,65.2386817115267,309.2220092579762,945.1823802621068,99.80428395486541,643.9011174654382,221.25099453956906,1415.7105333223305,357.7228430363546,8.952802382846743,154.53315417348506,214.94510764382483,340.9071446477033,3263.802496508407,140.05296944992426,8.874951927343727,1081.6542287588925,22.96588437338947,30.51737855718194,11.444016958943227,1852.9965418827667,17.51635248817841,423.1950761143903,140.98717491596045,919.9588326791301,149.78427638780116,54.10606657459553,280.0280884443455,388.0066702270275,178.3553935574077,62.436065313418155,70.22111086371967,155.15595781750918,159.35988241467203,184.19417772013384,274.7342574701405,305.8744396713465,519.5739400271231,786.601002402465,12.923175613500513,49.97999243293573,1426.4538961817466
2017,23.099367184778053,260.2324057261873,1417.1960591405193,526.8344043970145,36.6827159944316,178.2718603662439,342.4231773371418,850.2255449839073,420.46987642989683,43.5895035247639,48.04054437764472,2331.1175335708244,1982.2480212053724,6.906787530332309,17.57393716051221,551.3918711715293,176.04633993980352,247.10950941855594,72.90497948684103,65.15402903613477,366.5201916096345,1045.0736954229485,106.82498046913972,647.319475759478,223.93340015010753,1432.31424962358,362.6063453424462,8.134660869058052,142.7402756268677,285.02009875171325,349.79041736949625,3317.8672454043003,143.8914068819231,8.595113371080206,1147.754603373889,23.25285135211877,31.617738472187902,12.81592797294995,1843.9587864313858,21.641267595041235,421.2372972666005,148.64941606948537,906.2472660632693,158.77937111397273,58.55420984048391,274.42969120520377,396.52634632474485,249.87222443068887,66.15167612384944,69.98878030736739,180.11367037433254,161.0816336240835,180.80434912736575,254.40000736724005,319.86100473805624,570.2704237544376,820.8333269381596,11.588054634224207,46.88941312258934,1411.4404028652425
2018,21.030041004864405,273.0932886674088,1348.003335082121,495.2834745491917,32.17670584843211,184.8860142053097,319.5377255156076,895.0028758395297,473.06445596101344,41.6142154159861,53.35536905121075,2324.3768642796954,1994.6585182069623,7.356798796754685,19.915374520507633,516.833693246756,165.78806177333033,255.4815582145718,67.69741114993454,68.66345543637706,500.48525147618994,1160.4421213143553,103.14380535247983,633.8736741042169,217.73151994435585,1554.2166346881236,366.20509566067767,9.511820666511108,141.63695461226698,402.69184524862266,351.4914980671683,3293.7651501753,141.04246582061003,8.025598687368747,1167.8732312100672,23.18506287462083,32.25101694738923,10.923731546696352,1833.254811272102,29.50150628597586,418.44579822753167,140.00211043521037,887.4974548448607,155.31019682037672,82.85687533718661,264.2502678915117,378.9122935823449,320.5037698020501,63.68461180625015,66.80567796244911,202.72067795501803,147.43322033092218,171.88157188781403,241.9569382043763,328.1578129946333,629.2663859688755,834.8851967832211,9.586131765468227,44.36372607739947,1402.2504373208174
2019,19.02349827936717,287.7659030766959,1332.0707787709116,480.98218037683563,29.032129836795423,194.28102533816397,306.1505525332485,936.2684414360186,555.3015934309306,37.40814773591977,49.26234255925678,2345.639927767493,2024.3699530943,7.169303456030165,18.597599064157457,512.3567558972844,158.15057524787335,273.7112289747754,64.66569750934138,61.89735261047826,666.3903053981306,1258.8870969573761,105.19710615679905,612.1591386614272,204.07670728798738,1610.040999897784,352.0057013708276,7.169303456030165,147.43211166509556,510.8661086440504,372.8037797135686,3180.82828879374,141.54050585469454,8.517984304194254,1216.0842258287998,24.06330565934877,30.167861077354654,11.64124521573215,1855.0040318459041,41.73812309055185,429.0224761212507,137.42348010766733,859.3226498881305,151.90405342479755,124.29158763870119,242.6205862644664,364.782677827119,379.47620075185404,68.3568240411589,61.18752058512873,224.30692001044872,140.97264023441494,148.49685970311984,211.38797714908745,335.60858158525366,700.8881418301173,841.2219332417177,11.286329203057388,40.389442242387766,1406.9580574452862
2020,20.798131367889408,273.32928856853476,1254.5949717748435,451.7747943877042,27.874418667615092,186.81398471275813,254.93094158924796,861.7687272405065,581.9169477696157,35.75063409687499,43.01152019572395,2431.412316185746,1960.6238454883437,6.953221433643501,17.413820050629297,1272.5625882228428,139.9874226684864,259.0536481030012,61.47140010805183,58.94854985336703,750.5787172352515,1218.413607146681,99.0064892631185,547.0893076683572,191.36742175779898,1416.426585672918,317.3868686259573,6.153293304109292,129.15762645325404,555.8885170932334,332.3393713549429,2950.6272051864876,136.78771015034957,6.830155567561315,1278.4082168617465,26.766825872875422,25.90536481030012,10.029868085698146,1702.9854548452877,53.656717611833024,420.82372906803454,118.3893631710628,803.7431713827557,133.0342012348429,167.98490720218368,220.22636735407156,351.0453829994351,385.5653584354883,66.9478311487091,50.88773562498385,236.16339701171464,119.37389009972028,142.32567412404794,146.8791111690888,331.84710789061415,684.738478881282,823.0645123576589,9.476071688328311,36.18136462816264,1641.1448571389892
2021,14.129463335744989,266.0765204068604,1178.9306436282648,431.0904938219063,22.07373991005944,178.23551942801208,182.20765771516932,753.6281227390731,625.9522492233051,34.04689960420479,42.615369337929664,2374.0335645685263,1941.7514292604728,7.54706274559873,15.150870323871134,607.2264544409925,131.30754280688313,252.91171922656795,55.66668085287483,58.901136315274286,881.7579549162305,1035.4229617965414,101.91371948191968,491.29676128867516,179.82437474287497,949.3977954632505,295.86755756053964,6.241931594104211,121.83115575037948,522.0524605978068,341.09318920145836,2804.102651402307,133.57733611383014,5.787972932714815,1374.8705508504631,29.73429232100552,26.15936786256401,11.292221702061255,1579.8896313004498,56.631343008327306,412.30795420692004,107.87192691265551,779.6172561036161,128.9242598345888,200.70647316678725,184.81792001815836,335.24847143606985,400.9589876721851,60.433246797463504,44.998652310224,264.1471960959555,109.63101672553942,133.0098877870934,96.29598104722588,329.0065398419656,653.0195344086479,852.704600587309,9.02242839511427,33.536196110141724,2324.7790498077766
