Year,prion,PCR,miRNA,ncRNA,rnase,neural networks,Epidemiology,microglia,vitamin d,junk dna,coral,eugenics,antibiotic,antibiotic resistance,sleep,artificial neural networks,archaea,stem cells,autoimmune,epigenetics,vaccine,Synthetic Biology,influenza,zebra fish,mouse,genetic algorithm,machine learning,ribosome,lithium,ribozyme,multiple sclerosis,lipid,perceptron,epstein-barr,mass spectrometry
1945,0,0,0,0,14.62487203,0,2573.977478,0,170.623507,0,9.749914688,151.1236777,3085.847999,29.24974406,136.4988056,0,14.62487203,9.749914688,0,0,1213.864379,0,443.6211183,0,575.2449666,0,0,0,9.749914688,0,29.24974406,950.6166821,0,0,0
1946,0,0,0,0,14.83349403,0,2150.856634,0,146.4807535,0,1.854186754,140.9181933,4103.315286,16.68768078,113.105392,0,0,12.97930728,1.854186754,0,979.0106059,0,383.816658,0,610.027442,0,0,0,12.97930728,0,46.35466884,1079.136691,0,0,0
1947,0,0,0,0,6.149116065,0,1251.345119,0,159.8770177,0,1.537279016,81.47578786,3904.688701,24.59646426,84.55034589,0,3.074558032,6.149116065,4.611837048,0,1099.154497,0,365.8724058,0,642.5826287,0,0,0,12.29823213,0,56.8793236,1054.573405,0,0,13.83551115
1948,0,0,0,0,14.13287731,0,1027.460181,0,185.1406928,0,2.826575462,65.01123564,4005.25743,43.81191967,110.236443,0,0,8.479726387,9.893014119,0,1175.855392,0,387.2408384,1.413287731,556.8353661,0,0,0,24.02589143,0,83.38397614,1108.017581,0,0,19.78602824
1949,0,0,0,0,4.775093114,0,865.8835514,1.591697705,128.9275141,0,3.18339541,87.54337376,4302.358896,31.8339541,116.1939324,0,1.591697705,7.958488524,11.14188393,0,1075.987648,0,463.1840321,4.775093114,692.3885016,0,0,1.591697705,23.87546557,0,92.31846688,1053.703881,0,0,9.550186229
1950,0,0,0,0,5.828049235,0,416.1227154,2.331219694,166.6822081,0,10.49048862,51.28683327,5080.893323,18.64975755,102.5736665,0,1.165609847,10.49048862,15.15292801,0,1205.240582,0,452.2566207,12.82170832,643.4166356,0,0,0,20.98097725,0,145.7012309,1246.036927,0,0,11.65609847
1951,0,0,0,0,9.631962705,0,1115.381281,0.963196271,150.2586182,0,0.963196271,64.53415012,4413.365311,29.85908439,167.5961511,0,2.889588812,6.742373894,9.631962705,0,1142.350777,0,438.2543031,6.742373894,613.5560243,0.963196271,0,0.963196271,21.19031795,0,124.2523189,1199.179357,0,0,2.889588812
1952,0,0,0,0,12.94115472,0,1463.274852,1.848736389,101.6805014,0,2.773104583,56.38645985,4408.311919,31.42851861,213.5290529,0,0.924368194,14.78989111,8.319313749,0,1041.762955,0,433.5286831,7.394945555,620.2510584,0,0,0.924368194,15.7142593,0,94.28555582,1264.53569,0,0,0.924368194
1953,0,0,0,0.918071316,18.36142632,0,1028.239874,1.836142632,103.7420587,0,4.590356579,55.08427895,4590.356579,172.5974074,224.9274724,0,3.672285263,23.86985421,23.86985421,0,979.5820939,0,496.6765818,6.42649921,696.8161287,0,0,1.836142632,13.77106974,0,98.23363079,1526.752598,0,0,3.672285263
1954,0,0,0,0,31.14911933,0,1112.873081,0.943912707,96.27909611,0,4.719563535,43.41998452,4014.460743,128.3721281,271.8468596,0,2.831738121,25.48564309,17.93434143,0,1116.648732,0,473.8441789,2.831738121,768.3449435,0,0,0,13.2147779,0,94.3912707,1665.062015,0,0,1.887825414
1955,0,0,0,0,35.92417236,0,1283.137746,0.921132625,107.7725171,0,3.684530499,27.63397874,3698.347488,116.0627107,228.4408909,0,6.447928373,21.18605037,28.55511136,0,1152.336913,0,399.7715591,9.211326247,826.2559643,0,0,5.526795748,23.02831562,0,85.66533409,1825.684862,0,0,1.842265249
1956,1.86887942,0,0,0,48.59086492,0,1468.004784,0.93443971,80.36181506,0,2.80331913,31.77095014,3642.445989,69.14853854,204.6422965,0,3.73775884,19.62323391,28.0331913,0,1150.295283,0,389.661359,3.73775884,828.8480227,0,0,5.60663826,14.95103536,0.93443971,94.3784107,1802.5342,0,0,0.93443971
1957,0,0,0,0,46.62464471,0,1427.43143,0.896627783,95.04254499,0.896627783,7.173022263,32.27860018,3486.08882,25.10557792,199.9479956,0,7.173022263,22.41569457,47.52127249,0,1095.679151,0,556.8058532,8.069650046,899.3176663,0,0.896627783,1.793255566,18.82918344,0,109.3885895,1873.952066,0,0,1.793255566
1958,0,0,0,0,51.15603504,0.913500626,1406.790964,1.827001251,107.7930738,0,6.39450438,24.6645169,3210.9547,31.05902128,151.6411039,0,3.654002503,31.9725219,37.45352566,2.740501877,983.8401739,0,759.11902,8.221505632,933.5976395,0,0,3.654002503,16.44301126,0,97.74456696,2027.057889,0.913500626,0,0
1959,0,0,0,0,66.36363636,0,1206.363636,0.909090909,80.90909091,0,0.909090909,28.18181818,2888.181818,28.18181818,173.6363636,0,0.909090909,34.54545455,57.27272727,0.909090909,1021.818182,0.909090909,528.1818182,3.636363636,1130.909091,0,0,3.636363636,23.63636364,0,104.5454545,2183.636364,0,0,0
1960,0,0,0,0.891090873,55.24763415,0,1261.784677,0.891090873,58.81199765,0,8.910908734,34.75254406,2742.777708,27.62381708,163.0696298,0,3.564363494,32.07927144,66.83181551,0.891090873,1053.269412,0,360.0007129,0.891090873,1110.299228,0,0,18.71290834,11.58418135,0,95.34672346,2200.994457,0,0,3.564363494
1961,0,0,0,0,69.06307206,0,1253.12032,1.664170411,71.55932768,0,7.48876685,46.59677151,2764.187053,39.94008987,129.8052921,0,2.496255617,33.28340822,86.53686137,0.832085206,1058.412381,0.832085206,294.5581628,0,1180.728907,0,0,44.10051589,19.97004493,0,106.5069063,2273.256781,0,0,0
1962,0.795582924,0,0,0,100.2434484,3.182331694,816.2680796,3.182331694,89.10528744,0,8.75141216,42.16589495,3019.237195,160.7077506,194.1222334,0,2.386748771,39.77914618,132.0667653,0,1111.429344,0,278.4540233,0.795582924,1207.694878,0,0.795582924,70.8068802,23.07190478,0,104.221363,2460.737983,3.182331694,0,3.182331694
1963,0,0,0,0,138.4767557,0,1146.672319,2.826056239,156.1396072,0,4.945598417,36.7387311,4102.02063,438.038717,264.9427724,0,4.945598417,31.08661862,238.8017522,2.119542179,1224.388865,0,498.7989261,0.70651406,2344.920164,0,0,98.91196835,35.32570298,0,144.1288682,3235.127879,0,0,5.652112477
1964,0.616865092,2.467460366,0,0.616865092,244.8954414,0.616865092,2310.159768,1.850595275,212.8184566,0.616865092,6.168650916,44.4142866,4364.320523,571.2170748,313.3674665,0,4.934920733,39.47936586,347.9119117,0.616865092,1334.896058,3.084325458,454.6295725,1.850595275,3093.578434,0,2.467460366,234.4087348,56.13472334,1.233730183,137.5609154,3714.144717,0.616865092,0,9.869841466
1965,7.921374698,0.565812478,0,0,213.8771168,0.565812478,2367.35941,2.263249914,135.2291823,1.697437435,7.35556222,50.92312306,3364.886809,413.6089217,295.3541137,0,6.223937263,19.80343674,305.5387384,1.131624957,978.8555877,6.223937263,312.8943006,1.697437435,2787.758081,0,0.565812478,255.7472402,52.05474802,0.565812478,148.2428693,3040.676259,0.565812478,0,15.8427494
1966,1.664955462,1.109970308,0,0,204.7895219,0.554985154,3018.564253,0.554985154,146.5160807,0,6.65982185,37.18400533,3061.853095,403.4742071,307.4617754,0,5.549851541,14.42961401,240.3085717,1.109970308,833.0327164,2.219940617,281.9324583,0.554985154,3218.913894,0,1.109970308,352.970558,70.48311458,0.554985154,132.0864667,3111.246774,0,0,17.20453978
1967,8.329992659,0.520624541,0,0.520624541,264.9978915,0.520624541,3627.711803,2.082498165,157.749236,0,8.8506172,51.54182958,3409.57012,529.4751584,426.9121238,0,5.726869953,26.5518516,287.9053713,2.603122706,831.4373923,4.685620871,273.3278841,1.561873624,3320.022699,0,0.520624541,412.3346366,91.62991925,2.082498165,110.8930273,3666.758644,0.520624541,0,19.26310802
1968,9.127725707,0,0,0,297.852102,0,4089.701523,1.441219848,155.171337,0,4.323659545,42.27578222,3416.651854,582.2528188,414.5909097,0,4.804066162,27.38317712,301.6953549,1.441219848,878.1832943,3.362846313,329.5589387,1.921626465,3427.701206,0,0.960813232,518.8391455,141.7199518,0.480406616,119.6212474,4099.790062,0.480406616,1.441219848,24.98114404
1969,10.68048629,0.928737938,0,0,310.1984713,1.857475876,4521.560651,1.393106907,188.5338014,0,4.64368969,17.64602082,3618.363007,586.0336389,479.693145,0,10.21611732,26.9334002,351.9916785,0.464368969,849.7952133,5.572427628,318.0927438,1.393106907,3637.866503,0,0.928737938,586.0336389,144.8831183,2.321844845,126.3083596,4326.525684,0.464368969,4.179320721,36.22077958
1970,5.468814088,0.455734507,0.911469015,0.911469015,331.7747213,1.367203522,4479.414472,1.367203522,173.6348473,0.455734507,7.291752117,29.16700847,3586.630572,585.1631074,442.5182066,0,8.658955639,42.83904369,362.3089333,1.822938029,832.6269448,5.468814088,350.9155706,0.455734507,3749.783526,0,0.455734507,608.8613018,175.0020508,0.455734507,134.4416797,4357.277624,0,17.31791128,60.61268947
1971,10.73066915,0.447111214,0.894222429,1.788444858,348.7467473,2.235556072,4421.035688,0.894222429,171.2435951,0,6.259557002,44.71112144,3741.873754,623.2730329,484.2214452,0,6.259557002,86.7395756,340.2516342,1.341333643,872.7610906,7.153779431,331.7565211,0.894222429,3904.622236,0,0,781.1032916,203.8827138,2.682667287,118.0373606,4881.560239,0.894222429,19.67289344,232.4978315
1972,14.92085365,0.438848637,0.438848637,0.438848637,396.280319,2.63309182,4086.997354,1.755394547,194.8487947,0.438848637,7.021578187,54.41723095,3603.825005,608.6830591,467.3737981,0,16.23739956,114.9783428,312.0213807,3.071940457,837.3231989,7.021578187,318.1652616,1.31654591,4268.680689,1.755394547,0.438848637,828.5462261,226.0070479,2.194243184,140.8704124,5636.133041,0,24.57552366,391.0141353
1973,7.787959814,0,0,0.432664434,380.744702,2.595986605,4413.177228,3.893979907,196.8623175,0.432664434,5.191973209,29.42118152,3841.194846,611.7875098,473.3348909,0,14.27792633,129.7993302,311.951057,1.730657736,850.185613,6.489966512,336.1802653,1.297993302,4474.615578,0,0.432664434,842.8303177,221.9568547,0.865328868,153.1632097,5702.949906,0.432664434,39.80512794,410.1658835
1974,7.23065799,1.275998469,0,0.425332823,381.0982093,2.977329761,4363.914763,1.701331292,226.7023946,2.126664115,10.63332057,29.34796478,3890.519331,655.4378801,467.4407724,0,12.75998469,128.4505125,313.8956233,2.551996938,831.9510017,9.357322105,328.3569393,2.551996938,4473.225299,0,0.850665646,827.2723406,236.0597167,2.126664115,158.649143,5720.726468,0,42.53328229,484.4540853
1975,3.611672927,1.605187968,0,4.012969919,329.4648303,3.611672927,3866.496517,10.0324248,193.0238531,20.86744358,20.86744358,22.07133455,3401.7946,518.0744165,449.8539279,0,18.05836463,173.7615975,318.6298116,5.216860894,840.315901,15.65058268,347.523195,2.809078943,4622.540049,1.203890976,1.203890976,740.794247,211.8848117,6.822048862,153.2954509,5035.875951,0.401296992,67.41789464,342.3063341
1976,9.020492205,3.137562506,0,3.137562506,281.2040396,5.098539072,3709.775468,6.667320326,208.6479067,23.5317188,20.00196098,29.80684381,3206.196686,490.2441416,474.9485244,0,30.98342975,173.7425238,322.3845475,3.137562506,933.8170409,19.21757035,405.9221492,0.784390627,4478.478282,1.17658594,1.17658594,642.0237278,240.0235317,7.451710952,164.3298363,4864.006275,0.392195313,60.79027356,351.4070007
1977,4.195398792,2.288399341,0.38139989,5.339598462,266.2171233,1.906999451,3639.317752,3.432599011,261.6403246,23.64679319,14.87459572,25.93519253,3136.251297,501.9222554,431.7446757,0,34.70739,167.8159517,311.9851101,6.102398243,853.1915543,23.64679319,416.4886801,1.906999451,4325.837554,1.906999451,0,595.7466284,227.3143345,7.246597913,180.402148,4744.996033,0,64.07518155,347.4552999
1978,5.136295264,4.76941703,0,5.87005173,225.9969916,5.136295264,3675.019261,8.438199362,227.8313828,26.04835455,12.10698169,22.01269399,2955.937924,460.0653043,416.7736728,0,39.62284918,212.0556187,322.4859669,6.970686429,826.209781,13.57449463,352.9368603,1.100634699,4573.137176,1.834391166,0.733756466,541.8791503,212.7893752,6.603808196,187.8416554,4594.782992,1.467512932,79.97945482,327.2553839
1979,2.835853698,4.253780547,0.354481712,4.962743972,236.4393021,6.735152533,3853.216213,7.089634246,240.3386009,21.62338445,17.01512219,26.58612842,3110.931507,500.173696,450.5462563,0,47.85503116,246.0103083,289.9660407,7.79859767,795.8114441,18.07856733,389.9298835,1.417926849,4914.179977,3.544817123,0.354481712,565.7528128,240.3386009,8.507561095,168.3788133,4647.60973,0.708963425,72.31426931,305.9177177
1980,6.05723733,3.206772704,0,11.4018585,204.877145,5.700929251,3672.111054,7.482469643,275.7824525,24.94156548,21.02217661,18.88432815,3036.813751,452.8675674,467.1198905,0,45.25112593,297.8735534,324.9529673,9.620318112,717.9607776,24.94156548,383.7438002,1.425232313,5141.169261,1.425232313,1.068924235,497.4060772,245.852574,8.195085799,185.2802007,4901.730232,0.356308078,80.1693176,336.3548258
1981,3.878169081,5.288412383,0,22.56389284,223.1710026,2.820486604,3701.536108,10.57682477,250.670747,24.67925779,15.86523715,16.5703588,3109.586481,458.681634,455.5085866,0.352560826,41.95473824,313.4265739,362.7850895,9.871703116,695.6025088,23.26901449,375.1247184,1.410243302,5396.648557,2.467925779,0.352560826,466.0854114,229.5170974,8.814020639,182.2739468,4943.607896,0.352560826,109.6464167,340.5737575
1982,7.776233801,7.100039557,0,32.79542081,199.1392047,4.395262583,3838.754721,5.74765107,250.1918701,26.3715755,16.56675897,20.62392443,3275.823013,515.2600136,503.4266143,0,33.13351793,372.2449311,370.2163483,11.15720502,779.9900599,22.99060428,392.8688555,3.380971218,5570.826276,3.71906834,1.014291365,448.9929777,227.2012658,11.49530214,199.1392047,4992.680197,0.338097122,103.4577193,344.5209671
1983,9.045914477,7.753640981,0,43.61423052,206.7637595,3.553752116,3934.003593,3.230683742,233.9015029,23.26092294,18.41489733,17.76876058,3244.575682,516.9093987,499.7867749,0,36.50672628,385.4205704,409.3276301,13.89194009,774.3948929,18.41489733,375.7285192,3.230683742,5574.221728,5.815230735,0.969205123,408.6814934,214.8404688,10.33818797,196.7486399,4858.625279,0.323068374,120.8275719,350.2061176
1984,8.798059399,11.62600706,0,54.04522203,199.8416349,6.912760957,4098.638815,6.912760957,263.6275656,26.07996179,15.71082036,14.76817113,3358.659176,545.1654664,506.2026319,0,44.93294622,480.7511029,451.528977,16.33925317,802.5087038,20.73828287,361.977301,2.827947664,5683.232156,6.912760957,0.942649221,410.3666277,216.1808881,15.08238754,211.1534256,5133.981876,0.628432814,134.7988387,427.6485301
1985,14.90895104,11.33080279,0,59.63580414,219.4597593,8.945370622,4132.463048,5.963580414,262.3975382,31.01061815,13.11987691,18.48709928,3336.325063,542.9839967,486.6281618,0,46.51592723,518.235138,470.5264947,11.92716083,825.9558874,15.20713006,384.6509367,4.17450629,5625.445405,9.243549642,1.192716083,355.7275717,228.7033089,14.90895104,185.1691719,5204.714807,1.789074124,138.9514237,401.3489619
1986,20.01503987,18.29946503,0,71.19635612,184.7102251,11.72309478,4052.187787,8.29194509,270.4889674,53.75467852,13.43866963,16.0120319,3111.480913,502.3775008,518.6754618,0.857787423,40.88786717,454.9132634,454.9132634,12.29495306,785.4473504,16.0120319,340.2556778,4.574866257,5520.147997,16.29796104,1.715574846,334.2511659,219.8795095,21.44468558,191.2865954,5172.744091,1.429645705,129.81183,384.2887656
1987,17.66337947,25.00047555,0,73.09921656,160.0573924,14.40244787,4276.711785,8.695817583,222.8303256,105.9802768,18.75035666,23.91349835,2937.827622,439.138788,475.0090355,1.086977198,48.37048531,448.3780941,503.8139312,11.41326058,766.0471802,41.03338922,333.4302555,3.804420193,5153.087151,18.47861236,0.815232898,331.2563011,195.9276399,28.53315145,208.699622,5002.540809,1.902210096,128.5350537,418.2144769
1988,16.01885057,42.630812,0,90.68736371,211.0871115,15.2437449,4748.038983,14.21027067,213.6707971,118.5911679,19.11927326,19.37764182,2857.03951,434.0591767,467.1303521,1.03347423,53.74065998,448.527816,518.0289579,11.10984798,790.8661548,83.71141266,317.2765887,6.975951055,5104.845961,25.06175009,1.808579903,340.0130218,201.0107378,29.71238412,185.5086243,4915.720177,4.909002594,130.4761216,433.5424396
1989,15.14410485,102.2847737,0,99.80213358,209.7830917,22.59202526,5342.393315,14.39931281,218.4723322,162.8611931,27.06077751,26.06772146,2949.873013,456.0609935,508.9412285,2.730904153,63.55558755,509.4377565,578.7034164,15.39236886,817.2851337,89.12678098,318.2744658,4.717016264,5231.667565,23.83334533,1.737848097,366.1894205,194.8872509,49.40453876,194.1424589,5228.440132,5.213544292,149.4549364,417.0835433
1990,23.85043345,244.1018852,0,130.9340122,210.7599527,33.58530424,6406.518469,21.41671575,228.7694637,190.8034676,24.82392052,22.39020283,2890.52651,473.6014641,526.65651,8.031268405,55.24539176,532.0106889,613.29686,20.1998569,881.0058069,102.4595151,321.2507362,11.92521672,5183.818698,30.42147123,1.703602389,381.6069351,187.3962628,63.7634037,175.9577896,5417.212225,9.978242564,146.996549,454.1317225
1991,40.17337473,492.4868529,0,135.2826294,233.5379917,50.57973084,7029.130537,30.00902691,228.4558178,223.1316356,26.1368944,27.34693581,2857.39178,484.7425879,534.1122773,9.438322979,64.1321946,565.5733539,627.2854657,16.94057971,878.7320702,97.04532089,329.6152794,11.85840579,5326.844285,38.23730848,2.904099378,401.491739,188.7664596,77.68465837,184.8943271,5470.597204,25.89488612,158.2734161,489.098737
1992,33.25128161,755.9284164,0,155.0131689,240.4139426,71.04770243,7682.002923,36.83954941,225.5824357,262.4219851,27.03161742,27.27083528,2825.880501,518.624306,539.1970414,13.15698193,72.72222741,590.389662,655.4569181,19.13742826,954.7184525,104.0597662,347.344323,18.89821041,5475.457444,44.01608501,3.5882678,422.4587289,172.4760722,85.16155578,188.0252327,5460.38672,44.97295642,169.3662401,489.20051
1993,44.43758391,1007.329863,0,159.039774,264.7544473,101.972561,7853.524368,56.59944897,229.2043801,310.8292053,22.92043801,41.63099966,2786.002629,510.0966868,592.8909221,26.89643236,65.72084778,668.4348147,697.6700673,22.21879195,985.1110706,104.0774991,321.8216603,19.64608973,5672.340644,52.15569058,5.145404452,453.0294738,165.5884706,103.3758531,188.2750265,5248.078659,71.56789829,173.0726952,496.7654117
1994,59.77613609,1297.050892,0,184.8040849,263.5169358,115.2173615,7730.286424,77.80023819,231.1191827,355.0063655,35.82005102,34.45113187,2741.260592,530.6843227,536.8444588,31.71329357,78.02839138,704.9933607,706.3622799,27.37838294,1037.868867,99.47479135,313.7106379,29.65991485,5834.561558,65.47996587,5.475676588,472.0489525,163.8139913,105.4067743,219.0270635,5306.38692,79.85361691,164.726604,563.0820758
1995,53.42760337,1537.824517,0,213.4877985,292.5161285,137.1308487,7152.175171,79.02832999,224.8411642,379.3359839,31.16610197,32.27917704,2886.203657,577.6859615,591.0428623,36.73147732,80.58663509,779.3751642,700.7920642,25.82334163,1087.029114,97.28276114,316.1133199,34.06009715,6015.94814,70.56895945,7.12368045,513.1276074,145.5902192,140.4700739,223.7280891,5316.936995,98.61845122,177.8693962,604.1771481
1996,74.33501768,1766.819115,0,204.0398139,287.7484555,166.5453182,7295.731295,83.70864161,233.250642,344.8621641,32.91667938,31.82672311,2920.646824,585.7425,592.5002289,41.63632955,88.94043171,830.110696,725.6928852,36.84052196,1109.793475,97.87807313,320.2291524,54.49781355,6055.143068,72.37309639,6.539737626,513.5873949,158.4796418,125.3449712,233.6866245,5135.873949,114.2274172,180.932741,731.3606578
1997,83.17428076,1971.449334,0.218879686,229.8236705,297.4574936,169.4128771,7767.383425,98.05809942,235.2956627,333.1348824,38.52282477,33.70747168,3015.943196,664.2998477,604.764573,53.40664344,103.5300916,835.0260029,733.4658285,40.71162164,1186.546779,98.05809942,334.0104012,65.22614649,6338.755713,89.95955103,7.223029645,560.113117,140.0829992,154.0912991,255.8703532,5314.179902,119.946068,183.8589364,715.0799349
1998,76.88645661,2079.936637,0,233.3977916,299.3305612,181.7890741,7596.171265,111.643348,228.3422437,375.5850743,35.81013048,39.39114352,3087.886486,720.8368617,636.1564355,54.13649137,120.7012045,848.7000923,732.63314,52.45130875,1224.285167,103.2174349,324.8189482,66.56471312,6367.251846,95.84476098,6.31943479,569.5917224,145.1363523,155.247448,277.0018916,5297.582184,124.7035132,179.471948,775.1840009
1999,93.33570891,2092.056139,0,305.9224645,288.7130605,189.3034443,8271.446967,112.1648215,245.7907822,456.5553657,41.70749682,29.76214579,3010.835851,711.0520817,643.2267835,50.21096705,130.589007,883.7535127,773.4108634,49.60357632,1353.873938,95.56280825,358.5629945,109.1278679,6517.302537,123.5027818,6.883761611,615.0843463,158.5289806,158.3265171,306.1249281,5278.630374,130.9939342,174.7260668,914.73044
2000,101.3930275,2144.650297,0.375529732,303.615788,257.9889256,188.7036901,8121.581506,107.4015032,238.8369093,506.589608,55.76616515,24.22166769,2943.214272,744.8632227,677.6434007,50.13321917,139.1337656,898.0793532,738.2914524,65.52993817,1348.902796,97.26220049,374.966437,124.3003412,6454.792792,138.1949412,10.70259735,655.2993817,157.5347224,162.6043738,308.1221448,5272.812962,129.1822277,186.8260415,1122.833898
2001,122.9030691,2209.698568,0.913098582,310.6361375,270.4597999,201.4295471,9003.334636,119.4332945,220.9698568,515.9006987,44.74183051,29.76701377,3029.113235,800.7874562,643.186641,57.89045008,166.9144207,985.05075,748.0103582,81.26577378,1371.29145,89.84890045,341.1336302,139.8867027,6642.426943,171.1146742,14.79219702,656.1526409,159.6096321,158.5139138,303.1487291,5401.89121,140.0693224,188.4635473,1255.875789
2002,118.1449823,2329.11867,8.312596059,320.3002439,221.7871374,193.6658018,9046.226877,105.4107926,233.6370084,483.7223451,59.24935489,30.24370056,3008.275455,827.1917398,693.4827478,58.01130867,159.3542351,1087.535174,807.2061365,112.3084787,1389.795316,96.39074154,327.5516575,159.5310988,6724.359621,223.9095024,17.15578336,692.9521566,178.4555197,159.3542351,294.8318645,5391.514431,130.3485808,167.1362399,1280.493521
2003,119.5850349,2530.459704,19.34216457,364.9782359,218.650556,213.4365812,9631.725187,108.6525071,252.4572959,451.4293019,65.93155228,28.92915049,2983.066355,852.9053613,682.0215421,57.35372278,147.8414144,1141.18771,792.692362,139.5999704,1470.509086,90.15130618,365.3146213,166.0062299,6863.77734,281.5546391,20.18312825,693.2904554,173.0703247,144.309367,309.3064404,5410.423913,148.8505708,159.7830986,1360.006459
2004,130.5189182,2651.175296,35.16976838,518.1679208,209.6118195,251.8155416,9715.609437,115.2005302,248.0640996,453.9244772,67.68226537,16.88148882,2909.555861,828.7560531,739.6593065,81.75017272,160.686764,1213.435164,806.2474013,159.1236632,1457.278892,89.87829697,371.8616843,176.7867024,7046.614793,346.8520713,28.60474495,735.4389343,177.880873,153.9654305,315.2774348,5422.240424,186.3216174,155.9974615,1535.902863
2005,123.9307758,2797.009099,61.25150095,618.0833277,188.3233794,245.5771134,9728.851456,125.9296593,256.7137499,436.7560406,74.81535314,20.41716698,2858.117823,857.3782359,736.7313401,73.10202444,150.7729254,1297.560934,816.2583471,196.0333585,1464.467704,98.80195491,397.6350353,153.914028,6911.853522,378.21731,35.2660157,754.0074044,168.7628767,135.6385219,322.8196821,5428.824756,184.4683898,144.9190524,1709.188153
2006,126.8049031,2849.57685,94.80366574,705.3606073,169.8732351,243.4760811,10029.98783,130.2717038,260.2767307,420.9496101,75.86960029,21.20081977,2848.243465,844.9660054,745.095477,77.33632367,149.7391232,1393.920565,797.7641802,235.0757563,1511.258435,99.73718984,495.4858255,165.8730804,7029.738483,372.681077,42.93499349,746.5622004,185.8738538,123.0714254,320.4123893,5329.139393,173.7400513,139.7387366,1720.066509
2007,127.7562944,2795.383993,137.9259497,810.5215253,172.3756569,253.8600198,10478.93992,136.9089841,264.0296751,405.7692454,73.47575936,17.79689673,2848.774684,879.1666984,771.3683525,79.70467321,151.1465015,1510.702291,800.0976287,279.9197614,1487.312084,110.0865183,441.744401,175.8079156,7081.258088,386.8282625,51.99236259,785.6058699,170.0874845,122.4172254,336.2342275,5394.747882,174.0282259,124.7053978,1877.191243
2008,117.9110041,2779.450274,210.7345605,906.2541812,163.307338,259.2369593,10678.53183,137.383642,269.8692586,393.3950723,86.73089053,14.93300457,2819.590191,841.9825296,790.6129939,75.74019917,154.9448554,1583.734732,824.5407802,322.3139706,1444.678594,106.5619206,424.3362578,188.9921058,7031.294799,388.7359749,59.61255424,781.294799,170.4751802,114.446547,346.56517,5240.170499,178.4792706,118.7472523,1830.905824
2009,119.0818052,2783.209579,292.2917037,1013.163952,150.4191224,263.2334642,10866.64205,146.4307366,294.4568274,379.3524685,87.51658029,17.43494373,2801.784062,756.6537671,812.7190763,73.04443746,160.1052022,1633.87074,836.1935757,366.2477722,1506.242394,119.9934363,637.0021925,197.0262595,7016.368335,393.8246113,67.80255895,840.4098693,164.7773113,114.8655116,351.20586,5210.313282,166.9424351,122.15856,1835.683062
2010,97.66143329,2800.229292,413.7872467,1107.289577,154.3475261,248.187425,10785.74992,149.252147,337.8873284,362.8334554,86.72759891,11.78306423,2748.638578,745.1991975,817.5960426,66.3460824,153.0736813,1786.991922,833.7314098,447.7564409,1501.332229,126.4290946,720.1469168,202.8597815,7170.047663,403.8087959,75.6876108,822.1606531,166.4490515,103.9245035,368.141142,5147.182149,141.0783096,123.8814051,1887.307198
2011,96.23610971,2793.689185,510.1885816,1194.523362,155.5261773,252.2522876,10821.95634,152.1941735,365.4424166,347.9003966,94.66810792,15.58201776,2764.877152,773.9068823,842.8009608,69.3840791,163.2681861,1828.290084,835.1569521,509.1105804,1506.653718,139.1601586,678.3567733,228.04626,7154.008156,398.7624546,111.6221272,806.4429193,170.5201944,92.70810569,384.2584381,5032.403737,135.926155,121.2261382,1936.776208
2012,92.87820565,2755.968021,625.9183424,1309.10546,155.8371474,251.7439902,11046.99986,177.7718225,391.3366293,358.3887283,104.350316,17.98826908,2766.522363,785.5183421,866.2819992,60.20563528,156.1124781,1914.19045,845.0815392,557.177457,1434.289128,166.2079352,598.8441619,224.3027022,7017.260478,396.8432423,136.4722251,806.0763639,185.4810807,88.47291527,387.2984465,4976.968591,126.9274293,114.8128807,1897.487057
2013,88.80330373,2717.763792,747.0436589,1394.759822,152.6442684,266.7578183,11477.37038,186.8261473,396.0923067,339.7313461,108.8079657,14.96000807,2768.993122,767.2222744,931.0865489,58.01351967,159.6024117,2012.642946,840.1088254,629.7989444,1439.378916,179.1721897,566.0449566,239.0991988,6886.30046,421.8374369,167.2563693,829.2367265,208.7442987,82.10609081,413.7485953,4868.786813,120.5498325,113.7656428,1906.357308
2014,78.73153459,2638.377516,839.6647646,1423.057969,139.626104,273.6107493,11749.58228,189.7355317,392.745084,325.960168,118.3876711,12.19550641,2742.495615,799.2619645,987.3382436,52.84719445,153.1490125,1975.755001,858.4972813,701.3660626,1467.608901,239.1812584,517.0231018,235.4479401,6680.81456,442.356736,200.5206735,833.6084927,228.3131541,79.81004877,419.9568262,4704.47882,122.867653,113.6588013,1892.128672
2015,78.73063942,2499.101357,948.9825457,1481.010806,136.3073899,291.7009953,11909.16234,203.4272481,393.6531971,297.5859118,121.7541505,12.80366964,2691.315454,788.8173863,1028.508444,51.53278217,150.9401552,2034.033903,865.7984559,745.7143493,1467.252826,275.8753416,462.6816769,238.4186434,6579.336627,458.7849079,261.2425763,813.7089925,240.5658427,79.20779481,417.5109666,4567.569975,126.1280749,112.2110426,1853.351062
2016,73.41195081,2372.070139,945.4026836,1416.002093,127.050163,309.2176762,11577.52395,219.3016601,388.0790825,274.7304077,140.0510069,12.92299452,2721.847334,821.3886458,1081.639072,54.10530839,130.6312338,2050.163017,880.0870667,786.5899799,1426.433907,305.8701535,426.614518,264.3764422,6475.821544,458.0656613,304.7802624,818.2746712,233.0031482,71.4657167,423.1891459,4408.22027,129.3077946,99.80288541,1852.970576
2017,76.43529131,2331.1229,1045.076101,1432.317547,125.0131421,366.5210354,11626.06873,235.521997,396.6040015,254.4005931,143.8917382,11.58808131,2762.64463,850.2275024,1147.757246,58.55434465,132.2269146,2070.736411,903.0261776,820.8352167,1411.443652,319.8617411,423.1568236,260.2330049,6481.574567,478.4879933,404.8921656,749.4649146,247.1100783,68.53083849,421.2382671,4334.24938,164.9191175,106.8252264,1843.963032
2018,69.92591272,2324.423539,1160.428324,1554.272466,121.1256511,500.4793009,11737.14991,254.2895572,378.9820987,241.9540614,141.0407889,9.58601779,2818.0663,894.9922346,1167.785035,82.8558902,135.913384,2001.545652,926.6483864,834.8752703,1402.159455,328.1539113,422.3049543,273.0900417,6491.96335,492.1565568,617.2206493,736.2656144,255.4785206,59.67110299,418.4408231,4246.680191,281.487096,103.142579,1833.233015
2019,64.23897751,2345.538976,1258.729048,1609.949446,114.068549,666.1688442,11708.03278,262.6344937,364.7780171,211.3852763,141.5386974,11.286185,2922.412092,936.2564789,1215.997706,124.2899996,127.6971498,1974.230587,928.3064618,841.2111851,1407.082046,335.6042936,427.0294903,287.7622263,6432.557591,529.3859606,895.2996944,731.8274676,273.7077318,60.54789814,429.0169946,4172.410317,431.7853041,105.1957621,1854.980331
2020,61.95946977,2431.370812,1216.97751,1410.485487,105.8910104,750.220273,12716.21209,271.0342248,351.0216237,146.4384688,136.7784521,9.475430332,2765.348967,860.8489986,1278.137106,167.8504802,108.7828625,1837.002909,933.0222439,822.8242197,1640.233908,331.9477055,476.9710126,273.2492604,5810.530772,493.8914239,1113.424593,700.9357295,259.0361149,56.66799569,420.7337183,3809.738281,514.0113311,99.06131711,1702.624079
2021,53.6475793,2368.475063,1016.909535,892.6820369,88.4244373,865.4876742,10586.75971,273.1408634,334.3709379,91.16097694,133.6913639,8.950765091,2416.649563,737.5544457,1371.747509,196.6317758,97.31819115,1716.893571,965.4853937,851.0638298,2321.554811,328.2137237,473.9914711,265.9574468,5073.544503,411.3361155,1379.101959,603.4640031,253.072906,53.02045563,412.4193291,3191.660395,573.0199995,101.1379444,1570.374678
